Date-time CET-CEST (DD/MM/YYYY HH:mm),hour_sin,hour_cos,Rainfall depth (mm),Air temperature (Â°C),Air humidity (%),Windspeed (km/h),DMA J (L/s)
2023-07-01 00:00:00,0.0,1.0,0.0,26.6,74.0,3.0,26.510267319828273
2023-07-01 01:00:00,0.2588190451025207,0.9659258262890684,0.0,26.2,70.0,5.0,24.82311400085688
2023-07-01 02:00:00,0.4999999999999999,0.8660254037844387,0.0,25.9,69.0,5.0,23.966195582300426
2023-07-01 03:00:00,0.7071067811865476,0.7071067811865476,0.0,25.7,67.0,6.0,23.771197519004346
2023-07-01 04:00:00,0.8660254037844386,0.5000000000000001,0.0,25.3,69.0,5.0,24.438379027694467
2023-07-01 05:00:00,0.9659258262890684,0.2588190451025207,0.0,25.1,66.0,5.0,26.118330365121366
2023-07-01 06:00:00,1.0,6.123233995736766e-17,0.0,25.3,63.0,5.0,28.843127709627154
2023-07-01 07:00:00,0.9659258262890684,-0.2588190451025206,0.0,26.5,52.0,5.0,31.920190211236477
2023-07-01 08:00:00,0.8660254037844387,-0.4999999999999998,0.0,26.8,57.0,4.0,34.26168503552675
2023-07-01 09:00:00,0.7071067811865476,-0.7071067811865475,0.0,26.9,64.0,5.0,34.91196042209864
2023-07-01 10:00:00,0.4999999999999999,-0.8660254037844387,0.0,28.0,61.0,7.0,34.38514253288508
2023-07-01 11:00:00,0.258819045102521,-0.9659258262890682,0.0,27.5,70.0,13.0,33.65779182225466
2023-07-01 12:00:00,1.2246467991473532e-16,-1.0,0.0,27.9,61.0,16.0,33.0602709504962
2023-07-01 13:00:00,-0.2588190451025208,-0.9659258262890684,0.0,27.6,71.0,15.0,32.7837660497427
2023-07-01 14:00:00,-0.4999999999999997,-0.8660254037844388,0.0,27.6,81.0,20.0,32.417181658744816
2023-07-01 15:00:00,-0.7071067811865471,-0.7071067811865479,0.0,27.6,78.0,26.0,31.934585348367694
2023-07-01 16:00:00,-0.8660254037844385,-0.5000000000000004,0.0,28.3,70.0,24.0,31.44095482558012
2023-07-01 17:00:00,-0.9659258262890684,-0.2588190451025206,0.0,27.4,76.0,23.0,30.84907727122307
2023-07-01 18:00:00,-1.0,-1.8369701987210294e-16,0.0,27.6,76.0,25.0,30.063745313584807
2023-07-01 19:00:00,-0.9659258262890684,0.2588190451025203,0.0,27.7,74.0,20.0,29.163679435253144
2023-07-01 20:00:00,-0.8660254037844386,0.5000000000000001,0.0,27.5,75.0,14.0,28.157278417646886
2023-07-01 21:00:00,-0.7071067811865477,0.7071067811865474,0.0,27.6,73.0,5.0,27.021581531614068
2023-07-01 22:00:00,-0.5000000000000004,0.8660254037844384,0.0,27.3,75.0,4.0,25.812160537689927
2023-07-01 23:00:00,-0.2588190451025215,0.965925826289068,0.0,26.9,70.0,5.0,24.584221801757813
2023-07-02 00:00:00,0.0,1.0,0.0,26.9,74.0,4.0,23.494484325647356
2023-07-02 01:00:00,0.2588190451025207,0.9659258262890684,0.0,26.8,69.0,4.0,22.50764957383275
2023-07-02 02:00:00,0.4999999999999999,0.8660254037844387,0.0,27.0,64.0,5.0,21.937273817807437
2023-07-02 03:00:00,0.7071067811865476,0.7071067811865476,0.0,27.2,61.0,5.0,21.912840036302807
2023-07-02 04:00:00,0.8660254037844386,0.5000000000000001,0.0,27.1,57.0,12.0,22.676118573248388
2023-07-02 05:00:00,0.9659258262890684,0.2588190451025207,0.0,27.1,56.0,29.0,24.543780380636456
2023-07-02 06:00:00,1.0,6.123233995736766e-17,0.0,26.6,55.0,35.0,27.368757641464473
2023-07-02 07:00:00,0.9659258262890684,-0.2588190451025206,0.0,26.6,52.0,40.0,30.447914542853834
2023-07-02 08:00:00,0.8660254037844387,-0.4999999999999998,0.0,27.2,48.0,36.0,32.615483278036116
2023-07-02 09:00:00,0.7071067811865476,-0.7071067811865475,0.0,27.8,50.0,32.0,33.211014778912066
2023-07-02 10:00:00,0.4999999999999999,-0.8660254037844387,0.0,28.6,49.0,29.0,32.6900643864274
2023-07-02 11:00:00,0.258819045102521,-0.9659258262890682,0.0,29.6,44.0,26.0,31.99580572187901
2023-07-02 12:00:00,1.2246467991473532e-16,-1.0,0.0,30.6,43.0,20.0,31.539201857149603
2023-07-02 13:00:00,-0.2588190451025208,-0.9659258262890684,0.0,31.0,41.0,23.0,31.2454245570302
2023-07-02 14:00:00,-0.4999999999999997,-0.8660254037844388,0.0,31.3,41.0,18.0,31.069194892942907
2023-07-02 15:00:00,-0.7071067811865471,-0.7071067811865479,0.0,32.0,39.0,16.0,30.857264229655268
2023-07-02 16:00:00,-0.8660254037844385,-0.5000000000000004,0.0,31.0,48.0,10.0,30.573075450062753
2023-07-02 17:00:00,-0.9659258262890684,-0.2588190451025206,0.0,28.4,74.0,19.0,30.132690165340904
2023-07-02 18:00:00,-1.0,-1.8369701987210294e-16,0.0,28.0,76.0,12.0,29.470459136366845
2023-07-02 19:00:00,-0.9659258262890684,0.2588190451025203,0.0,27.9,80.0,10.0,28.75125831514597
2023-07-02 20:00:00,-0.8660254037844386,0.5000000000000001,0.0,27.6,80.0,8.0,27.870559235960247
2023-07-02 21:00:00,-0.7071067811865477,0.7071067811865474,0.0,27.3,82.0,8.0,26.850819548368456
2023-07-02 22:00:00,-0.5000000000000004,0.8660254037844384,0.0,29.1,50.0,16.0,25.695814997106794
2023-07-02 23:00:00,-0.2588190451025215,0.965925826289068,0.0,28.4,48.0,24.0,24.705355424433947
2023-07-03 00:00:00,0.0,1.0,0.0,27.7,49.0,22.0,23.617094531059266
2023-07-03 01:00:00,0.2588190451025207,0.9659258262890684,0.0,27.5,47.0,31.0,22.635593305528165
2023-07-03 02:00:00,0.4999999999999999,0.8660254037844387,0.0,26.8,46.0,31.0,22.041711376160386
2023-07-03 03:00:00,0.7071067811865476,0.7071067811865476,0.0,26.4,48.0,28.0,22.04910576358438
2023-07-03 04:00:00,0.8660254037844386,0.5000000000000001,0.0,25.8,49.0,23.0,22.878729025125505
2023-07-03 05:00:00,0.9659258262890684,0.2588190451025207,0.0,25.7,49.0,17.0,24.813892640173435
2023-07-03 06:00:00,1.0,6.123233995736766e-17,0.0,25.9,48.0,15.0,27.712585182935
2023-07-03 07:00:00,0.9659258262890684,-0.2588190451025206,0.0,26.6,46.0,10.0,30.773828920423988
2023-07-03 08:00:00,0.8660254037844387,-0.4999999999999998,0.0,27.5,46.0,4.0,32.85163589984179
2023-07-03 09:00:00,0.7071067811865476,-0.7071067811865475,0.0,28.8,41.0,7.0,33.31422729432583
2023-07-03 10:00:00,0.4999999999999999,-0.8660254037844387,0.0,30.3,37.0,8.0,32.7488205525279
2023-07-03 11:00:00,0.258819045102521,-0.9659258262890682,0.0,27.5,64.0,11.0,31.978448593318465
2023-07-03 12:00:00,1.2246467991473532e-16,-1.0,0.0,27.2,67.0,12.0,31.33456496536732
2023-07-03 13:00:00,-0.2588190451025208,-0.9659258262890684,0.0,27.7,65.0,12.0,31.075030616223813
2023-07-03 14:00:00,-0.4999999999999997,-0.8660254037844388,0.0,28.3,64.0,6.0,30.959385856688023
2023-07-03 15:00:00,-0.7071067811865471,-0.7071067811865479,0.0,28.4,66.0,6.0,30.76618034541607
2023-07-03 16:00:00,-0.8660254037844385,-0.5000000000000004,0.0,28.4,63.0,9.0,30.424075630903246
2023-07-03 17:00:00,-0.9659258262890684,-0.2588190451025206,0.0,28.7,63.0,5.0,29.985729142427445
2023-07-03 18:00:00,-1.0,-1.8369701987210294e-16,0.0,28.7,63.0,4.0,29.380070737600327
2023-07-03 19:00:00,-0.9659258262890684,0.2588190451025203,0.0,29.0,54.0,6.0,28.630270320773125
2023-07-03 20:00:00,-0.8660254037844386,0.5000000000000001,0.0,28.9,53.0,4.0,27.808164127469066
2023-07-03 21:00:00,-0.7071067811865477,0.7071067811865474,0.0,28.7,51.0,5.0,26.77828164920211
2023-07-03 22:00:00,-0.5000000000000004,0.8660254037844384,0.0,29.4,48.0,4.0,25.61843782529235
2023-07-03 23:00:00,-0.2588190451025215,0.965925826289068,0.0,30.2,36.0,5.0,24.35904249325395
2023-07-04 00:00:00,0.0,1.0,0.0,29.3,36.0,16.0,23.181076330244544
2023-07-04 01:00:00,0.2588190451025207,0.9659258262890684,0.0,29.5,35.0,18.0,22.182901105284692
2023-07-04 02:00:00,0.4999999999999999,0.8660254037844387,0.0,29.3,38.0,18.0,21.496207169145347
2023-07-04 03:00:00,0.7071067811865476,0.7071067811865476,0.0,28.7,40.0,15.0,21.418719672858717
2023-07-04 04:00:00,0.8660254037844386,0.5000000000000001,0.0,28.7,42.0,15.0,22.333907947242263
2023-07-04 05:00:00,0.9659258262890684,0.2588190451025207,0.0,28.3,44.0,11.0,24.431073782444003
2023-07-04 06:00:00,1.0,6.123233995736766e-17,0.0,28.0,45.0,15.0,27.54098208591342
2023-07-04 07:00:00,0.9659258262890684,-0.2588190451025206,0.0,29.4,41.0,8.0,30.728408776521686
2023-07-04 08:00:00,0.8660254037844387,-0.4999999999999998,0.0,30.7,37.0,13.0,32.58194993406534
2023-07-04 09:00:00,0.7071067811865476,-0.7071067811865475,0.0,32.0,31.0,17.0,32.727869493961336
2023-07-04 10:00:00,0.4999999999999999,-0.8660254037844387,0.0,33.8,27.0,15.0,31.946828716993334
2023-07-04 11:00:00,0.258819045102521,-0.9659258262890682,0.0,28.3,68.0,12.0,31.14183958619833
2023-07-04 12:00:00,1.2246467991473532e-16,-1.0,0.0,28.3,69.0,13.0,30.557273455262187
2023-07-04 13:00:00,-0.2588190451025208,-0.9659258262890684,0.0,29.7,53.0,4.0,30.40958870381117
2023-07-04 14:00:00,-0.4999999999999997,-0.8660254037844388,0.0,28.9,63.0,5.0,30.513037754893304
2023-07-04 15:00:00,-0.7071067811865471,-0.7071067811865479,0.0,29.6,55.0,5.0,30.363596637845042
2023-07-04 16:00:00,-0.8660254037844385,-0.5000000000000004,0.0,29.8,45.0,5.0,30.145057097375396
2023-07-04 17:00:00,-0.9659258262890684,-0.2588190451025206,0.0,30.2,44.0,5.0,29.852361859679224
2023-07-04 18:00:00,-1.0,-1.8369701987210294e-16,0.0,30.0,49.0,7.0,29.346168468594552
2023-07-04 19:00:00,-0.9659258262890684,0.2588190451025203,0.0,29.5,56.0,9.0,28.62247346967459
2023-07-04 20:00:00,-0.8660254037844386,0.5000000000000001,0.0,29.2,57.0,8.0,27.736812437027695
2023-07-04 21:00:00,-0.7071067811865477,0.7071067811865474,0.0,30.3,45.0,4.0,26.723469803631307
2023-07-04 22:00:00,-0.5000000000000004,0.8660254037844384,0.0,29.2,54.0,6.0,25.60991195008159
2023-07-04 23:00:00,-0.2588190451025215,0.965925826289068,0.0,28.4,70.0,7.0,24.359989518523218
2023-07-05 00:00:00,0.0,1.0,0.0,28.2,56.0,20.0,23.077007696926596
2023-07-05 01:00:00,0.2588190451025207,0.9659258262890684,0.0,28.3,52.0,12.0,22.26528789073229
2023-07-05 02:00:00,0.4999999999999999,0.8660254037844387,0.0,28.4,49.0,5.0,21.713751141577962
2023-07-05 03:00:00,0.7071067811865476,0.7071067811865476,0.0,28.0,50.0,7.0,21.702809601724148
2023-07-05 04:00:00,0.8660254037844386,0.5000000000000001,0.0,27.4,54.0,8.0,22.574631532579662
2023-07-05 05:00:00,0.9659258262890684,0.2588190451025207,0.0,26.8,56.0,19.0,24.551000014096502
2023-07-05 06:00:00,1.0,6.123233995736766e-17,0.0,26.3,57.0,15.0,27.52269117102027
2023-07-05 07:00:00,0.9659258262890684,-0.2588190451025206,0.0,26.5,58.0,13.0,30.64530179291964
2023-07-05 08:00:00,0.8660254037844387,-0.4999999999999998,0.0,27.2,54.0,14.0,32.688719310462474
2023-07-05 09:00:00,0.7071067811865476,-0.7071067811865475,0.0,28.4,53.0,14.0,33.17014176845551
2023-07-05 10:00:00,0.4999999999999999,-0.8660254037844387,0.0,29.1,49.0,18.0,32.54938038468361
2023-07-05 11:00:00,0.258819045102521,-0.9659258262890682,0.0,30.6,39.0,14.0,31.87109140813351
2023-07-05 12:00:00,1.2246467991473532e-16,-1.0,0.0,30.0,44.0,6.0,31.494726090729237
2023-07-05 13:00:00,-0.2588190451025208,-0.9659258262890684,0.0,31.4,38.0,14.0,31.27213720083237
2023-07-05 14:00:00,-0.4999999999999997,-0.8660254037844388,0.0,32.4,31.0,15.0,31.14979530453682
2023-07-05 15:00:00,-0.7071067811865471,-0.7071067811865479,0.0,28.9,63.0,14.0,31.002472417354586
2023-07-05 16:00:00,-0.8660254037844385,-0.5000000000000004,0.0,28.8,68.0,17.0,30.550676934421062
2023-07-05 17:00:00,-0.9659258262890684,-0.2588190451025206,0.0,30.2,48.0,32.0,30.06226961344481
2023-07-05 18:00:00,-1.0,-1.8369701987210294e-16,0.0,28.7,54.0,30.0,29.669726315438748
2023-07-05 19:00:00,-0.9659258262890684,0.2588190451025203,0.0,29.7,46.0,27.0,28.994740012288094
2023-07-05 20:00:00,-0.8660254037844386,0.5000000000000001,0.0,29.3,51.0,22.0,28.14147200986743
2023-07-05 21:00:00,-0.7071067811865477,0.7071067811865474,0.0,29.0,53.0,15.0,27.063436871171
2023-07-05 22:00:00,-0.5000000000000004,0.8660254037844384,0.0,28.2,56.0,22.0,25.856761632710697
2023-07-05 23:00:00,-0.2588190451025215,0.965925826289068,0.0,26.9,59.0,33.0,24.651036067306997
2023-07-06 00:00:00,0.0,1.0,0.0,26.9,60.0,35.0,23.595939592868092
2023-07-06 01:00:00,0.2588190451025207,0.9659258262890684,0.0,27.4,54.0,34.0,22.716687970757487
2023-07-06 02:00:00,0.4999999999999999,0.8660254037844387,0.0,27.4,52.0,36.0,22.196137394160033
2023-07-06 03:00:00,0.7071067811865476,0.7071067811865476,0.0,26.7,53.0,22.0,22.236319332122804
2023-07-06 04:00:00,0.8660254037844386,0.5000000000000001,0.0,26.1,57.0,14.0,23.030306023955347
2023-07-06 05:00:00,0.9659258262890684,0.2588190451025207,0.0,25.6,62.0,15.0,24.81851655945182
2023-07-06 06:00:00,1.0,6.123233995736766e-17,0.0,25.5,56.0,10.0,27.519674458652737
2023-07-06 07:00:00,0.9659258262890684,-0.2588190451025206,0.0,26.4,47.0,15.0,30.59665664404631
2023-07-06 08:00:00,0.8660254037844387,-0.4999999999999998,0.0,27.1,47.0,11.0,32.85972753793001
2023-07-06 09:00:00,0.7071067811865476,-0.7071067811865475,0.0,27.9,42.0,14.0,33.43332300335169
2023-07-06 10:00:00,0.4999999999999999,-0.8660254037844387,0.0,28.7,36.0,20.0,32.948642001748084
2023-07-06 11:00:00,0.258819045102521,-0.9659258262890682,0.0,29.5,29.0,19.0,32.27030889540911
2023-07-06 12:00:00,1.2246467991473532e-16,-1.0,0.0,29.3,36.0,15.0,31.82961823254824
2023-07-06 13:00:00,-0.2588190451025208,-0.9659258262890684,0.0,28.4,49.0,15.0,31.523835864663127
2023-07-06 14:00:00,-0.4999999999999997,-0.8660254037844388,0.0,28.7,49.0,22.0,31.262967030704022
2023-07-06 15:00:00,-0.7071067811865471,-0.7071067811865479,0.0,28.6,55.0,23.0,31.045922607481483
2023-07-06 16:00:00,-0.8660254037844385,-0.5000000000000004,0.0,28.8,58.0,22.0,30.684349595308305
2023-07-06 17:00:00,-0.9659258262890684,-0.2588190451025206,0.0,29.1,54.0,21.0,30.185391724407676
2023-07-06 18:00:00,-1.0,-1.8369701987210294e-16,0.0,28.0,63.0,26.0,29.614451107084754
2023-07-06 19:00:00,-0.9659258262890684,0.2588190451025203,0.0,28.3,49.0,24.0,28.852532650232316
2023-07-06 20:00:00,-0.8660254037844386,0.5000000000000001,0.0,27.8,57.0,8.0,28.043351189494135
2023-07-06 21:00:00,-0.7071067811865477,0.7071067811865474,0.0,27.5,54.0,7.0,26.923931134790184
2023-07-06 22:00:00,-0.5000000000000004,0.8660254037844384,0.0,27.4,46.0,8.0,25.77202714249492
2023-07-06 23:00:00,-0.2588190451025215,0.965925826289068,0.0,27.4,39.0,6.0,24.611036826670173
2023-07-07 00:00:00,0.0,1.0,0.0,27.3,41.0,7.0,23.46589263543487
2023-07-07 01:00:00,0.2588190451025207,0.9659258262890684,0.0,27.3,40.0,8.0,22.413838468641046
2023-07-07 02:00:00,0.4999999999999999,0.8660254037844387,0.0,26.6,41.0,11.0,21.713504897356035
2023-07-07 03:00:00,0.7071067811865476,0.7071067811865476,0.0,25.2,46.0,16.0,21.660720374286175
2023-07-07 04:00:00,0.8660254037844386,0.5000000000000001,0.0,24.8,49.0,22.0,22.583870545178655
2023-07-07 05:00:00,0.9659258262890684,0.2588190451025207,0.0,25.4,48.0,38.0,24.678645428419117
2023-07-07 06:00:00,1.0,6.123233995736766e-17,2.6,21.2,69.0,36.0,27.729311255514624
2023-07-07 07:00:00,0.9659258262890684,-0.2588190451025206,0.1,21.1,65.0,32.0,30.90281146734953
2023-07-07 08:00:00,0.8660254037844387,-0.4999999999999998,0.4,21.4,67.0,26.0,33.06757354795933
2023-07-07 09:00:00,0.7071067811865476,-0.7071067811865475,0.0,22.3,63.0,23.0,33.65269924461842
2023-07-07 10:00:00,0.4999999999999999,-0.8660254037844387,0.0,24.9,56.0,20.0,33.272890038490296
2023-07-07 11:00:00,0.258819045102521,-0.9659258262890682,0.0,27.2,42.0,14.0,32.627924348115926
2023-07-07 12:00:00,1.2246467991473532e-16,-1.0,0.0,27.2,44.0,6.0,32.20623597234488
2023-07-07 13:00:00,-0.2588190451025208,-0.9659258262890684,0.0,26.7,52.0,11.0,31.89124813050032
2023-07-07 14:00:00,-0.4999999999999997,-0.8660254037844388,0.0,26.5,56.0,14.0,31.586576068103316
2023-07-07 15:00:00,-0.7071067811865471,-0.7071067811865479,0.0,26.5,56.0,9.0,31.23594724357128
2023-07-07 16:00:00,-0.8660254037844385,-0.5000000000000004,0.0,26.5,57.0,12.0,30.83658854097128
2023-07-07 17:00:00,-0.9659258262890684,-0.2588190451025206,0.0,27.2,52.0,14.0,30.33140660464764
2023-07-07 18:00:00,-1.0,-1.8369701987210294e-16,0.0,27.4,49.0,18.0,29.726111829280853
2023-07-07 19:00:00,-0.9659258262890684,0.2588190451025203,4.0,20.3,77.0,40.0,28.97157716870308
2023-07-07 20:00:00,-0.8660254037844386,0.5000000000000001,0.3,21.1,66.0,41.0,28.073151153326037
2023-07-07 21:00:00,-0.7071067811865477,0.7071067811865474,0.0,22.3,57.0,40.0,27.005577422380448
2023-07-07 22:00:00,-0.5000000000000004,0.8660254037844384,0.0,21.1,64.0,35.0,25.847688548117876
2023-07-07 23:00:00,-0.2588190451025215,0.965925826289068,0.0,21.0,66.0,42.0,24.610223073363304
2023-07-08 00:00:00,0.0,1.0,0.0,21.2,64.0,40.0,23.48896810203791
2023-07-08 01:00:00,0.2588190451025207,0.9659258262890684,0.0,21.3,62.0,46.0,22.57776474758983
2023-07-08 02:00:00,0.4999999999999999,0.8660254037844387,0.0,20.7,65.0,42.0,22.036505826264623
2023-07-08 03:00:00,0.7071067811865476,0.7071067811865476,0.0,20.9,63.0,42.0,21.96106771737337
2023-07-08 04:00:00,0.8660254037844386,0.5000000000000001,0.0,20.0,68.0,52.0,22.65321168243885
2023-07-08 05:00:00,0.9659258262890684,0.2588190451025207,0.0,20.3,66.0,44.0,24.233691827952864
2023-07-08 06:00:00,1.0,6.123233995736766e-17,0.0,20.4,64.0,44.0,26.544281678497793
2023-07-08 07:00:00,0.9659258262890684,-0.2588190451025206,0.0,21.1,59.0,42.0,29.194625008404255
2023-07-08 08:00:00,0.8660254037844387,-0.4999999999999998,0.0,21.5,58.0,41.0,31.322164494693283
2023-07-08 09:00:00,0.7071067811865476,-0.7071067811865475,0.0,22.8,53.0,36.0,32.232043072879314
2023-07-08 10:00:00,0.4999999999999999,-0.8660254037844387,0.0,24.2,47.0,29.0,32.07938754200936
2023-07-08 11:00:00,0.258819045102521,-0.9659258262890682,0.0,25.2,42.0,28.0,31.503857426643375
2023-07-08 12:00:00,1.2246467991473532e-16,-1.0,0.0,24.3,54.0,28.0,30.979613186717035
2023-07-08 13:00:00,-0.2588190451025208,-0.9659258262890684,0.0,24.5,56.0,21.0,30.526539705097676
2023-07-08 14:00:00,-0.4999999999999997,-0.8660254037844388,0.0,24.7,56.0,18.0,30.235786178112033
2023-07-08 15:00:00,-0.7071067811865471,-0.7071067811865479,0.0,24.7,61.0,18.0,30.015296100974084
2023-07-08 16:00:00,-0.8660254037844385,-0.5000000000000004,0.0,25.3,59.0,18.0,29.689987184107306
2023-07-08 17:00:00,-0.9659258262890684,-0.2588190451025206,0.0,27.8,31.0,23.0,29.286921579241753
2023-07-08 18:00:00,-1.0,-1.8369701987210294e-16,0.0,27.9,30.0,30.0,28.93500946044922
2023-07-08 19:00:00,-0.9659258262890684,0.2588190451025203,0.0,27.9,30.0,30.0,28.299681715965274
2023-07-08 20:00:00,-0.8660254037844386,0.5000000000000001,0.0,27.1,33.0,26.0,27.44274564549327
2023-07-08 21:00:00,-0.7071067811865477,0.7071067811865474,0.0,26.0,37.0,26.0,26.429760463386774
2023-07-08 22:00:00,-0.5000000000000004,0.8660254037844384,0.0,25.0,41.0,28.0,25.320477903783324
2023-07-08 23:00:00,-0.2588190451025215,0.965925826289068,0.0,24.2,44.0,33.0,24.177832341194154
2023-07-09 00:00:00,0.0,1.0,0.0,23.2,46.0,36.0,23.11468659326434
2023-07-09 01:00:00,0.2588190451025207,0.9659258262890684,0.0,22.8,46.0,39.0,22.271099783927205
2023-07-09 02:00:00,0.4999999999999999,0.8660254037844387,0.0,22.5,45.0,46.0,21.780242377072575
2023-07-09 03:00:00,0.7071067811865476,0.7071067811865476,0.0,22.2,43.0,46.0,21.871850523203612
2023-07-09 04:00:00,0.8660254037844386,0.5000000000000001,0.0,21.6,43.0,44.0,22.738642540723088
2023-07-09 05:00:00,0.9659258262890684,0.2588190451025207,0.0,21.2,42.0,45.0,24.54449440062046
2023-07-09 06:00:00,1.0,6.123233995736766e-17,0.0,21.3,38.0,23.0,27.188403607308867
2023-07-09 07:00:00,0.9659258262890684,-0.2588190451025206,0.0,21.7,38.0,14.0,30.025784869194034
2023-07-09 08:00:00,0.8660254037844387,-0.4999999999999998,0.0,22.3,38.0,10.0,32.177964664399624
2023-07-09 09:00:00,0.7071067811865476,-0.7071067811865475,0.0,23.6,33.0,11.0,32.96555606722832
2023-07-09 10:00:00,0.4999999999999999,-0.8660254037844387,0.0,24.5,31.0,13.0,32.61522379487753
2023-07-09 11:00:00,0.258819045102521,-0.9659258262890682,0.0,24.3,40.0,14.0,31.88044339299202
2023-07-09 12:00:00,1.2246467991473532e-16,-1.0,0.0,23.9,46.0,14.0,31.255387298166752
2023-07-09 13:00:00,-0.2588190451025208,-0.9659258262890684,0.0,24.4,44.0,18.0,30.914096336960796
2023-07-09 14:00:00,-0.4999999999999997,-0.8660254037844388,0.0,24.6,47.0,20.0,30.749156838059427
2023-07-09 15:00:00,-0.7071067811865471,-0.7071067811865479,0.0,24.8,51.0,22.0,30.52472332298756
2023-07-09 16:00:00,-0.8660254037844385,-0.5000000000000004,0.0,25.2,51.0,20.0,30.1682870182395
2023-07-09 17:00:00,-0.9659258262890684,-0.2588190451025206,0.0,25.3,53.0,18.0,29.698361252844336
2023-07-09 18:00:00,-1.0,-1.8369701987210294e-16,0.0,25.2,59.0,15.0,29.093181214928627
2023-07-09 19:00:00,-0.9659258262890684,0.2588190451025203,0.0,25.5,59.0,10.0,28.313459918648007
2023-07-09 20:00:00,-0.8660254037844386,0.5000000000000001,0.0,25.5,52.0,7.0,27.4083447098732
2023-07-09 21:00:00,-0.7071067811865477,0.7071067811865474,0.0,25.4,52.0,5.0,26.428666044622663
2023-07-09 22:00:00,-0.5000000000000004,0.8660254037844384,0.0,24.6,53.0,9.0,25.283791927695276
2023-07-09 23:00:00,-0.2588190451025215,0.965925826289068,0.0,24.2,53.0,7.0,24.10364134013653
2023-07-10 00:00:00,0.0,1.0,0.0,23.7,55.0,6.0,22.953192748278383
2023-07-10 01:00:00,0.2588190451025207,0.9659258262890684,0.0,23.3,55.0,6.0,21.967643055915833
2023-07-10 02:00:00,0.4999999999999999,0.8660254037844387,0.0,22.6,56.0,6.0,21.34790901362896
2023-07-10 03:00:00,0.7071067811865476,0.7071067811865476,0.0,22.2,58.0,6.0,21.333262336701157
2023-07-10 04:00:00,0.8660254037844386,0.5000000000000001,0.0,22.4,63.0,5.0,22.177887961268425
2023-07-10 05:00:00,0.9659258262890684,0.2588190451025207,0.0,21.9,63.0,6.0,24.020845912843946
2023-07-10 06:00:00,1.0,6.123233995736766e-17,0.0,22.3,62.0,5.0,26.935808226168156
2023-07-10 07:00:00,0.9659258262890684,-0.2588190451025206,0.0,22.7,60.0,6.0,30.071676319241526
2023-07-10 08:00:00,0.8660254037844387,-0.4999999999999998,0.0,23.9,51.0,5.0,32.286128542125226
2023-07-10 09:00:00,0.7071067811865476,-0.7071067811865475,0.0,24.4,53.0,5.0,32.956032858788966
2023-07-10 10:00:00,0.4999999999999999,-0.8660254037844387,0.0,23.8,62.0,6.0,32.40140261143446
2023-07-10 11:00:00,0.258819045102521,-0.9659258262890682,0.0,24.8,62.0,5.0,31.613188095986846
2023-07-10 12:00:00,1.2246467991473532e-16,-1.0,0.0,24.6,56.0,4.0,31.111743070185184
2023-07-10 13:00:00,-0.2588190451025208,-0.9659258262890684,0.0,24.7,54.0,6.0,30.967212716042997
2023-07-10 14:00:00,-0.4999999999999997,-0.8660254037844388,0.0,25.0,50.0,10.0,30.85802679240704
2023-07-10 15:00:00,-0.7071067811865471,-0.7071067811865479,0.0,25.1,50.0,11.0,30.6834511128068
2023-07-10 16:00:00,-0.8660254037844385,-0.5000000000000004,0.0,25.2,54.0,12.0,30.350156469345094
2023-07-10 17:00:00,-0.9659258262890684,-0.2588190451025206,0.0,25.3,53.0,10.0,29.8396507152915
2023-07-10 18:00:00,-1.0,-1.8369701987210294e-16,0.0,25.2,54.0,8.0,29.231160943210128
2023-07-10 19:00:00,-0.9659258262890684,0.2588190451025203,0.0,25.1,60.0,6.0,28.487620778232813
2023-07-10 20:00:00,-0.8660254037844386,0.5000000000000001,0.0,26.0,44.0,16.0,27.537157798409464
2023-07-10 21:00:00,-0.7071067811865477,0.7071067811865474,0.0,25.4,46.0,13.0,26.580694049894813
2023-07-10 22:00:00,-0.5000000000000004,0.8660254037844384,0.0,24.8,47.0,13.0,25.405005866587164
2023-07-10 23:00:00,-0.2588190451025215,0.965925826289068,0.0,24.6,47.0,10.0,24.17434697046876
2023-07-11 00:00:00,0.0,1.0,0.0,23.8,50.0,13.0,22.98062470763922
2023-07-11 01:00:00,0.2588190451025207,0.9659258262890684,0.0,23.3,51.0,11.0,21.99140076905489
2023-07-11 02:00:00,0.4999999999999999,0.8660254037844387,0.0,22.9,51.0,15.0,21.369982734024525
2023-07-11 03:00:00,0.7071067811865476,0.7071067811865476,0.0,21.6,56.0,12.0,21.38133468091488
2023-07-11 04:00:00,0.8660254037844386,0.5000000000000001,0.0,21.4,55.0,14.0,22.281641507893802
2023-07-11 05:00:00,0.9659258262890684,0.2588190451025207,0.0,21.0,56.0,13.0,24.282374928444625
2023-07-11 06:00:00,1.0,6.123233995736766e-17,0.0,20.2,57.0,24.0,27.222138183116915
2023-07-11 07:00:00,0.9659258262890684,-0.2588190451025206,0.0,20.3,53.0,26.0,30.423856747150424
2023-07-11 08:00:00,0.8660254037844387,-0.4999999999999998,0.0,20.6,53.0,26.0,32.668285453021525
2023-07-11 09:00:00,0.7071067811865476,-0.7071067811865475,0.0,22.2,45.0,27.0,33.28966994941235
2023-07-11 10:00:00,0.4999999999999999,-0.8660254037844387,0.0,23.3,42.0,21.0,32.86226411819458
2023-07-11 11:00:00,0.258819045102521,-0.9659258262890682,0.0,24.1,43.0,19.0,32.19372252941132
2023-07-11 12:00:00,1.2246467991473532e-16,-1.0,0.0,24.7,44.0,8.0,31.68616641044617
2023-07-11 13:00:00,-0.2588190451025208,-0.9659258262890684,0.0,24.6,47.0,11.0,31.36659613132477
2023-07-11 14:00:00,-0.4999999999999997,-0.8660254037844388,0.0,24.7,51.0,14.0,31.134113342761996
2023-07-11 15:00:00,-0.7071067811865471,-0.7071067811865479,0.0,24.6,51.0,17.0,30.832461523115636
2023-07-11 16:00:00,-0.8660254037844385,-0.5000000000000004,0.0,24.3,53.0,21.0,30.465246958732607
2023-07-11 17:00:00,-0.9659258262890684,-0.2588190451025206,0.0,24.5,56.0,20.0,29.972553752660755
2023-07-11 18:00:00,-1.0,-1.8369701987210294e-16,0.0,24.3,56.0,14.0,29.320470809936523
2023-07-11 19:00:00,-0.9659258262890684,0.2588190451025203,0.0,24.5,59.0,11.0,28.552208254635335
2023-07-11 20:00:00,-0.8660254037844386,0.5000000000000001,0.0,24.4,56.0,6.0,27.60018219769001
2023-07-11 21:00:00,-0.7071067811865477,0.7071067811865474,0.0,24.0,58.0,3.0,26.535874953716995
2023-07-11 22:00:00,-0.5000000000000004,0.8660254037844384,0.0,24.0,62.0,4.0,25.342579867243767
2023-07-11 23:00:00,-0.2588190451025215,0.965925826289068,0.0,23.6,66.0,6.0,24.08001513376832
2023-07-12 00:00:00,0.0,1.0,0.0,23.6,48.0,12.0,22.891283950060608
2023-07-12 01:00:00,0.2588190451025207,0.9659258262890684,0.0,23.1,49.0,14.0,22.06030325621367
2023-07-12 02:00:00,0.4999999999999999,0.8660254037844387,0.0,23.0,48.0,10.0,21.44872528150678
2023-07-12 03:00:00,0.7071067811865476,0.7071067811865476,0.0,23.2,47.0,11.0,21.36427145674825
2023-07-12 04:00:00,0.8660254037844386,0.5000000000000001,0.0,22.9,45.0,12.0,22.122599513977768
2023-07-12 05:00:00,0.9659258262890684,0.2588190451025207,0.0,23.0,45.0,9.0,24.03250853344798
2023-07-12 06:00:00,1.0,6.123233995736766e-17,0.0,23.0,43.0,10.0,26.919542868584397
2023-07-12 07:00:00,0.9659258262890684,-0.2588190451025206,0.0,23.4,44.0,13.0,30.120264981985095
2023-07-12 08:00:00,0.8660254037844387,-0.4999999999999998,0.0,24.2,42.0,13.0,32.27168221443892
2023-07-12 09:00:00,0.7071067811865476,-0.7071067811865475,0.0,25.4,37.0,8.0,32.7511912047863
2023-07-12 10:00:00,0.4999999999999999,-0.8660254037844387,0.0,24.3,51.0,10.0,32.14550808727741
2023-07-12 11:00:00,0.258819045102521,-0.9659258262890682,0.0,24.7,49.0,10.0,31.314994286596775
2023-07-12 12:00:00,1.2246467991473532e-16,-1.0,0.0,24.7,49.0,14.0,30.875286835432053
2023-07-12 13:00:00,-0.2588190451025208,-0.9659258262890684,0.0,24.9,54.0,17.0,30.70448690056801
2023-07-12 14:00:00,-0.4999999999999997,-0.8660254037844388,0.0,24.6,58.0,15.0,30.52977000564337
2023-07-12 15:00:00,-0.7071067811865471,-0.7071067811865479,0.0,24.8,63.0,16.0,30.3083231946826
2023-07-12 16:00:00,-0.8660254037844385,-0.5000000000000004,0.0,24.6,66.0,19.0,29.94073264449835
2023-07-12 17:00:00,-0.9659258262890684,-0.2588190451025206,0.0,24.7,68.0,19.0,29.46010805308819
2023-07-12 18:00:00,-1.0,-1.8369701987210294e-16,0.0,24.6,65.0,15.0,28.85002078264952
2023-07-12 19:00:00,-0.9659258262890684,0.2588190451025203,0.0,24.6,63.0,12.0,28.159857362508774
2023-07-12 20:00:00,-0.8660254037844386,0.5000000000000001,0.0,24.5,62.0,5.0,27.318031331747772
2023-07-12 21:00:00,-0.7071067811865477,0.7071067811865474,0.1,23.2,57.0,15.0,26.306337387263778
2023-07-12 22:00:00,-0.5000000000000004,0.8660254037844384,0.4,21.8,68.0,13.0,25.2750586424768
2023-07-12 23:00:00,-0.2588190451025215,0.965925826289068,0.0,22.2,64.0,9.0,24.082947116941217
2023-07-13 00:00:00,0.0,1.0,0.0,21.8,64.0,17.0,22.971845527440312
2023-07-13 01:00:00,0.2588190451025207,0.9659258262890684,0.0,22.7,56.0,15.0,22.072762860804797
2023-07-13 02:00:00,0.4999999999999999,0.8660254037844387,0.0,22.4,51.0,14.0,21.485134122520687
2023-07-13 03:00:00,0.7071067811865476,0.7071067811865476,0.0,21.8,53.0,12.0,21.45312237367034
2023-07-13 04:00:00,0.8660254037844386,0.5000000000000001,0.0,22.0,51.0,6.0,22.183719271570446
2023-07-13 05:00:00,0.9659258262890684,0.2588190451025207,0.0,21.7,51.0,7.0,23.9456549307704
2023-07-13 06:00:00,1.0,6.123233995736766e-17,0.0,21.3,52.0,8.0,26.742592123746874
2023-07-13 07:00:00,0.9659258262890684,-0.2588190451025206,0.0,22.3,48.0,6.0,29.91416298121214
2023-07-13 08:00:00,0.8660254037844387,-0.4999999999999998,0.0,22.6,53.0,4.0,32.1939625954628
2023-07-13 09:00:00,0.7071067811865476,-0.7071067811865475,0.0,23.3,54.0,4.0,32.76118571937084
2023-07-13 10:00:00,0.4999999999999999,-0.8660254037844387,0.0,23.3,56.0,6.0,32.17927090615034
2023-07-13 11:00:00,0.258819045102521,-0.9659258262890682,0.0,23.4,60.0,11.0,31.435620416700843
2023-07-13 12:00:00,1.2246467991473532e-16,-1.0,0.0,24.1,56.0,13.0,30.92405731290579
2023-07-13 13:00:00,-0.2588190451025208,-0.9659258262890684,0.0,25.2,52.0,11.0,30.706350942850115
2023-07-13 14:00:00,-0.4999999999999997,-0.8660254037844388,0.0,25.4,53.0,12.0,30.568402988016608
2023-07-13 15:00:00,-0.7071067811865471,-0.7071067811865479,0.0,25.2,51.0,12.0,30.36419327259064
2023-07-13 16:00:00,-0.8660254037844385,-0.5000000000000004,0.0,25.3,58.0,12.0,30.075362039208414
2023-07-13 17:00:00,-0.9659258262890684,-0.2588190451025206,0.0,25.6,60.0,7.0,29.567752964496613
2023-07-13 18:00:00,-1.0,-1.8369701987210294e-16,0.0,25.4,59.0,4.0,28.950760264694694
2023-07-13 19:00:00,-0.9659258262890684,0.2588190451025203,0.0,25.3,60.0,5.0,28.256381567120552
2023-07-13 20:00:00,-0.8660254037844386,0.5000000000000001,0.0,25.5,60.0,6.0,27.400231006890536
2023-07-13 21:00:00,-0.7071067811865477,0.7071067811865474,0.0,25.3,61.0,5.0,26.37255943104625
2023-07-13 22:00:00,-0.5000000000000004,0.8660254037844384,0.0,24.9,67.0,6.0,25.210461457520726
2023-07-13 23:00:00,-0.2588190451025215,0.965925826289068,0.0,24.9,60.0,6.0,23.968558291196825
2023-07-14 00:00:00,0.0,1.0,0.0,24.5,61.0,5.0,22.86684575557709
2023-07-14 01:00:00,0.2588190451025207,0.9659258262890684,0.0,24.0,63.0,5.0,21.904579822421077
2023-07-14 02:00:00,0.4999999999999999,0.8660254037844387,0.0,24.0,63.0,4.0,21.28305940628052
2023-07-14 03:00:00,0.7071067811865476,0.7071067811865476,0.0,23.4,63.0,4.0,21.231331350356342
2023-07-14 04:00:00,0.8660254037844386,0.5000000000000001,0.0,23.3,66.0,2.0,22.067181325107814
2023-07-14 05:00:00,0.9659258262890684,0.2588190451025207,0.0,23.1,66.0,5.0,23.90741999909282
2023-07-14 06:00:00,1.0,6.123233995736766e-17,0.0,22.8,65.0,4.0,26.76402066662908
2023-07-14 07:00:00,0.9659258262890684,-0.2588190451025206,0.0,23.9,59.0,3.0,29.929733735919
2023-07-14 08:00:00,0.8660254037844387,-0.4999999999999998,0.0,23.5,67.0,2.0,32.16788365542889
2023-07-14 09:00:00,0.7071067811865476,-0.7071067811865475,0.0,24.7,67.0,3.0,32.683727348744874
2023-07-14 10:00:00,0.4999999999999999,-0.8660254037844387,0.0,24.8,69.0,6.0,32.085085580348974
2023-07-14 11:00:00,0.258819045102521,-0.9659258262890682,0.0,24.7,71.0,6.0,31.34096378475428
2023-07-14 12:00:00,1.2246467991473532e-16,-1.0,0.0,25.3,64.0,7.0,30.86987652331591
2023-07-14 13:00:00,-0.2588190451025208,-0.9659258262890684,0.0,26.3,56.0,8.0,30.702250402867797
2023-07-14 14:00:00,-0.4999999999999997,-0.8660254037844388,0.0,26.2,63.0,9.0,30.6161390632391
2023-07-14 15:00:00,-0.7071067811865471,-0.7071067811865479,0.0,26.4,64.0,9.0,30.355051345527173
2023-07-14 16:00:00,-0.8660254037844385,-0.5000000000000004,0.0,26.8,63.0,6.0,30.000641480684283
2023-07-14 17:00:00,-0.9659258262890684,-0.2588190451025206,0.0,26.5,64.0,6.0,29.544833717346194
2023-07-14 18:00:00,-1.0,-1.8369701987210294e-16,0.0,26.9,58.0,7.0,28.97914631009102
2023-07-14 19:00:00,-0.9659258262890684,0.2588190451025203,0.0,26.7,62.0,5.0,28.32610398575664
2023-07-14 20:00:00,-0.8660254037844386,0.5000000000000001,0.0,26.6,65.0,5.0,27.45025388777256
2023-07-14 21:00:00,-0.7071067811865477,0.7071067811865474,0.0,25.8,67.0,3.0,26.405595873594287
2023-07-14 22:00:00,-0.5000000000000004,0.8660254037844384,0.0,25.8,71.0,2.0,25.262717305719853
2023-07-14 23:00:00,-0.2588190451025215,0.965925826289068,0.0,26.0,46.0,5.0,24.037154517620802
2023-07-15 00:00:00,0.0,1.0,0.0,25.5,45.0,5.0,23.08038362577558
2023-07-15 01:00:00,0.2588190451025207,0.9659258262890684,0.0,25.1,46.0,3.0,22.13546776041389
2023-07-15 02:00:00,0.4999999999999999,0.8660254037844387,0.0,24.5,48.0,5.0,21.467784054726366
2023-07-15 03:00:00,0.7071067811865476,0.7071067811865476,0.0,24.2,49.0,4.0,21.392463331073525
2023-07-15 04:00:00,0.8660254037844386,0.5000000000000001,0.0,23.7,50.0,4.0,22.21782718539238
2023-07-15 05:00:00,0.9659258262890684,0.2588190451025207,0.0,23.5,52.0,3.0,24.224866752773526
2023-07-15 06:00:00,1.0,6.123233995736766e-17,0.0,23.5,54.0,3.0,27.255205516517165
2023-07-15 07:00:00,0.9659258262890684,-0.2588190451025206,0.0,24.8,44.0,2.0,30.470020036697388
2023-07-15 08:00:00,0.8660254037844387,-0.4999999999999998,0.0,25.2,51.0,2.0,32.66888208776712
2023-07-15 09:00:00,0.7071067811865476,-0.7071067811865475,0.0,25.4,55.0,5.0,32.958251704573634
2023-07-15 10:00:00,0.4999999999999999,-0.8660254037844387,0.0,25.2,65.0,12.0,32.22133189052344
2023-07-15 11:00:00,0.258819045102521,-0.9659258262890682,0.0,25.5,66.0,11.0,31.37916606038809
2023-07-15 12:00:00,1.2246467991473532e-16,-1.0,0.0,26.4,59.0,6.0,30.937714599967006
2023-07-15 13:00:00,-0.2588190451025208,-0.9659258262890684,0.0,26.2,67.0,10.0,30.819519138634206
2023-07-15 14:00:00,-0.4999999999999997,-0.8660254037844388,0.0,26.9,65.0,9.0,30.63215994179249
2023-07-15 15:00:00,-0.7071067811865471,-0.7071067811865479,0.0,27.0,56.0,9.0,30.404843868911268
2023-07-15 16:00:00,-0.8660254037844385,-0.5000000000000004,0.0,27.6,48.0,9.0,30.16474780917168
2023-07-15 17:00:00,-0.9659258262890684,-0.2588190451025206,0.0,28.2,41.0,10.0,29.783300505280497
2023-07-15 18:00:00,-1.0,-1.8369701987210294e-16,0.0,28.3,46.0,8.0,29.267619209587576
2023-07-15 19:00:00,-0.9659258262890684,0.2588190451025203,0.0,29.0,38.0,7.0,28.526579438447953
2023-07-15 20:00:00,-0.8660254037844386,0.5000000000000001,0.0,27.7,51.0,8.0,27.6908150754869
2023-07-15 21:00:00,-0.7071067811865477,0.7071067811865474,0.0,29.4,48.0,17.0,26.604248766005043
2023-07-15 22:00:00,-0.5000000000000004,0.8660254037844384,0.0,28.1,49.0,36.0,25.409313816577196
2023-07-15 23:00:00,-0.2588190451025215,0.965925826289068,0.0,27.1,53.0,40.0,24.281704155653717
2023-07-16 00:00:00,0.0,1.0,0.0,26.3,55.0,42.0,23.191485664844514
2023-07-16 01:00:00,0.2588190451025207,0.9659258262890684,0.0,26.1,53.0,41.0,22.32666624888778
2023-07-16 02:00:00,0.4999999999999999,0.8660254037844387,0.0,24.3,61.0,39.0,21.84583513006568
2023-07-16 03:00:00,0.7071067811865476,0.7071067811865476,0.0,23.4,62.0,38.0,21.952563907057048
2023-07-16 04:00:00,0.8660254037844386,0.5000000000000001,0.0,23.5,60.0,31.0,22.908566940575838
2023-07-16 05:00:00,0.9659258262890684,0.2588190451025207,0.0,23.7,58.0,30.0,24.77457123309374
2023-07-16 06:00:00,1.0,6.123233995736766e-17,0.0,23.4,54.0,35.0,27.397859472036362
2023-07-16 07:00:00,0.9659258262890684,-0.2588190451025206,0.0,23.9,52.0,31.0,30.281190435290338
2023-07-16 08:00:00,0.8660254037844387,-0.4999999999999998,0.0,24.9,52.0,37.0,32.3357374855876
2023-07-16 09:00:00,0.7071067811865476,-0.7071067811865475,0.0,26.1,47.0,28.0,32.99273825198412
2023-07-16 10:00:00,0.4999999999999999,-0.8660254037844387,0.0,27.8,44.0,23.0,32.65054351270199
2023-07-16 11:00:00,0.258819045102521,-0.9659258262890682,0.0,29.2,40.0,22.0,31.993781047165395
2023-07-16 12:00:00,1.2246467991473532e-16,-1.0,0.0,30.3,39.0,15.0,31.47982081323862
2023-07-16 13:00:00,-0.2588190451025208,-0.9659258262890684,0.0,31.0,39.0,15.0,31.135357802808286
2023-07-16 14:00:00,-0.4999999999999997,-0.8660254037844388,0.0,28.6,56.0,14.0,30.90855010509491
2023-07-16 15:00:00,-0.7071067811865471,-0.7071067811865479,0.0,27.0,72.0,21.0,30.6400874170661
2023-07-16 16:00:00,-0.8660254037844385,-0.5000000000000004,0.0,27.2,70.0,11.0,30.254278324842456
2023-07-16 17:00:00,-0.9659258262890684,-0.2588190451025206,0.0,27.5,64.0,5.0,29.838090285956863
2023-07-16 18:00:00,-1.0,-1.8369701987210294e-16,0.0,27.5,60.0,7.0,29.354173612296584
2023-07-16 19:00:00,-0.9659258262890684,0.2588190451025203,0.0,27.4,59.0,7.0,28.70814351141453
2023-07-16 20:00:00,-0.8660254037844386,0.5000000000000001,0.0,27.1,59.0,4.0,27.840194410830737
2023-07-16 21:00:00,-0.7071067811865477,0.7071067811865474,0.0,26.8,58.0,5.0,26.774729201197626
2023-07-16 22:00:00,-0.5000000000000004,0.8660254037844384,0.0,26.5,58.0,3.0,25.586067742556335
2023-07-16 23:00:00,-0.2588190451025215,0.965925826289068,0.0,28.4,56.0,6.0,24.346199842095377
2023-07-17 00:00:00,0.0,1.0,0.0,28.8,49.0,18.0,23.084019037783147
2023-07-17 01:00:00,0.2588190451025207,0.9659258262890684,0.0,27.4,53.0,44.0,22.098238105326892
2023-07-17 02:00:00,0.4999999999999999,0.8660254037844387,0.0,27.5,49.0,49.0,21.565197033286097
2023-07-17 03:00:00,0.7071067811865476,0.7071067811865476,0.1,25.8,59.0,45.0,21.62634679913521
2023-07-17 04:00:00,0.8660254037844386,0.5000000000000001,0.0,25.2,58.0,51.0,22.479751603901388
2023-07-17 05:00:00,0.9659258262890684,0.2588190451025207,0.0,24.8,55.0,50.0,24.463078470528128
2023-07-17 06:00:00,1.0,6.123233995736766e-17,0.2,24.9,51.0,46.0,27.303732397556306
2023-07-17 07:00:00,0.9659258262890684,-0.2588190451025206,0.0,24.8,47.0,46.0,30.23243231415749
2023-07-17 08:00:00,0.8660254037844387,-0.4999999999999998,0.0,24.8,47.0,44.0,32.26464792609215
2023-07-17 09:00:00,0.7071067811865476,-0.7071067811865475,0.0,25.4,45.0,45.0,32.857964111566545
2023-07-17 10:00:00,0.4999999999999999,-0.8660254037844387,0.0,26.4,42.0,39.0,32.48885020107031
2023-07-17 11:00:00,0.258819045102521,-0.9659258262890682,0.0,27.2,42.0,35.0,31.85865563362837
2023-07-17 12:00:00,1.2246467991473532e-16,-1.0,0.0,28.0,40.0,39.0,31.342063499093058
2023-07-17 13:00:00,-0.2588190451025208,-0.9659258262890684,0.0,28.7,40.0,29.0,31.01628151088953
2023-07-17 14:00:00,-0.4999999999999997,-0.8660254037844388,0.0,29.5,38.0,24.0,30.761433745324613
2023-07-17 15:00:00,-0.7071067811865471,-0.7071067811865479,0.0,30.3,36.0,24.0,30.527680018842222
2023-07-17 16:00:00,-0.8660254037844385,-0.5000000000000004,0.0,31.3,31.0,24.0,30.229350289702417
2023-07-17 17:00:00,-0.9659258262890684,-0.2588190451025206,0.0,31.7,31.0,21.0,29.848686730861665
2023-07-17 18:00:00,-1.0,-1.8369701987210294e-16,0.0,31.0,35.0,25.0,29.33713951379061
2023-07-17 19:00:00,-0.9659258262890684,0.2588190451025203,0.0,30.7,35.0,28.0,28.696306136846545
2023-07-17 20:00:00,-0.8660254037844386,0.5000000000000001,0.0,30.0,35.0,33.0,27.9026177623868
2023-07-17 21:00:00,-0.7071067811865477,0.7071067811865474,0.0,28.8,38.0,36.0,26.95983424842358
2023-07-17 22:00:00,-0.5000000000000004,0.8660254037844384,0.0,27.7,42.0,38.0,25.879477000236513
2023-07-17 23:00:00,-0.2588190451025215,0.965925826289068,0.0,27.1,41.0,39.0,24.73865223273635
2023-07-18 00:00:00,0.0,1.0,0.0,26.9,39.0,20.0,23.671930206716063
2023-07-18 01:00:00,0.2588190451025207,0.9659258262890684,0.0,26.6,39.0,10.0,22.707495735734703
2023-07-18 02:00:00,0.4999999999999999,0.8660254037844387,0.0,25.9,42.0,8.0,22.098975072801114
2023-07-18 03:00:00,0.7071067811865476,0.7071067811865476,0.0,26.1,42.0,17.0,22.107854868918658
2023-07-18 04:00:00,0.8660254037844386,0.5000000000000001,0.0,25.7,42.0,22.0,23.01212984651327
2023-07-18 05:00:00,0.9659258262890684,0.2588190451025207,0.0,25.3,45.0,33.0,25.016430719196798
2023-07-18 06:00:00,1.0,6.123233995736766e-17,0.0,25.0,44.0,35.0,27.92725365832448
2023-07-18 07:00:00,0.9659258262890684,-0.2588190451025206,0.0,25.4,40.0,27.0,31.000742529630664
2023-07-18 08:00:00,0.8660254037844387,-0.4999999999999998,0.0,26.1,38.0,15.0,33.078049959838395
2023-07-18 09:00:00,0.7071067811865476,-0.7071067811865475,0.0,26.9,39.0,15.0,33.58729713231325
2023-07-18 10:00:00,0.4999999999999999,-0.8660254037844387,0.0,27.8,37.0,23.0,33.0602903676033
2023-07-18 11:00:00,0.258819045102521,-0.9659258262890682,0.0,29.0,34.0,21.0,32.35333644539118
2023-07-18 12:00:00,1.2246467991473532e-16,-1.0,0.0,30.5,32.0,17.0,31.84287305593491
2023-07-18 13:00:00,-0.2588190451025208,-0.9659258262890684,0.0,30.8,32.0,19.0,31.533869213461877
2023-07-18 14:00:00,-0.4999999999999997,-0.8660254037844388,0.0,31.6,29.0,21.0,31.34233533859253
2023-07-18 15:00:00,-0.7071067811865471,-0.7071067811865479,0.0,31.7,30.0,17.0,31.134049795866016
2023-07-18 16:00:00,-0.8660254037844385,-0.5000000000000004,0.0,26.9,63.0,17.0,30.820347013473512
2023-07-18 17:00:00,-0.9659258262890684,-0.2588190451025206,0.0,26.7,67.0,16.0,30.28429717242718
2023-07-18 18:00:00,-1.0,-1.8369701987210294e-16,0.0,26.8,64.0,5.0,29.67662821441889
2023-07-18 19:00:00,-0.9659258262890684,0.2588190451025203,0.0,27.1,64.0,5.0,28.976712110936642
2023-07-18 20:00:00,-0.8660254037844386,0.5000000000000001,0.0,26.2,65.0,3.0,28.085112091302875
2023-07-18 21:00:00,-0.7071067811865477,0.7071067811865474,0.0,26.0,70.0,3.0,27.017999075353146
2023-07-18 22:00:00,-0.5000000000000004,0.8660254037844384,0.0,26.4,63.0,3.0,25.767066071629525
2023-07-18 23:00:00,-0.2588190451025215,0.965925826289068,0.0,28.2,37.0,7.0,24.52031215891242
2023-07-19 00:00:00,0.0,1.0,0.0,27.8,37.0,6.0,23.403185970634222
2023-07-19 01:00:00,0.2588190451025207,0.9659258262890684,0.0,28.0,33.0,17.0,22.33308889836073
2023-07-19 02:00:00,0.4999999999999999,0.8660254037844387,0.0,27.0,34.0,31.0,21.616832416653637
2023-07-19 03:00:00,0.7071067811865476,0.7071067811865476,0.0,26.9,35.0,33.0,21.57527274668217
2023-07-19 04:00:00,0.8660254037844386,0.5000000000000001,0.0,26.5,36.0,31.0,22.407600281685593
2023-07-19 05:00:00,0.9659258262890684,0.2588190451025207,0.0,26.5,33.0,17.0,24.416650402247907
2023-07-19 06:00:00,1.0,6.123233995736766e-17,0.0,26.5,33.0,16.0,27.461695859432222
2023-07-19 07:00:00,0.9659258262890684,-0.2588190451025206,0.0,27.3,33.0,8.0,30.665147841572765
2023-07-19 08:00:00,0.8660254037844387,-0.4999999999999998,0.0,28.3,29.0,8.0,32.625701971948146
2023-07-19 09:00:00,0.7071067811865476,-0.7071067811865475,0.0,28.9,30.0,26.0,32.90754657715559
2023-07-19 10:00:00,0.4999999999999999,-0.8660254037844387,0.0,30.1,28.0,27.0,32.10630671322346
2023-07-19 11:00:00,0.258819045102521,-0.9659258262890682,0.0,31.4,27.0,20.0,31.2417864972353
2023-07-19 12:00:00,1.2246467991473532e-16,-1.0,0.0,30.3,37.0,10.0,30.765483094751836
2023-07-19 13:00:00,-0.2588190451025208,-0.9659258262890684,0.0,29.6,42.0,18.0,30.583189997673035
2023-07-19 14:00:00,-0.4999999999999997,-0.8660254037844388,0.0,31.8,33.0,19.0,30.531217462718487
2023-07-19 15:00:00,-0.7071067811865471,-0.7071067811865479,0.0,29.8,44.0,19.0,30.44046366930008
2023-07-19 16:00:00,-0.8660254037844385,-0.5000000000000004,0.0,28.6,53.0,27.0,30.1914975219965
2023-07-19 17:00:00,-0.9659258262890684,-0.2588190451025206,0.0,27.9,57.0,22.0,29.793905776143077
2023-07-19 18:00:00,-1.0,-1.8369701987210294e-16,0.0,27.8,53.0,15.0,29.28085814625025
2023-07-19 19:00:00,-0.9659258262890684,0.2588190451025203,0.0,28.2,45.0,10.0,28.67183881670237
2023-07-19 20:00:00,-0.8660254037844386,0.5000000000000001,0.0,27.7,46.0,8.0,27.89217224135995
2023-07-19 21:00:00,-0.7071067811865477,0.7071067811865474,0.0,28.3,39.0,8.0,26.884468512386086
2023-07-19 22:00:00,-0.5000000000000004,0.8660254037844384,0.0,27.9,37.0,7.0,25.741043617725374
2023-07-19 23:00:00,-0.2588190451025215,0.965925826289068,0.0,27.2,42.0,4.0,24.4929031470418
2023-07-20 00:00:00,0.0,1.0,0.0,26.7,41.0,5.0,23.236250040084126
2023-07-20 01:00:00,0.2588190451025207,0.9659258262890684,0.0,26.6,43.0,4.0,22.199649242758753
2023-07-20 02:00:00,0.4999999999999999,0.8660254037844387,0.0,28.2,37.0,12.0,21.495256613492966
2023-07-20 03:00:00,0.7071067811865476,0.7071067811865476,0.0,26.0,45.0,8.0,21.40919469922781
2023-07-20 04:00:00,0.8660254037844386,0.5000000000000001,0.0,27.6,35.0,8.0,22.322706924229863
2023-07-20 05:00:00,0.9659258262890684,0.2588190451025207,0.0,26.6,36.0,12.0,24.442983529865742
2023-07-20 06:00:00,1.0,6.123233995736766e-17,0.0,26.2,38.0,12.0,27.59810103684664
2023-07-20 07:00:00,0.9659258262890684,-0.2588190451025206,0.0,26.9,37.0,15.0,30.791269012987616
2023-07-20 08:00:00,0.8660254037844387,-0.4999999999999998,0.0,28.4,35.0,20.0,32.725029300749306
2023-07-20 09:00:00,0.7071067811865476,-0.7071067811865475,0.0,29.8,33.0,23.0,32.857081515789034
2023-07-20 10:00:00,0.4999999999999999,-0.8660254037844387,0.0,30.8,31.0,19.0,32.01540993928909
2023-07-20 11:00:00,0.258819045102521,-0.9659258262890682,0.0,32.5,23.0,12.0,31.250723662078382
2023-07-20 12:00:00,1.2246467991473532e-16,-1.0,0.0,27.4,62.0,16.0,30.88225404649973
2023-07-20 13:00:00,-0.2588190451025208,-0.9659258262890684,0.0,28.3,52.0,12.0,30.579979114234447
2023-07-20 14:00:00,-0.4999999999999997,-0.8660254037844388,0.0,29.3,41.0,8.0,30.555808346271515
2023-07-20 15:00:00,-0.7071067811865471,-0.7071067811865479,0.0,28.1,57.0,9.0,30.54429047137499
2023-07-20 16:00:00,-0.8660254037844385,-0.5000000000000004,0.0,27.7,57.0,10.0,30.212273826599123
2023-07-20 17:00:00,-0.9659258262890684,-0.2588190451025206,0.0,27.7,59.0,8.0,29.8120643016696
2023-07-20 18:00:00,-1.0,-1.8369701987210294e-16,0.0,28.1,51.0,7.0,29.27097307354212
2023-07-20 19:00:00,-0.9659258262890684,0.2588190451025203,0.0,27.9,53.0,9.0,28.64305913358927
2023-07-20 20:00:00,-0.8660254037844386,0.5000000000000001,0.0,28.4,45.0,9.0,27.76378721177578
2023-07-20 21:00:00,-0.7071067811865477,0.7071067811865474,0.0,28.3,41.0,5.0,26.767497211396694
2023-07-20 22:00:00,-0.5000000000000004,0.8660254037844384,0.0,28.6,32.0,7.0,25.60769045650959
2023-07-20 23:00:00,-0.2588190451025215,0.965925826289068,0.0,27.6,43.0,4.0,24.387876014709473
2023-07-21 00:00:00,0.0,1.0,0.0,27.9,39.0,6.0,23.095624289661647
2023-07-21 01:00:00,0.2588190451025207,0.9659258262890684,0.0,27.3,36.0,6.0,22.041605464667082
2023-07-21 02:00:00,0.4999999999999999,0.8660254037844387,0.0,27.4,42.0,6.0,21.408043794333935
2023-07-21 03:00:00,0.7071067811865476,0.7071067811865476,0.0,26.2,54.0,3.0,21.303081091493368
2023-07-21 04:00:00,0.8660254037844386,0.5000000000000001,0.0,26.3,42.0,5.0,22.148134775012732
2023-07-21 05:00:00,0.9659258262890684,0.2588190451025207,0.0,25.4,47.0,5.0,24.451873917132616
2023-07-21 06:00:00,1.0,6.123233995736766e-17,0.0,25.4,44.0,6.0,27.643086943626404
2023-07-21 07:00:00,0.9659258262890684,-0.2588190451025206,0.0,25.7,41.0,8.0,30.919305417239666
2023-07-21 08:00:00,0.8660254037844387,-0.4999999999999998,0.0,26.7,45.0,5.0,32.94466502517462
2023-07-21 09:00:00,0.7071067811865476,-0.7071067811865475,0.0,26.4,55.0,7.0,33.05607685536146
2023-07-21 10:00:00,0.4999999999999999,-0.8660254037844387,0.0,26.7,53.0,3.0,32.227084649801256
2023-07-21 11:00:00,0.258819045102521,-0.9659258262890682,0.0,27.0,55.0,7.0,31.561492696106434
2023-07-21 12:00:00,1.2246467991473532e-16,-1.0,0.0,27.1,57.0,9.0,31.17883270561695
2023-07-21 13:00:00,-0.2588190451025208,-0.9659258262890684,0.0,27.0,69.0,13.0,31.004654194116593
2023-07-21 14:00:00,-0.4999999999999997,-0.8660254037844388,0.0,28.0,65.0,7.0,30.75244009435177
2023-07-21 15:00:00,-0.7071067811865471,-0.7071067811865479,0.0,28.8,61.0,6.0,30.52571536064148
2023-07-21 16:00:00,-0.8660254037844385,-0.5000000000000004,0.0,28.7,65.0,6.0,30.218051298558713
2023-07-21 17:00:00,-0.9659258262890684,-0.2588190451025206,0.0,29.2,55.0,8.0,29.72844011694193
2023-07-21 18:00:00,-1.0,-1.8369701987210294e-16,0.0,29.6,49.0,8.0,29.233083236813545
2023-07-21 19:00:00,-0.9659258262890684,0.2588190451025203,0.0,29.4,46.0,11.0,28.593337217867376
2023-07-21 20:00:00,-0.8660254037844386,0.5000000000000001,0.0,28.7,51.0,7.0,27.776788730174303
2023-07-21 21:00:00,-0.7071067811865477,0.7071067811865474,0.0,28.0,58.0,2.0,26.72747678846121
2023-07-21 22:00:00,-0.5000000000000004,0.8660254037844384,0.0,28.1,60.0,2.0,25.523643508404493
2023-07-21 23:00:00,-0.2588190451025215,0.965925826289068,0.0,28.2,52.0,3.0,24.27885425388813
2023-07-22 00:00:00,0.0,1.0,0.0,27.6,53.0,1.0,23.157412172257903
2023-07-22 01:00:00,0.2588190451025207,0.9659258262890684,0.0,26.4,71.0,4.0,22.17164183095098
2023-07-22 02:00:00,0.4999999999999999,0.8660254037844387,0.0,27.0,59.0,4.0,21.436184478104117
2023-07-22 03:00:00,0.7071067811865476,0.7071067811865476,0.0,26.5,62.0,3.0,21.490363502502444
2023-07-22 04:00:00,0.8660254037844386,0.5000000000000001,0.0,26.0,58.0,4.0,22.356531524807217
2023-07-22 05:00:00,0.9659258262890684,0.2588190451025207,0.0,25.8,56.0,4.0,24.41510674223304
2023-07-22 06:00:00,1.0,6.123233995736766e-17,0.0,26.1,63.0,4.0,27.436503928154707
2023-07-22 07:00:00,0.9659258262890684,-0.2588190451025206,0.0,25.9,61.0,4.0,30.429402979016306
2023-07-22 08:00:00,0.8660254037844387,-0.4999999999999998,0.0,27.2,61.0,3.0,32.54500447481871
2023-07-22 09:00:00,0.7071067811865476,-0.7071067811865475,0.0,27.2,72.0,3.0,32.93926000863314
2023-07-22 10:00:00,0.4999999999999999,-0.8660254037844387,0.0,26.6,73.0,8.0,32.1589623773098
2023-07-22 11:00:00,0.258819045102521,-0.9659258262890682,0.0,27.4,73.0,8.0,31.464211224317552
2023-07-22 12:00:00,1.2246467991473532e-16,-1.0,0.0,29.2,58.0,7.0,31.017748385071755
2023-07-22 13:00:00,-0.2588190451025208,-0.9659258262890684,0.0,30.5,49.0,5.0,30.92565304607153
2023-07-22 14:00:00,-0.4999999999999997,-0.8660254037844388,0.0,28.7,62.0,9.0,30.865989571511747
2023-07-22 15:00:00,-0.7071067811865471,-0.7071067811865479,0.0,29.6,62.0,5.0,30.606086297333242
2023-07-22 16:00:00,-0.8660254037844385,-0.5000000000000004,0.0,30.5,59.0,3.0,30.247794776260854
2023-07-22 17:00:00,-0.9659258262890684,-0.2588190451025206,0.0,30.0,54.0,7.0,29.813555888533593
2023-07-22 18:00:00,-1.0,-1.8369701987210294e-16,0.0,30.1,52.0,5.0,29.339120058715345
2023-07-22 19:00:00,-0.9659258262890684,0.2588190451025203,0.0,30.4,47.0,8.0,28.694941643774513
2023-07-22 20:00:00,-0.8660254037844386,0.5000000000000001,0.0,29.8,50.0,11.0,27.892926860749725
2023-07-22 21:00:00,-0.7071067811865477,0.7071067811865474,0.0,29.2,53.0,3.0,26.868086652159693
2023-07-22 22:00:00,-0.5000000000000004,0.8660254037844384,0.0,29.5,53.0,2.0,25.66495768353343
2023-07-22 23:00:00,-0.2588190451025215,0.965925826289068,0.0,29.3,52.0,3.0,24.41058432146907
2023-07-23 00:00:00,0.0,1.0,0.0,28.1,66.0,3.0,23.22455123305321
2023-07-23 01:00:00,0.2588190451025207,0.9659258262890684,0.0,28.0,59.0,4.0,22.147931777983906
2023-07-23 02:00:00,0.4999999999999999,0.8660254037844387,0.0,28.0,46.0,5.0,21.589450765252113
2023-07-23 03:00:00,0.7071067811865476,0.7071067811865476,0.0,27.8,44.0,5.0,21.73413116067648
2023-07-23 04:00:00,0.8660254037844386,0.5000000000000001,0.0,27.1,48.0,3.0,22.675470747947696
2023-07-23 05:00:00,0.9659258262890684,0.2588190451025207,0.0,27.2,46.0,4.0,24.68429051101208
2023-07-23 06:00:00,1.0,6.123233995736766e-17,0.0,26.9,48.0,2.0,27.724720874875786
2023-07-23 07:00:00,0.9659258262890684,-0.2588190451025206,0.0,27.2,45.0,2.0,30.8799239936471
2023-07-23 08:00:00,0.8660254037844387,-0.4999999999999998,0.0,27.2,56.0,2.0,32.94872320055962
2023-07-23 09:00:00,0.7071067811865476,-0.7071067811865475,0.0,26.9,68.0,6.0,33.09645737737417
2023-07-23 10:00:00,0.4999999999999999,-0.8660254037844387,0.0,27.5,70.0,8.0,32.2204228168726
2023-07-23 11:00:00,0.258819045102521,-0.9659258262890682,0.0,28.8,59.0,3.0,31.46178585112095
2023-07-23 12:00:00,1.2246467991473532e-16,-1.0,0.0,29.3,56.0,5.0,31.18678842395544
2023-07-23 13:00:00,-0.2588190451025208,-0.9659258262890684,0.0,29.4,60.0,7.0,31.066621243655682
2023-07-23 14:00:00,-0.4999999999999997,-0.8660254037844388,0.0,29.4,56.0,6.0,30.89740292042494
2023-07-23 15:00:00,-0.7071067811865471,-0.7071067811865479,0.0,30.2,44.0,6.0,30.733058291077615
2023-07-23 16:00:00,-0.8660254037844385,-0.5000000000000004,0.0,30.3,45.0,7.0,30.524760392010215
2023-07-23 17:00:00,-0.9659258262890684,-0.2588190451025206,0.0,29.6,56.0,7.0,30.097873527109623
2023-07-23 18:00:00,-1.0,-1.8369701987210294e-16,0.0,29.1,65.0,10.0,29.46940002143383
2023-07-23 19:00:00,-0.9659258262890684,0.2588190451025203,0.0,28.6,72.0,12.0,28.709234399795534
2023-07-23 20:00:00,-0.8660254037844386,0.5000000000000001,0.0,28.4,74.0,10.0,27.79914223343134
2023-07-23 21:00:00,-0.7071067811865477,0.7071067811865474,0.0,28.2,76.0,9.0,26.753439225852492
2023-07-23 22:00:00,-0.5000000000000004,0.8660254037844384,0.0,28.8,67.0,12.0,25.595144357532263
2023-07-23 23:00:00,-0.2588190451025215,0.965925826289068,0.0,28.2,67.0,14.0,24.4661878554523
2023-07-24 00:00:00,0.0,1.0,0.0,28.2,68.0,9.0,23.37125100761652
2023-07-24 01:00:00,0.2588190451025207,0.9659258262890684,0.0,27.8,67.0,5.0,22.408287823796275
2023-07-24 02:00:00,0.4999999999999999,0.8660254037844387,0.0,28.0,69.0,13.0,21.82574548497796
2023-07-24 03:00:00,0.7071067811865476,0.7071067811865476,0.0,28.4,56.0,12.0,21.78579831749201
2023-07-24 04:00:00,0.8660254037844386,0.5000000000000001,0.0,29.2,42.0,25.0,22.699335255175832
2023-07-24 05:00:00,0.9659258262890684,0.2588190451025207,0.0,29.1,49.0,33.0,24.70593617245555
2023-07-24 06:00:00,1.0,6.123233995736766e-17,0.0,28.9,46.0,33.0,27.406548627465966
2023-07-24 07:00:00,0.9659258262890684,-0.2588190451025206,0.0,28.1,51.0,27.0,30.395264174342156
2023-07-24 08:00:00,0.8660254037844387,-0.4999999999999998,0.0,28.5,48.0,26.0,32.4465385594964
2023-07-24 09:00:00,0.7071067811865476,-0.7071067811865475,0.0,29.8,47.0,20.0,33.03585305571556
2023-07-24 10:00:00,0.4999999999999999,-0.8660254037844387,0.0,30.6,45.0,19.0,32.47707813858986
2023-07-24 11:00:00,0.258819045102521,-0.9659258262890682,0.0,31.8,41.0,17.0,31.748272910118104
2023-07-24 12:00:00,1.2246467991473532e-16,-1.0,0.0,32.3,43.0,22.0,31.270860967338088
2023-07-24 13:00:00,-0.2588190451025208,-0.9659258262890684,0.0,33.4,39.0,22.0,31.01002920240164
2023-07-24 14:00:00,-0.4999999999999997,-0.8660254037844388,0.0,33.6,38.0,19.0,30.865490022301675
2023-07-24 15:00:00,-0.7071067811865471,-0.7071067811865479,0.0,34.2,36.0,17.0,30.725979872941974
2023-07-24 16:00:00,-0.8660254037844385,-0.5000000000000004,0.0,31.3,55.0,16.0,30.498065400123597
2023-07-24 17:00:00,-0.9659258262890684,-0.2588190451025206,0.0,29.2,69.0,22.0,30.08520298212767
2023-07-24 18:00:00,-1.0,-1.8369701987210294e-16,0.0,30.3,61.0,11.0,29.540353661179545
2023-07-24 19:00:00,-0.9659258262890684,0.2588190451025203,0.0,29.8,70.0,4.0,28.91458972454071
2023-07-24 20:00:00,-0.8660254037844386,0.5000000000000001,0.0,29.3,66.0,2.0,28.026876656711103
2023-07-24 21:00:00,-0.7071067811865477,0.7071067811865474,0.0,29.5,60.0,2.0,27.04766488462687
2023-07-24 22:00:00,-0.5000000000000004,0.8660254037844384,0.0,28.6,67.0,3.0,25.926543185263874
2023-07-24 23:00:00,-0.2588190451025215,0.965925826289068,0.0,30.9,46.0,5.0,24.66780450448394
2023-07-25 00:00:00,0.0,1.0,0.0,30.4,45.0,16.0,23.51915552541614
2023-07-25 01:00:00,0.2588190451025207,0.9659258262890684,0.0,30.0,42.0,26.0,22.524822239875796
2023-07-25 02:00:00,0.4999999999999999,0.8660254037844387,0.0,29.4,44.0,26.0,21.911179873645306
2023-07-25 03:00:00,0.7071067811865476,0.7071067811865476,0.0,28.9,46.0,18.0,21.866377546787263
2023-07-25 04:00:00,0.8660254037844386,0.5000000000000001,0.0,28.3,47.0,12.0,22.719890028238297
2023-07-25 05:00:00,0.9659258262890684,0.2588190451025207,0.0,28.1,48.0,12.0,24.770665746778253
2023-07-25 06:00:00,1.0,6.123233995736766e-17,0.0,27.8,49.0,14.0,27.817058927714825
2023-07-25 07:00:00,0.9659258262890684,-0.2588190451025206,0.0,28.4,47.0,15.0,31.00573802173138
2023-07-25 08:00:00,0.8660254037844387,-0.4999999999999998,0.0,29.7,44.0,17.0,32.99130138605833
2023-07-25 09:00:00,0.7071067811865476,-0.7071067811865475,0.0,30.6,45.0,15.0,33.25122937291861
2023-07-25 10:00:00,0.4999999999999999,-0.8660254037844387,0.0,30.5,46.0,7.0,32.504613361656666
2023-07-25 11:00:00,0.258819045102521,-0.9659258262890682,0.0,28.6,65.0,12.0,31.802280710935594
2023-07-25 12:00:00,1.2246467991473532e-16,-1.0,0.0,28.9,64.0,9.0,31.301573535203936
2023-07-25 13:00:00,-0.2588190451025208,-0.9659258262890684,0.0,28.8,61.0,9.0,31.113229361474517
2023-07-25 14:00:00,-0.4999999999999997,-0.8660254037844388,0.0,29.0,64.0,9.0,31.04868160188198
2023-07-25 15:00:00,-0.7071067811865471,-0.7071067811865479,0.0,28.8,65.0,7.0,30.83331587582827
2023-07-25 16:00:00,-0.8660254037844385,-0.5000000000000004,0.0,29.4,63.0,6.0,30.495544706583026
2023-07-25 17:00:00,-0.9659258262890684,-0.2588190451025206,0.0,29.8,60.0,3.0,30.032524370551112
2023-07-25 18:00:00,-1.0,-1.8369701987210294e-16,0.0,30.0,55.0,2.0,29.45578156858683
2023-07-25 19:00:00,-0.9659258262890684,0.2588190451025203,0.0,30.4,50.0,4.0,28.764574920237067
2023-07-25 20:00:00,-0.8660254037844386,0.5000000000000001,0.0,29.8,61.0,5.0,27.915217699706556
2023-07-25 21:00:00,-0.7071067811865477,0.7071067811865474,0.0,29.2,68.0,5.0,26.793991854041817
2023-07-25 22:00:00,-0.5000000000000004,0.8660254037844384,0.0,29.2,58.0,6.0,25.564974586069585
2023-07-25 23:00:00,-0.2588190451025215,0.965925826289068,0.0,29.3,64.0,2.0,24.419186099916697
2023-07-26 00:00:00,0.0,1.0,0.0,28.4,59.0,2.0,23.19747054681182
2023-07-26 01:00:00,0.2588190451025207,0.9659258262890684,0.0,27.9,67.0,3.0,22.278215271085504
2023-07-26 02:00:00,0.4999999999999999,0.8660254037844387,0.0,28.4,60.0,3.0,21.62395584717393
2023-07-26 03:00:00,0.7071067811865476,0.7071067811865476,0.0,27.8,59.0,5.0,21.643149657547475
2023-07-26 04:00:00,0.8660254037844386,0.5000000000000001,0.0,27.7,57.0,4.0,22.550462529808286
2023-07-26 05:00:00,0.9659258262890684,0.2588190451025207,0.0,27.4,52.0,6.0,24.539917258918287
2023-07-26 06:00:00,1.0,6.123233995736766e-17,0.0,26.9,64.0,11.0,27.5882203771174
2023-07-26 07:00:00,0.9659258262890684,-0.2588190451025206,0.0,27.1,63.0,4.0,30.561100390553477
2023-07-26 08:00:00,0.8660254037844387,-0.4999999999999998,0.7,28.2,54.0,5.0,32.59539716333151
2023-07-26 09:00:00,0.7071067811865476,-0.7071067811865475,28.1,22.9,87.0,19.0,33.150779382288455
2023-07-26 10:00:00,0.4999999999999999,-0.8660254037844387,3.6,23.8,80.0,21.0,32.95863828152418
2023-07-26 11:00:00,0.258819045102521,-0.9659258262890682,0.2,23.1,73.0,21.0,32.23212956726551
2023-07-26 12:00:00,1.2246467991473532e-16,-1.0,0.0,25.2,66.0,18.0,32.10565712273121
2023-07-26 13:00:00,-0.2588190451025208,-0.9659258262890684,0.0,25.2,65.0,21.0,32.00371731042862
2023-07-26 14:00:00,-0.4999999999999997,-0.8660254037844388,0.0,26.1,62.0,13.0,31.843866858780387
2023-07-26 15:00:00,-0.7071067811865471,-0.7071067811865479,0.0,29.2,46.0,20.0,31.532081074416638
2023-07-26 16:00:00,-0.8660254037844385,-0.5000000000000004,0.0,30.0,44.0,32.0,31.13799146860838
2023-07-26 17:00:00,-0.9659258262890684,-0.2588190451025206,0.0,30.3,43.0,35.0,30.55742526173592
2023-07-26 18:00:00,-1.0,-1.8369701987210294e-16,0.0,30.1,45.0,33.0,29.772901761829853
2023-07-26 19:00:00,-0.9659258262890684,0.2588190451025203,0.0,29.5,46.0,32.0,28.944742726683618
2023-07-26 20:00:00,-0.8660254037844386,0.5000000000000001,0.0,28.4,47.0,36.0,28.05306150823832
2023-07-26 21:00:00,-0.7071067811865477,0.7071067811865474,0.0,27.9,51.0,42.0,27.056024831831458
2023-07-26 22:00:00,-0.5000000000000004,0.8660254037844384,0.0,28.1,45.0,45.0,25.937896897345784
2023-07-26 23:00:00,-0.2588190451025215,0.965925826289068,0.0,27.7,42.0,34.0,24.83547034174204
2023-07-27 00:00:00,0.0,1.0,0.0,27.2,44.0,17.0,23.74288208127022
2023-07-27 01:00:00,0.2588190451025207,0.9659258262890684,0.0,26.5,48.0,21.0,22.76018493846059
2023-07-27 02:00:00,0.4999999999999999,0.8660254037844387,0.0,26.2,50.0,17.0,22.179469572901727
2023-07-27 03:00:00,0.7071067811865476,0.7071067811865476,0.0,25.5,56.0,26.0,22.1671079364419
2023-07-27 04:00:00,0.8660254037844386,0.5000000000000001,0.0,25.2,60.0,36.0,23.034750776290895
2023-07-27 05:00:00,0.9659258262890684,0.2588190451025207,0.0,25.4,57.0,34.0,24.942562748193744
2023-07-27 06:00:00,1.0,6.123233995736766e-17,0.0,25.1,59.0,33.0,27.7547714959085
2023-07-27 07:00:00,0.9659258262890684,-0.2588190451025206,0.0,25.8,55.0,31.0,30.712896273136142
2023-07-27 08:00:00,0.8660254037844387,-0.4999999999999998,0.0,26.1,52.0,29.0,32.80379920870066
2023-07-27 09:00:00,0.7071067811865476,-0.7071067811865475,0.0,25.5,58.0,22.0,33.46137189716101
2023-07-27 10:00:00,0.4999999999999999,-0.8660254037844387,0.1,26.4,51.0,36.0,33.053670899271964
2023-07-27 11:00:00,0.258819045102521,-0.9659258262890682,0.0,27.5,49.0,27.0,32.468986500501636
2023-07-27 12:00:00,1.2246467991473532e-16,-1.0,0.0,28.7,47.0,28.0,31.94142546564341
2023-07-27 13:00:00,-0.2588190451025208,-0.9659258262890684,0.0,28.7,49.0,23.0,31.605952575802803
2023-07-27 14:00:00,-0.4999999999999997,-0.8660254037844388,0.0,28.5,49.0,22.0,31.34568390697241
2023-07-27 15:00:00,-0.7071067811865471,-0.7071067811865479,0.0,28.9,43.0,24.0,31.08972230553627
2023-07-27 16:00:00,-0.8660254037844385,-0.5000000000000004,0.0,29.0,43.0,26.0,30.776344318389896
2023-07-27 17:00:00,-0.9659258262890684,-0.2588190451025206,0.0,29.4,45.0,20.0,30.30747590273619
2023-07-27 18:00:00,-1.0,-1.8369701987210294e-16,0.0,30.5,40.0,19.0,29.674216962754727
2023-07-27 19:00:00,-0.9659258262890684,0.2588190451025203,0.0,29.7,44.0,25.0,28.947272246181967
2023-07-27 20:00:00,-0.8660254037844386,0.5000000000000001,0.0,28.8,47.0,28.0,28.063623531907798
2023-07-27 21:00:00,-0.7071067811865477,0.7071067811865474,0.0,27.9,50.0,27.0,27.0212938053906
2023-07-27 22:00:00,-0.5000000000000004,0.8660254037844384,0.0,27.6,49.0,35.0,25.86499889910221
2023-07-27 23:00:00,-0.2588190451025215,0.965925826289068,0.0,26.7,52.0,33.0,24.71519724994898
2023-07-28 00:00:00,0.0,1.0,0.0,26.5,55.0,30.0,23.60658016756177
2023-07-28 01:00:00,0.2588190451025207,0.9659258262890684,0.0,25.9,58.0,35.0,22.666668620258573
2023-07-28 02:00:00,0.4999999999999999,0.8660254037844387,0.0,25.8,56.0,36.0,22.144470237344507
2023-07-28 03:00:00,0.7071067811865476,0.7071067811865476,0.0,25.3,59.0,40.0,22.21484136387706
2023-07-28 04:00:00,0.8660254037844386,0.5000000000000001,0.0,24.9,60.0,40.0,23.0686362759769
2023-07-28 05:00:00,0.9659258262890684,0.2588190451025207,0.0,24.4,62.0,37.0,24.874235713481905
2023-07-28 06:00:00,1.0,6.123233995736766e-17,0.0,24.2,61.0,30.0,27.49225220784545
2023-07-28 07:00:00,0.9659258262890684,-0.2588190451025206,0.0,24.4,59.0,30.0,30.346322473287586
2023-07-28 08:00:00,0.8660254037844387,-0.4999999999999998,0.0,25.1,55.0,27.0,32.48044259369374
2023-07-28 09:00:00,0.7071067811865476,-0.7071067811865475,0.1,25.8,54.0,33.0,33.24824266880751
2023-07-28 10:00:00,0.4999999999999999,-0.8660254037844387,0.0,26.8,52.0,29.0,32.91403012573719
2023-07-28 11:00:00,0.258819045102521,-0.9659258262890682,0.0,28.2,46.0,23.0,32.231758877038956
2023-07-28 12:00:00,1.2246467991473532e-16,-1.0,0.0,28.9,46.0,22.0,31.73007555037737
2023-07-28 13:00:00,-0.2588190451025208,-0.9659258262890684,0.0,29.9,43.0,18.0,31.39529285043478
2023-07-28 14:00:00,-0.4999999999999997,-0.8660254037844388,0.0,31.0,37.0,12.0,31.158358248770238
2023-07-28 15:00:00,-0.7071067811865471,-0.7071067811865479,0.0,27.2,63.0,17.0,30.94481773078442
2023-07-28 16:00:00,-0.8660254037844385,-0.5000000000000004,0.0,27.8,63.0,17.0,30.540956024527553
2023-07-28 17:00:00,-0.9659258262890684,-0.2588190451025206,0.0,27.4,68.0,10.0,30.064604961872103
2023-07-28 18:00:00,-1.0,-1.8369701987210294e-16,0.0,27.0,71.0,13.0,29.462429279983045
2023-07-28 19:00:00,-0.9659258262890684,0.2588190451025203,0.0,27.1,70.0,6.0,28.736732553839687
2023-07-28 20:00:00,-0.8660254037844386,0.5000000000000001,0.0,26.8,70.0,6.0,27.839075279384854
2023-07-28 21:00:00,-0.7071067811865477,0.7071067811865474,0.0,26.7,69.0,5.0,26.790797739923
2023-07-28 22:00:00,-0.5000000000000004,0.8660254037844384,0.0,26.5,68.0,5.0,25.61329229190946
2023-07-28 23:00:00,-0.2588190451025215,0.965925826289068,0.0,26.5,62.0,6.0,24.387789520323278
2023-07-29 00:00:00,0.0,1.0,0.0,26.3,60.0,4.0,23.274297861456873
2023-07-29 01:00:00,0.2588190451025207,0.9659258262890684,0.0,26.8,51.0,7.0,22.30658013418317
2023-07-29 02:00:00,0.4999999999999999,0.8660254037844387,0.0,26.3,52.0,12.0,21.70827110439539
2023-07-29 03:00:00,0.7071067811865476,0.7071067811865476,0.0,26.2,52.0,17.0,21.644317331761123
2023-07-29 04:00:00,0.8660254037844386,0.5000000000000001,0.0,25.9,52.0,17.0,22.437813300341368
2023-07-29 05:00:00,0.9659258262890684,0.2588190451025207,0.0,25.9,51.0,11.0,24.34291040763259
2023-07-29 06:00:00,1.0,6.123233995736766e-17,0.0,25.9,50.0,16.0,27.243272821605206
2023-07-29 07:00:00,0.9659258262890684,-0.2588190451025206,0.0,25.4,53.0,8.0,30.409089154601098
2023-07-29 08:00:00,0.8660254037844387,-0.4999999999999998,0.0,27.3,50.0,4.0,32.55387103199959
2023-07-29 09:00:00,0.7071067811865476,-0.7071067811865475,0.0,26.2,58.0,9.0,32.981605188846586
2023-07-29 10:00:00,0.4999999999999999,-0.8660254037844387,0.0,26.0,64.0,8.0,32.35395779281855
2023-07-29 11:00:00,0.258819045102521,-0.9659258262890682,0.0,26.3,65.0,6.0,31.567570250630382
2023-07-29 12:00:00,1.2246467991473532e-16,-1.0,0.0,26.8,64.0,6.0,31.110046721100808
2023-07-29 13:00:00,-0.2588190451025208,-0.9659258262890684,0.0,26.8,67.0,8.0,30.904929697215557
2023-07-29 14:00:00,-0.4999999999999997,-0.8660254037844388,0.0,27.3,66.0,7.0,30.73347840666771
2023-07-29 15:00:00,-0.7071067811865471,-0.7071067811865479,0.0,27.5,67.0,9.0,30.51724597156048
2023-07-29 16:00:00,-0.8660254037844385,-0.5000000000000004,0.0,28.0,64.0,6.0,30.172403444945814
2023-07-29 17:00:00,-0.9659258262890684,-0.2588190451025206,0.0,28.3,62.0,4.0,29.711746700406078
2023-07-29 18:00:00,-1.0,-1.8369701987210294e-16,0.0,28.0,61.0,5.0,29.143300298750404
2023-07-29 19:00:00,-0.9659258262890684,0.2588190451025203,0.0,28.0,58.0,4.0,28.45883226916194
2023-07-29 20:00:00,-0.8660254037844386,0.5000000000000001,0.0,27.9,59.0,4.0,27.622337116897107
2023-07-29 21:00:00,-0.7071067811865477,0.7071067811865474,0.0,27.6,59.0,4.0,26.59105131134391
2023-07-29 22:00:00,-0.5000000000000004,0.8660254037844384,0.0,27.7,56.0,5.0,25.44080483391881
2023-07-29 23:00:00,-0.2588190451025215,0.965925826289068,0.0,27.1,65.0,8.0,24.24455658197403
2023-07-30 00:00:00,0.0,1.0,0.0,27.3,66.0,6.0,23.03201384678483
2023-07-30 01:00:00,0.2588190451025207,0.9659258262890684,0.0,26.2,66.0,15.0,22.01792453736067
2023-07-30 02:00:00,0.4999999999999999,0.8660254037844387,1.9,23.5,71.0,22.0,21.48285526022315
2023-07-30 03:00:00,0.7071067811865476,0.7071067811865476,0.9,22.5,76.0,16.0,21.65734268024564
2023-07-30 04:00:00,0.8660254037844386,0.5000000000000001,1.5,22.0,78.0,17.0,22.565199231505396
2023-07-30 05:00:00,0.9659258262890684,0.2588190451025207,0.2,22.1,78.0,10.0,24.498841251432896
2023-07-30 06:00:00,1.0,6.123233995736766e-17,1.3,22.4,80.0,6.0,27.243093654662374
2023-07-30 07:00:00,0.9659258262890684,-0.2588190451025206,0.0,22.3,81.0,7.0,30.179098816514017
2023-07-30 08:00:00,0.8660254037844387,-0.4999999999999998,0.0,22.5,78.0,6.0,32.34186623066664
2023-07-30 09:00:00,0.7071067811865476,-0.7071067811865475,0.0,23.0,75.0,6.0,33.162283135652544
2023-07-30 10:00:00,0.4999999999999999,-0.8660254037844387,0.0,24.0,72.0,6.0,32.89270131617785
2023-07-30 11:00:00,0.258819045102521,-0.9659258262890682,0.0,24.9,67.0,6.0,32.257276486158375
2023-07-30 12:00:00,1.2246467991473532e-16,-1.0,0.0,24.4,71.0,11.0,31.773093268573287
2023-07-30 13:00:00,-0.2588190451025208,-0.9659258262890684,0.0,24.0,72.0,13.0,31.42124646186829
2023-07-30 14:00:00,-0.4999999999999997,-0.8660254037844388,0.0,24.9,71.0,8.0,31.1596627253294
2023-07-30 15:00:00,-0.7071067811865471,-0.7071067811865479,0.0,25.8,66.0,9.0,30.8293742030859
2023-07-30 16:00:00,-0.8660254037844385,-0.5000000000000004,0.0,28.8,39.0,13.0,30.443296801745895
2023-07-30 17:00:00,-0.9659258262890684,-0.2588190451025206,0.0,29.3,38.0,13.0,30.087441245019438
2023-07-30 18:00:00,-1.0,-1.8369701987210294e-16,0.0,25.2,54.0,22.0,29.473322277069094
2023-07-30 19:00:00,-0.9659258262890684,0.2588190451025203,0.0,25.8,51.0,27.0,28.70973924458027
2023-07-30 20:00:00,-0.8660254037844386,0.5000000000000001,0.0,26.5,48.0,16.0,27.804940005093815
2023-07-30 21:00:00,-0.7071067811865477,0.7071067811865474,0.0,26.2,51.0,6.0,26.73048114448786
2023-07-30 22:00:00,-0.5000000000000004,0.8660254037844384,0.0,25.6,55.0,8.0,25.528847293108704
2023-07-30 23:00:00,-0.2588190451025215,0.965925826289068,0.0,25.4,54.0,5.0,24.304578390419486
2023-07-31 00:00:00,0.0,1.0,0.0,24.3,59.0,5.0,23.14556950211525
2023-07-31 01:00:00,0.2588190451025207,0.9659258262890684,0.0,24.1,60.0,6.0,22.16015661209822
2023-07-31 02:00:00,0.4999999999999999,0.8660254037844387,0.0,23.8,62.0,4.0,21.529798764437437
2023-07-31 03:00:00,0.7071067811865476,0.7071067811865476,0.0,23.7,64.0,5.0,21.493278716355565
2023-07-31 04:00:00,0.8660254037844386,0.5000000000000001,0.0,23.4,65.0,6.0,22.30445484355092
2023-07-31 05:00:00,0.9659258262890684,0.2588190451025207,0.0,22.9,66.0,5.0,24.209161843508483
2023-07-31 06:00:00,1.0,6.123233995736766e-17,0.0,22.5,66.0,4.0,27.09753948941827
2023-07-31 07:00:00,0.9659258262890684,-0.2588190451025206,0.0,23.9,61.0,4.0,30.258534201681616
2023-07-31 08:00:00,0.8660254037844387,-0.4999999999999998,0.0,24.5,58.0,3.0,32.44638322263956
2023-07-31 09:00:00,0.7071067811865476,-0.7071067811865475,0.0,25.4,61.0,3.0,33.06547650039196
2023-07-31 10:00:00,0.4999999999999999,-0.8660254037844387,0.0,25.7,59.0,7.0,32.47185140639544
2023-07-31 11:00:00,0.258819045102521,-0.9659258262890682,0.0,25.9,65.0,8.0,31.770302500724796
2023-07-31 12:00:00,1.2246467991473532e-16,-1.0,0.0,26.2,64.0,11.0,31.229130073785782
2023-07-31 13:00:00,-0.2588190451025208,-0.9659258262890684,0.0,26.4,61.0,13.0,30.97711720585823
2023-07-31 14:00:00,-0.4999999999999997,-0.8660254037844388,0.0,26.2,62.0,15.0,30.841375740468504
2023-07-31 15:00:00,-0.7071067811865471,-0.7071067811865479,0.0,26.0,67.0,13.0,30.63053596556187
2023-07-31 16:00:00,-0.8660254037844385,-0.5000000000000004,0.0,26.2,67.0,5.0,30.2441037607193
2023-07-31 17:00:00,-0.9659258262890684,-0.2588190451025206,0.0,27.2,64.0,3.0,29.750234937071802
2023-07-31 18:00:00,-1.0,-1.8369701987210294e-16,0.0,26.7,65.0,4.0,29.147707982063295
2023-07-31 19:00:00,-0.9659258262890684,0.2588190451025203,0.0,26.6,68.0,5.0,28.42459549635649
2023-07-31 20:00:00,-0.8660254037844386,0.5000000000000001,0.0,26.8,65.0,6.0,27.51687133446336
2023-07-31 21:00:00,-0.7071067811865477,0.7071067811865474,0.0,26.7,65.0,5.0,26.490634859353307
2023-07-31 22:00:00,-0.5000000000000004,0.8660254037844384,0.0,26.8,57.0,7.0,25.332191714942457
2023-07-31 23:00:00,-0.2588190451025215,0.965925826289068,0.0,26.6,60.0,5.0,24.18270691767335
