Date-time CET-CEST (DD/MM/YYYY HH:mm),hour_sin,hour_cos,Rainfall depth (mm),Air temperature (Â°C),Air humidity (%),Windspeed (km/h),DMA F (L/s)
2023-07-01 00:00:00,0.0,1.0,0.0,26.6,74.0,3.0,6.15986991584301
2023-07-01 01:00:00,0.2588190451025207,0.9659258262890684,0.0,26.2,70.0,5.0,5.6452213599160315
2023-07-01 02:00:00,0.4999999999999999,0.8660254037844387,0.0,25.9,69.0,5.0,5.378240374103188
2023-07-01 03:00:00,0.7071067811865476,0.7071067811865476,0.0,25.7,67.0,6.0,5.24875194709748
2023-07-01 04:00:00,0.8660254037844386,0.5000000000000001,0.0,25.3,69.0,5.0,5.270722599960863
2023-07-01 05:00:00,0.9659258262890684,0.2588190451025207,0.0,25.1,66.0,5.0,5.718367222398519
2023-07-01 06:00:00,1.0,6.123233995736766e-17,0.0,25.3,63.0,5.0,6.543424993939698
2023-07-01 07:00:00,0.9659258262890684,-0.2588190451025206,0.0,26.5,52.0,5.0,7.468706216067075
2023-07-01 08:00:00,0.8660254037844387,-0.4999999999999998,0.0,26.8,57.0,4.0,7.833263239637017
2023-07-01 09:00:00,0.7071067811865476,-0.7071067811865475,0.0,26.9,64.0,5.0,7.5933225094527
2023-07-01 10:00:00,0.4999999999999999,-0.8660254037844387,0.0,28.0,61.0,7.0,7.157171622812748
2023-07-01 11:00:00,0.258819045102521,-0.9659258262890682,0.0,27.5,70.0,13.0,6.73380416162312
2023-07-01 12:00:00,1.2246467991473532e-16,-1.0,0.0,27.9,61.0,16.0,6.431545951627195
2023-07-01 13:00:00,-0.2588190451025208,-0.9659258262890684,0.0,27.6,71.0,15.0,6.207592362724244
2023-07-01 14:00:00,-0.4999999999999997,-0.8660254037844388,0.0,27.6,81.0,20.0,6.094287563711404
2023-07-01 15:00:00,-0.7071067811865471,-0.7071067811865479,0.0,27.6,78.0,26.0,6.07559283554554
2023-07-01 16:00:00,-0.8660254037844385,-0.5000000000000004,0.0,28.3,70.0,24.0,6.137465027347207
2023-07-01 17:00:00,-0.9659258262890684,-0.2588190451025206,0.0,27.4,76.0,23.0,6.199761630445718
2023-07-01 18:00:00,-1.0,-1.8369701987210294e-16,0.0,27.6,76.0,25.0,6.266041264794767
2023-07-01 19:00:00,-0.9659258262890684,0.2588190451025203,0.0,27.7,74.0,20.0,6.221560603044927
2023-07-01 20:00:00,-0.8660254037844386,0.5000000000000001,0.0,27.5,75.0,14.0,6.044316080808639
2023-07-01 21:00:00,-0.7071067811865477,0.7071067811865474,0.0,27.6,73.0,5.0,5.761561878621578
2023-07-01 22:00:00,-0.5000000000000004,0.8660254037844384,0.0,27.3,75.0,4.0,5.413938816674054
2023-07-01 23:00:00,-0.2588190451025215,0.965925826289068,0.0,26.9,70.0,5.0,5.0615846003219485
2023-07-02 00:00:00,0.0,1.0,0.0,26.9,74.0,4.0,4.773863705284893
2023-07-02 01:00:00,0.2588190451025207,0.9659258262890684,0.0,26.8,69.0,4.0,4.575721102021634
2023-07-02 02:00:00,0.4999999999999999,0.8660254037844387,0.0,27.0,64.0,5.0,4.474793983399867
2023-07-02 03:00:00,0.7071067811865476,0.7071067811865476,0.0,27.2,61.0,5.0,4.44781365621835
2023-07-02 04:00:00,0.8660254037844386,0.5000000000000001,0.0,27.1,57.0,12.0,4.560049076303839
2023-07-02 05:00:00,0.9659258262890684,0.2588190451025207,0.0,27.1,56.0,29.0,5.0705974457785485
2023-07-02 06:00:00,1.0,6.123233995736766e-17,0.0,26.6,55.0,35.0,6.1343558707460755
2023-07-02 07:00:00,0.9659258262890684,-0.2588190451025206,0.0,26.6,52.0,40.0,7.201144366413355
2023-07-02 08:00:00,0.8660254037844387,-0.4999999999999998,0.0,27.2,48.0,36.0,7.562221119105816
2023-07-02 09:00:00,0.7071067811865476,-0.7071067811865475,0.0,27.8,50.0,32.0,7.3086761402338745
2023-07-02 10:00:00,0.4999999999999999,-0.8660254037844387,0.0,28.6,49.0,29.0,6.926389138251543
2023-07-02 11:00:00,0.258819045102521,-0.9659258262890682,0.0,29.6,44.0,26.0,6.589992344565689
2023-07-02 12:00:00,1.2246467991473532e-16,-1.0,0.0,30.6,43.0,20.0,6.303866430409252
2023-07-02 13:00:00,-0.2588190451025208,-0.9659258262890684,0.0,31.0,41.0,23.0,6.070538706108928
2023-07-02 14:00:00,-0.4999999999999997,-0.8660254037844388,0.0,31.3,41.0,18.0,5.948403548672795
2023-07-02 15:00:00,-0.7071067811865471,-0.7071067811865479,0.0,32.0,39.0,16.0,5.915987907834351
2023-07-02 16:00:00,-0.8660254037844385,-0.5000000000000004,0.0,31.0,48.0,10.0,5.951255307681858
2023-07-02 17:00:00,-0.9659258262890684,-0.2588190451025206,0.0,28.4,74.0,19.0,6.069350698329508
2023-07-02 18:00:00,-1.0,-1.8369701987210294e-16,0.0,28.0,76.0,12.0,6.215928557068109
2023-07-02 19:00:00,-0.9659258262890684,0.2588190451025203,0.0,27.9,80.0,10.0,6.240270558930933
2023-07-02 20:00:00,-0.8660254037844386,0.5000000000000001,0.0,27.6,80.0,8.0,6.082188403233886
2023-07-02 21:00:00,-0.7071067811865477,0.7071067811865474,0.0,27.3,82.0,8.0,5.779643077030777
2023-07-02 22:00:00,-0.5000000000000004,0.8660254037844384,0.0,29.1,50.0,16.0,5.38681456297636
2023-07-02 23:00:00,-0.2588190451025215,0.965925826289068,0.0,28.4,48.0,24.0,4.929000525176525
2023-07-03 00:00:00,0.0,1.0,0.0,27.7,49.0,22.0,4.642210363131016
2023-07-03 01:00:00,0.2588190451025207,0.9659258262890684,0.0,27.5,47.0,31.0,4.522475659288466
2023-07-03 02:00:00,0.4999999999999999,0.8660254037844387,0.0,26.8,46.0,31.0,4.453102341666817
2023-07-03 03:00:00,0.7071067811865476,0.7071067811865476,0.0,26.4,48.0,28.0,4.457225615307689
2023-07-03 04:00:00,0.8660254037844386,0.5000000000000001,0.0,25.8,49.0,23.0,4.539413059428334
2023-07-03 05:00:00,0.9659258262890684,0.2588190451025207,0.0,25.7,49.0,17.0,4.964592128098011
2023-07-03 06:00:00,1.0,6.123233995736766e-17,0.0,25.9,48.0,15.0,5.969041530415415
2023-07-03 07:00:00,0.9659258262890684,-0.2588190451025206,0.0,26.6,46.0,10.0,7.096812869906425
2023-07-03 08:00:00,0.8660254037844387,-0.4999999999999998,0.0,27.5,46.0,4.0,7.482380217537283
2023-07-03 09:00:00,0.7071067811865476,-0.7071067811865475,0.0,28.8,41.0,7.0,7.17603336468339
2023-07-03 10:00:00,0.4999999999999999,-0.8660254037844387,0.0,30.3,37.0,8.0,6.744548055008053
2023-07-03 11:00:00,0.258819045102521,-0.9659258262890682,0.0,27.5,64.0,11.0,6.374319933727383
2023-07-03 12:00:00,1.2246467991473532e-16,-1.0,0.0,27.2,67.0,12.0,6.166387134455144
2023-07-03 13:00:00,-0.2588190451025208,-0.9659258262890684,0.0,27.7,65.0,12.0,6.007950320243835
2023-07-03 14:00:00,-0.4999999999999997,-0.8660254037844388,0.0,28.3,64.0,6.0,5.920893689803779
2023-07-03 15:00:00,-0.7071067811865471,-0.7071067811865479,0.0,28.4,66.0,6.0,5.903958500139415
2023-07-03 16:00:00,-0.8660254037844385,-0.5000000000000004,0.0,28.4,63.0,9.0,5.9768614559248086
2023-07-03 17:00:00,-0.9659258262890684,-0.2588190451025206,0.0,28.7,63.0,5.0,6.104314771816134
2023-07-03 18:00:00,-1.0,-1.8369701987210294e-16,0.0,28.7,63.0,4.0,6.208267540186643
2023-07-03 19:00:00,-0.9659258262890684,0.2588190451025203,0.0,29.0,54.0,6.0,6.231352027095854
2023-07-03 20:00:00,-0.8660254037844386,0.5000000000000001,0.0,28.9,53.0,4.0,6.103681347779929
2023-07-03 21:00:00,-0.7071067811865477,0.7071067811865474,0.0,28.7,51.0,5.0,5.852363545782864
2023-07-03 22:00:00,-0.5000000000000004,0.8660254037844384,0.0,29.4,48.0,4.0,5.511358401887119
2023-07-03 23:00:00,-0.2588190451025215,0.965925826289068,0.0,30.2,36.0,5.0,5.124304632283747
2023-07-04 00:00:00,0.0,1.0,0.0,29.3,36.0,16.0,4.788981638476252
2023-07-04 01:00:00,0.2588190451025207,0.9659258262890684,0.0,29.5,35.0,18.0,4.575908010005951
2023-07-04 02:00:00,0.4999999999999999,0.8660254037844387,0.0,29.3,38.0,18.0,4.422900737654418
2023-07-04 03:00:00,0.7071067811865476,0.7071067811865476,0.0,28.7,40.0,15.0,4.308361142463982
2023-07-04 04:00:00,0.8660254037844386,0.5000000000000001,0.0,28.7,42.0,15.0,4.372821432668715
2023-07-04 05:00:00,0.9659258262890684,0.2588190451025207,0.0,28.3,44.0,11.0,4.976989211551845
2023-07-04 06:00:00,1.0,6.123233995736766e-17,0.0,28.0,45.0,15.0,6.265545872673392
2023-07-04 07:00:00,0.9659258262890684,-0.2588190451025206,0.0,29.4,41.0,8.0,7.439428713619709
2023-07-04 08:00:00,0.8660254037844387,-0.4999999999999998,0.0,30.7,37.0,13.0,7.585838821828365
2023-07-04 09:00:00,0.7071067811865476,-0.7071067811865475,0.0,32.0,31.0,17.0,7.118074205741286
2023-07-04 10:00:00,0.4999999999999999,-0.8660254037844387,0.0,33.8,27.0,15.0,6.639534749612212
2023-07-04 11:00:00,0.258819045102521,-0.9659258262890682,0.0,28.3,68.0,12.0,6.247071455232799
2023-07-04 12:00:00,1.2246467991473532e-16,-1.0,0.0,28.3,69.0,13.0,6.078735394887626
2023-07-04 13:00:00,-0.2588190451025208,-0.9659258262890684,0.0,29.7,53.0,4.0,5.921586551070213
2023-07-04 14:00:00,-0.4999999999999997,-0.8660254037844388,0.0,28.9,63.0,5.0,5.796864891685545
2023-07-04 15:00:00,-0.7071067811865471,-0.7071067811865479,0.0,29.6,55.0,5.0,5.806144713461399
2023-07-04 16:00:00,-0.8660254037844385,-0.5000000000000004,0.0,29.8,45.0,5.0,5.882578289844095
2023-07-04 17:00:00,-0.9659258262890684,-0.2588190451025206,0.0,30.2,44.0,5.0,6.0195337031036615
2023-07-04 18:00:00,-1.0,-1.8369701987210294e-16,0.0,30.0,49.0,7.0,6.142598979510367
2023-07-04 19:00:00,-0.9659258262890684,0.2588190451025203,0.0,29.5,56.0,9.0,6.194562837667763
2023-07-04 20:00:00,-0.8660254037844386,0.5000000000000001,0.0,29.2,57.0,8.0,6.099344886057079
2023-07-04 21:00:00,-0.7071067811865477,0.7071067811865474,0.0,30.3,45.0,4.0,5.842785801030695
2023-07-04 22:00:00,-0.5000000000000004,0.8660254037844384,0.0,29.2,54.0,6.0,5.4503519796580076
2023-07-04 23:00:00,-0.2588190451025215,0.965925826289068,0.0,28.4,70.0,7.0,5.072427228279412
2023-07-05 00:00:00,0.0,1.0,0.0,28.2,56.0,20.0,4.716622950881719
2023-07-05 01:00:00,0.2588190451025207,0.9659258262890684,0.0,28.3,52.0,12.0,4.425531326308846
2023-07-05 02:00:00,0.4999999999999999,0.8660254037844387,0.0,28.4,49.0,5.0,4.277295119725167
2023-07-05 03:00:00,0.7071067811865476,0.7071067811865476,0.0,28.0,50.0,7.0,4.235998647939414
2023-07-05 04:00:00,0.8660254037844386,0.5000000000000001,0.0,27.4,54.0,8.0,4.361215331032872
2023-07-05 05:00:00,0.9659258262890684,0.2588190451025207,0.0,26.8,56.0,19.0,4.928881405107677
2023-07-05 06:00:00,1.0,6.123233995736766e-17,0.0,26.3,57.0,15.0,6.097933129034936
2023-07-05 07:00:00,0.9659258262890684,-0.2588190451025206,0.0,26.5,58.0,13.0,7.1828219805657865
2023-07-05 08:00:00,0.8660254037844387,-0.4999999999999998,0.0,27.2,54.0,14.0,7.426980298012495
2023-07-05 09:00:00,0.7071067811865476,-0.7071067811865475,0.0,28.4,53.0,14.0,7.06532882168889
2023-07-05 10:00:00,0.4999999999999999,-0.8660254037844387,0.0,29.1,49.0,18.0,6.64625557757914
2023-07-05 11:00:00,0.258819045102521,-0.9659258262890682,0.0,30.6,39.0,14.0,6.357783366478979
2023-07-05 12:00:00,1.2246467991473532e-16,-1.0,0.0,30.0,44.0,6.0,6.100769169107079
2023-07-05 13:00:00,-0.2588190451025208,-0.9659258262890684,0.0,31.4,38.0,14.0,5.939830833449959
2023-07-05 14:00:00,-0.4999999999999997,-0.8660254037844388,0.0,32.4,31.0,15.0,5.842398476600647
2023-07-05 15:00:00,-0.7071067811865471,-0.7071067811865479,0.0,28.9,63.0,14.0,5.821607972048223
2023-07-05 16:00:00,-0.8660254037844385,-0.5000000000000004,0.0,28.8,68.0,17.0,5.97196377903223
2023-07-05 17:00:00,-0.9659258262890684,-0.2588190451025206,0.0,30.2,48.0,32.0,6.110761255212128
2023-07-05 18:00:00,-1.0,-1.8369701987210294e-16,0.0,28.7,54.0,30.0,6.150121473260223
2023-07-05 19:00:00,-0.9659258262890684,0.2588190451025203,0.0,29.7,46.0,27.0,6.151455372422934
2023-07-05 20:00:00,-0.8660254037844386,0.5000000000000001,0.0,29.3,51.0,22.0,5.9808683111891146
2023-07-05 21:00:00,-0.7071067811865477,0.7071067811865474,0.0,29.0,53.0,15.0,5.707344317883253
2023-07-05 22:00:00,-0.5000000000000004,0.8660254037844384,0.0,28.2,56.0,22.0,5.370315328203142
2023-07-05 23:00:00,-0.2588190451025215,0.965925826289068,0.0,26.9,59.0,33.0,5.017854517810046
2023-07-06 00:00:00,0.0,1.0,0.0,26.9,60.0,35.0,4.702700148113071
2023-07-06 01:00:00,0.2588190451025207,0.9659258262890684,0.0,27.4,54.0,34.0,4.439636370502412
2023-07-06 02:00:00,0.4999999999999999,0.8660254037844387,0.0,27.4,52.0,36.0,4.272260393351316
2023-07-06 03:00:00,0.7071067811865476,0.7071067811865476,0.0,26.7,53.0,22.0,4.215763095542788
2023-07-06 04:00:00,0.8660254037844386,0.5000000000000001,0.0,26.1,57.0,14.0,4.340754187330603
2023-07-06 05:00:00,0.9659258262890684,0.2588190451025207,0.0,25.6,62.0,15.0,4.799381925724447
2023-07-06 06:00:00,1.0,6.123233995736766e-17,0.0,25.5,56.0,10.0,5.752833693288267
2023-07-06 07:00:00,0.9659258262890684,-0.2588190451025206,0.0,26.4,47.0,15.0,6.81074148081243
2023-07-06 08:00:00,0.8660254037844387,-0.4999999999999998,0.0,27.1,47.0,11.0,7.3047970013320445
2023-07-06 09:00:00,0.7071067811865476,-0.7071067811865475,0.0,27.9,42.0,14.0,7.120627059340477
2023-07-06 10:00:00,0.4999999999999999,-0.8660254037844387,0.0,28.7,36.0,20.0,6.76541641741991
2023-07-06 11:00:00,0.258819045102521,-0.9659258262890682,0.0,29.5,29.0,19.0,6.481934231966734
2023-07-06 12:00:00,1.2246467991473532e-16,-1.0,0.0,29.3,36.0,15.0,6.256777898781001
2023-07-06 13:00:00,-0.2588190451025208,-0.9659258262890684,0.0,28.4,49.0,15.0,6.099559056572616
2023-07-06 14:00:00,-0.4999999999999997,-0.8660254037844388,0.0,28.7,49.0,22.0,6.03148279685527
2023-07-06 15:00:00,-0.7071067811865471,-0.7071067811865479,0.0,28.6,55.0,23.0,6.038001489117741
2023-07-06 16:00:00,-0.8660254037844385,-0.5000000000000004,0.0,28.8,58.0,22.0,6.106883098743856
2023-07-06 17:00:00,-0.9659258262890684,-0.2588190451025206,0.0,29.1,54.0,21.0,6.186798665262758
2023-07-06 18:00:00,-1.0,-1.8369701987210294e-16,0.0,28.0,63.0,26.0,6.236208196170628
2023-07-06 19:00:00,-0.9659258262890684,0.2588190451025203,0.0,28.3,49.0,24.0,6.229739116802811
2023-07-06 20:00:00,-0.8660254037844386,0.5000000000000001,0.0,27.8,57.0,8.0,6.085450573861599
2023-07-06 21:00:00,-0.7071067811865477,0.7071067811865474,0.0,27.5,54.0,7.0,5.848479249104857
2023-07-06 22:00:00,-0.5000000000000004,0.8660254037844384,0.0,27.4,46.0,8.0,5.515764125175774
2023-07-06 23:00:00,-0.2588190451025215,0.965925826289068,0.0,27.4,39.0,6.0,5.166344437859952
2023-07-07 00:00:00,0.0,1.0,0.0,27.3,41.0,7.0,4.87941538427025
2023-07-07 01:00:00,0.2588190451025207,0.9659258262890684,0.0,27.3,40.0,8.0,4.665710787847638
2023-07-07 02:00:00,0.4999999999999999,0.8660254037844387,0.0,26.6,41.0,11.0,4.506650865152478
2023-07-07 03:00:00,0.7071067811865476,0.7071067811865476,0.0,25.2,46.0,16.0,4.365374095086008
2023-07-07 04:00:00,0.8660254037844386,0.5000000000000001,0.0,24.8,49.0,22.0,4.3885924385674295
2023-07-07 05:00:00,0.9659258262890684,0.2588190451025207,0.0,25.4,48.0,38.0,4.967930437326431
2023-07-07 06:00:00,1.0,6.123233995736766e-17,2.6,21.2,69.0,36.0,6.3084757630527015
2023-07-07 07:00:00,0.9659258262890684,-0.2588190451025206,0.1,21.1,65.0,32.0,7.439835932329297
2023-07-07 08:00:00,0.8660254037844387,-0.4999999999999998,0.4,21.4,67.0,26.0,7.57327644392848
2023-07-07 09:00:00,0.7071067811865476,-0.7071067811865475,0.0,22.3,63.0,23.0,7.203744868040085
2023-07-07 10:00:00,0.4999999999999999,-0.8660254037844387,0.0,24.9,56.0,20.0,6.89458481669426
2023-07-07 11:00:00,0.258819045102521,-0.9659258262890682,0.0,27.2,42.0,14.0,6.6402723116055125
2023-07-07 12:00:00,1.2246467991473532e-16,-1.0,0.0,27.2,44.0,6.0,6.397626696228981
2023-07-07 13:00:00,-0.2588190451025208,-0.9659258262890684,0.0,26.7,52.0,11.0,6.248792924433946
2023-07-07 14:00:00,-0.4999999999999997,-0.8660254037844388,0.0,26.5,56.0,14.0,6.220823286660015
2023-07-07 15:00:00,-0.7071067811865471,-0.7071067811865479,0.0,26.5,56.0,9.0,6.254290622621775
2023-07-07 16:00:00,-0.8660254037844385,-0.5000000000000004,0.0,26.5,57.0,12.0,6.332152657397091
2023-07-07 17:00:00,-0.9659258262890684,-0.2588190451025206,0.0,27.2,52.0,14.0,6.440358626246452
2023-07-07 18:00:00,-1.0,-1.8369701987210294e-16,0.0,27.4,49.0,18.0,6.5011142823100085
2023-07-07 19:00:00,-0.9659258262890684,0.2588190451025203,4.0,20.3,77.0,40.0,6.474217707589268
2023-07-07 20:00:00,-0.8660254037844386,0.5000000000000001,0.3,21.1,66.0,41.0,6.511439658999443
2023-07-07 21:00:00,-0.7071067811865477,0.7071067811865474,0.0,22.3,57.0,40.0,6.252594451084732
2023-07-07 22:00:00,-0.5000000000000004,0.8660254037844384,0.0,21.1,64.0,35.0,5.766093599013984
2023-07-07 23:00:00,-0.2588190451025215,0.965925826289068,0.0,21.0,66.0,42.0,5.322522146105766
2023-07-08 00:00:00,0.0,1.0,0.0,21.2,64.0,40.0,4.9275165592879056
2023-07-08 01:00:00,0.2588190451025207,0.9659258262890684,0.0,21.3,62.0,46.0,4.670869792066514
2023-07-08 02:00:00,0.4999999999999999,0.8660254037844387,0.0,20.7,65.0,42.0,4.560858969967812
2023-07-08 03:00:00,0.7071067811865476,0.7071067811865476,0.0,20.9,63.0,42.0,4.602763076908886
2023-07-08 04:00:00,0.8660254037844386,0.5000000000000001,0.0,20.0,68.0,52.0,4.65331935338676
2023-07-08 05:00:00,0.9659258262890684,0.2588190451025207,0.0,20.3,66.0,44.0,5.01492490094155
2023-07-08 06:00:00,1.0,6.123233995736766e-17,0.0,20.4,64.0,44.0,5.840846968404948
2023-07-08 07:00:00,0.9659258262890684,-0.2588190451025206,0.0,21.1,59.0,42.0,6.8475085654854775
2023-07-08 08:00:00,0.8660254037844387,-0.4999999999999998,0.0,21.5,58.0,41.0,7.413322506695986
2023-07-08 09:00:00,0.7071067811865476,-0.7071067811865475,0.0,22.8,53.0,36.0,7.443419358730316
2023-07-08 10:00:00,0.4999999999999999,-0.8660254037844387,0.0,24.2,47.0,29.0,7.23007114008069
2023-07-08 11:00:00,0.258819045102521,-0.9659258262890682,0.0,25.2,42.0,28.0,6.966024437695742
2023-07-08 12:00:00,1.2246467991473532e-16,-1.0,0.0,24.3,54.0,28.0,6.734228327311575
2023-07-08 13:00:00,-0.2588190451025208,-0.9659258262890684,0.0,24.5,56.0,21.0,6.592444989942014
2023-07-08 14:00:00,-0.4999999999999997,-0.8660254037844388,0.0,24.7,56.0,18.0,6.49579465020448
2023-07-08 15:00:00,-0.7071067811865471,-0.7071067811865479,0.0,24.7,61.0,18.0,6.4807027515023945
2023-07-08 16:00:00,-0.8660254037844385,-0.5000000000000004,0.0,25.3,59.0,18.0,6.540947296507657
2023-07-08 17:00:00,-0.9659258262890684,-0.2588190451025206,0.0,27.8,31.0,23.0,6.615482565648853
2023-07-08 18:00:00,-1.0,-1.8369701987210294e-16,0.0,27.9,30.0,30.0,6.605467637963593
2023-07-08 19:00:00,-0.9659258262890684,0.2588190451025203,0.0,27.9,30.0,30.0,6.569096965231001
2023-07-08 20:00:00,-0.8660254037844386,0.5000000000000001,0.0,27.1,33.0,26.0,6.4500682627037165
2023-07-08 21:00:00,-0.7071067811865477,0.7071067811865474,0.0,26.0,37.0,26.0,6.23123118776828
2023-07-08 22:00:00,-0.5000000000000004,0.8660254037844384,0.0,25.0,41.0,28.0,5.914136757403612
2023-07-08 23:00:00,-0.2588190451025215,0.965925826289068,0.0,24.2,44.0,33.0,5.5335712246224285
2023-07-09 00:00:00,0.0,1.0,0.0,23.2,46.0,36.0,5.142403023280203
2023-07-09 01:00:00,0.2588190451025207,0.9659258262890684,0.0,22.8,46.0,39.0,4.809315311424434
2023-07-09 02:00:00,0.4999999999999999,0.8660254037844387,0.0,22.5,45.0,46.0,4.557087039127945
2023-07-09 03:00:00,0.7071067811865476,0.7071067811865476,0.0,22.2,43.0,46.0,4.393207665812223
2023-07-09 04:00:00,0.8660254037844386,0.5000000000000001,0.0,21.6,43.0,44.0,4.429772246368229
2023-07-09 05:00:00,0.9659258262890684,0.2588190451025207,0.0,21.2,42.0,45.0,4.951031597703695
2023-07-09 06:00:00,1.0,6.123233995736766e-17,0.0,21.3,38.0,23.0,6.14348955553025
2023-07-09 07:00:00,0.9659258262890684,-0.2588190451025206,0.0,21.7,38.0,14.0,7.407778142914176
2023-07-09 08:00:00,0.8660254037844387,-0.4999999999999998,0.0,22.3,38.0,10.0,7.905256953164935
2023-07-09 09:00:00,0.7071067811865476,-0.7071067811865475,0.0,23.6,33.0,11.0,7.64417621769011
2023-07-09 10:00:00,0.4999999999999999,-0.8660254037844387,0.0,24.5,31.0,13.0,7.212785221636295
2023-07-09 11:00:00,0.258819045102521,-0.9659258262890682,0.0,24.3,40.0,14.0,6.882623688131571
2023-07-09 12:00:00,1.2246467991473532e-16,-1.0,0.0,23.9,46.0,14.0,6.662171983644366
2023-07-09 13:00:00,-0.2588190451025208,-0.9659258262890684,0.0,24.4,44.0,18.0,6.524914963282645
2023-07-09 14:00:00,-0.4999999999999997,-0.8660254037844388,0.0,24.6,47.0,20.0,6.465214686468244
2023-07-09 15:00:00,-0.7071067811865471,-0.7071067811865479,0.0,24.8,51.0,22.0,6.486039084978401
2023-07-09 16:00:00,-0.8660254037844385,-0.5000000000000004,0.0,25.2,51.0,20.0,6.561623838767409
2023-07-09 17:00:00,-0.9659258262890684,-0.2588190451025206,0.0,25.3,53.0,18.0,6.650188995935022
2023-07-09 18:00:00,-1.0,-1.8369701987210294e-16,0.0,25.2,59.0,15.0,6.714832141585648
2023-07-09 19:00:00,-0.9659258262890684,0.2588190451025203,0.0,25.5,59.0,10.0,6.694787795320153
2023-07-09 20:00:00,-0.8660254037844386,0.5000000000000001,0.0,25.5,52.0,7.0,6.529437104947865
2023-07-09 21:00:00,-0.7071067811865477,0.7071067811865474,0.0,25.4,52.0,5.0,6.2373431525379415
2023-07-09 22:00:00,-0.5000000000000004,0.8660254037844384,0.0,24.6,53.0,9.0,5.8664020301029085
2023-07-09 23:00:00,-0.2588190451025215,0.965925826289068,0.0,24.2,53.0,7.0,5.485559696666896
2023-07-10 00:00:00,0.0,1.0,0.0,23.7,55.0,6.0,5.137276684977114
2023-07-10 01:00:00,0.2588190451025207,0.9659258262890684,0.0,23.3,55.0,6.0,4.852019242085516
2023-07-10 02:00:00,0.4999999999999999,0.8660254037844387,0.0,22.6,56.0,6.0,4.62174037752673
2023-07-10 03:00:00,0.7071067811865476,0.7071067811865476,0.0,22.2,58.0,6.0,4.434351123571395
2023-07-10 04:00:00,0.8660254037844386,0.5000000000000001,0.0,22.4,63.0,5.0,4.408283722773194
2023-07-10 05:00:00,0.9659258262890684,0.2588190451025207,0.0,21.9,63.0,6.0,4.942200993672013
2023-07-10 06:00:00,1.0,6.123233995736766e-17,0.0,22.3,62.0,5.0,6.246002567522227
2023-07-10 07:00:00,0.9659258262890684,-0.2588190451025206,0.0,22.7,60.0,6.0,7.508579264432192
2023-07-10 08:00:00,0.8660254037844387,-0.4999999999999998,0.0,23.9,51.0,5.0,7.804971609264612
2023-07-10 09:00:00,0.7071067811865476,-0.7071067811865475,0.0,24.4,53.0,5.0,7.410248472094536
2023-07-10 10:00:00,0.4999999999999999,-0.8660254037844387,0.0,23.8,62.0,6.0,6.9864836165308954
2023-07-10 11:00:00,0.258819045102521,-0.9659258262890682,0.0,24.8,62.0,5.0,6.712855730876326
2023-07-10 12:00:00,1.2246467991473532e-16,-1.0,0.0,24.6,56.0,4.0,6.477553315125405
2023-07-10 13:00:00,-0.2588190451025208,-0.9659258262890684,0.0,24.7,54.0,6.0,6.342806903719902
2023-07-10 14:00:00,-0.4999999999999997,-0.8660254037844388,0.0,25.0,50.0,10.0,6.303835483752191
2023-07-10 15:00:00,-0.7071067811865471,-0.7071067811865479,0.0,25.1,50.0,11.0,6.34631959490478
2023-07-10 16:00:00,-0.8660254037844385,-0.5000000000000004,0.0,25.2,54.0,12.0,6.453805931173265
2023-07-10 17:00:00,-0.9659258262890684,-0.2588190451025206,0.0,25.3,53.0,10.0,6.590109745375812
2023-07-10 18:00:00,-1.0,-1.8369701987210294e-16,0.0,25.2,54.0,8.0,6.690525998547673
2023-07-10 19:00:00,-0.9659258262890684,0.2588190451025203,0.0,25.1,60.0,6.0,6.694658605307341
2023-07-10 20:00:00,-0.8660254037844386,0.5000000000000001,0.0,26.0,44.0,16.0,6.556102316565811
2023-07-10 21:00:00,-0.7071067811865477,0.7071067811865474,0.0,25.4,46.0,13.0,6.229644557572901
2023-07-10 22:00:00,-0.5000000000000004,0.8660254037844384,0.0,24.8,47.0,13.0,5.855690311416983
2023-07-10 23:00:00,-0.2588190451025215,0.965925826289068,0.0,24.6,47.0,10.0,5.467498392537236
2023-07-11 00:00:00,0.0,1.0,0.0,23.8,50.0,13.0,5.110402951836586
2023-07-11 01:00:00,0.2588190451025207,0.9659258262890684,0.0,23.3,51.0,11.0,4.818638360276818
2023-07-11 02:00:00,0.4999999999999999,0.8660254037844387,0.0,22.9,51.0,15.0,4.581797576379031
2023-07-11 03:00:00,0.7071067811865476,0.7071067811865476,0.0,21.6,56.0,12.0,4.388359479010105
2023-07-11 04:00:00,0.8660254037844386,0.5000000000000001,0.0,21.4,55.0,14.0,4.3541695631667965
2023-07-11 05:00:00,0.9659258262890684,0.2588190451025207,0.0,21.0,56.0,13.0,4.893836772069335
2023-07-11 06:00:00,1.0,6.123233995736766e-17,0.0,20.2,57.0,24.0,6.230395873636007
2023-07-11 07:00:00,0.9659258262890684,-0.2588190451025206,0.0,20.3,53.0,26.0,7.5965085414797064
2023-07-11 08:00:00,0.8660254037844387,-0.4999999999999998,0.0,20.6,53.0,26.0,7.992460703030228
2023-07-11 09:00:00,0.7071067811865476,-0.7071067811865475,0.0,22.2,45.0,27.0,7.659512005522847
2023-07-11 10:00:00,0.4999999999999999,-0.8660254037844387,0.0,23.3,42.0,21.0,7.265368995368481
2023-07-11 11:00:00,0.258819045102521,-0.9659258262890682,0.0,24.1,43.0,19.0,6.982103436514735
2023-07-11 12:00:00,1.2246467991473532e-16,-1.0,0.0,24.7,44.0,8.0,6.773286201432347
2023-07-11 13:00:00,-0.2588190451025208,-0.9659258262890684,0.0,24.6,47.0,11.0,6.595659512542188
2023-07-11 14:00:00,-0.4999999999999997,-0.8660254037844388,0.0,24.7,51.0,14.0,6.528575756326317
2023-07-11 15:00:00,-0.7071067811865471,-0.7071067811865479,0.0,24.6,51.0,17.0,6.53527546197176
2023-07-11 16:00:00,-0.8660254037844385,-0.5000000000000004,0.0,24.3,53.0,21.0,6.6138583573698995
2023-07-11 17:00:00,-0.9659258262890684,-0.2588190451025206,0.0,24.5,56.0,20.0,6.732242583483457
2023-07-11 18:00:00,-1.0,-1.8369701987210294e-16,0.0,24.3,56.0,14.0,6.806474771872162
2023-07-11 19:00:00,-0.9659258262890684,0.2588190451025203,0.0,24.5,59.0,11.0,6.79140178501606
2023-07-11 20:00:00,-0.8660254037844386,0.5000000000000001,0.0,24.4,56.0,6.0,6.625039433687925
2023-07-11 21:00:00,-0.7071067811865477,0.7071067811865474,0.0,24.0,58.0,3.0,6.331682071723043
2023-07-11 22:00:00,-0.5000000000000004,0.8660254037844384,0.0,24.0,62.0,4.0,5.959385682195425
2023-07-11 23:00:00,-0.2588190451025215,0.965925826289068,0.0,23.6,66.0,6.0,5.542839502803981
2023-07-12 00:00:00,0.0,1.0,0.0,23.6,48.0,12.0,5.160508045703172
2023-07-12 01:00:00,0.2588190451025207,0.9659258262890684,0.0,23.1,49.0,14.0,4.861966627463698
2023-07-12 02:00:00,0.4999999999999999,0.8660254037844387,0.0,23.0,48.0,10.0,4.6674736420623955
2023-07-12 03:00:00,0.7071067811865476,0.7071067811865476,0.0,23.2,47.0,11.0,4.539428532756864
2023-07-12 04:00:00,0.8660254037844386,0.5000000000000001,0.0,22.9,45.0,12.0,4.582393790744245
2023-07-12 05:00:00,0.9659258262890684,0.2588190451025207,0.0,23.0,45.0,9.0,5.217882165461778
2023-07-12 06:00:00,1.0,6.123233995736766e-17,0.0,23.0,43.0,10.0,6.580707119405269
2023-07-12 07:00:00,0.9659258262890684,-0.2588190451025206,0.0,23.4,44.0,13.0,7.892010801509023
2023-07-12 08:00:00,0.8660254037844387,-0.4999999999999998,0.0,24.2,42.0,13.0,8.126334467828274
2023-07-12 09:00:00,0.7071067811865476,-0.7071067811865475,0.0,25.4,37.0,8.0,7.6118629955500365
2023-07-12 10:00:00,0.4999999999999999,-0.8660254037844387,0.0,24.3,51.0,10.0,7.074909513741732
2023-07-12 11:00:00,0.258819045102521,-0.9659258262890682,0.0,24.7,49.0,10.0,6.781740042194724
2023-07-12 12:00:00,1.2246467991473532e-16,-1.0,0.0,24.7,49.0,14.0,6.563403517156839
2023-07-12 13:00:00,-0.2588190451025208,-0.9659258262890684,0.0,24.9,54.0,17.0,6.444891574680805
2023-07-12 14:00:00,-0.4999999999999997,-0.8660254037844388,0.0,24.6,58.0,15.0,6.392256714403629
2023-07-12 15:00:00,-0.7071067811865471,-0.7071067811865479,0.0,24.8,63.0,16.0,6.4139262513816355
2023-07-12 16:00:00,-0.8660254037844385,-0.5000000000000004,0.0,24.6,66.0,19.0,6.482739581875503
2023-07-12 17:00:00,-0.9659258262890684,-0.2588190451025206,0.0,24.7,68.0,19.0,6.588373539671301
2023-07-12 18:00:00,-1.0,-1.8369701987210294e-16,0.0,24.6,65.0,15.0,6.658661502934992
2023-07-12 19:00:00,-0.9659258262890684,0.2588190451025203,0.0,24.6,63.0,12.0,6.635949849560856
2023-07-12 20:00:00,-0.8660254037844386,0.5000000000000001,0.0,24.5,62.0,5.0,6.480608192272484
2023-07-12 21:00:00,-0.7071067811865477,0.7071067811865474,0.1,23.2,57.0,15.0,6.206553193628788
2023-07-12 22:00:00,-0.5000000000000004,0.8660254037844384,0.4,21.8,68.0,13.0,5.862010060884058
2023-07-12 23:00:00,-0.2588190451025215,0.965925826289068,0.0,22.2,64.0,9.0,5.510608805082738
2023-07-13 00:00:00,0.0,1.0,0.0,21.8,64.0,17.0,5.138334520310163
2023-07-13 01:00:00,0.2588190451025207,0.9659258262890684,0.0,22.7,56.0,15.0,4.826089136376977
2023-07-13 02:00:00,0.4999999999999999,0.8660254037844387,0.0,22.4,51.0,14.0,4.591232745461165
2023-07-13 03:00:00,0.7071067811865476,0.7071067811865476,0.0,21.8,53.0,12.0,4.484035490266979
2023-07-13 04:00:00,0.8660254037844386,0.5000000000000001,0.0,22.0,51.0,6.0,4.564498640689998
2023-07-13 05:00:00,0.9659258262890684,0.2588190451025207,0.0,21.7,51.0,7.0,5.149992076903581
2023-07-13 06:00:00,1.0,6.123233995736766e-17,0.0,21.3,52.0,8.0,6.447814314514399
2023-07-13 07:00:00,0.9659258262890684,-0.2588190451025206,0.0,22.3,48.0,6.0,7.739501745775342
2023-07-13 08:00:00,0.8660254037844387,-0.4999999999999998,0.0,22.6,53.0,4.0,8.036675616502762
2023-07-13 09:00:00,0.7071067811865476,-0.7071067811865475,0.0,23.3,54.0,4.0,7.55648567199707
2023-07-13 10:00:00,0.4999999999999999,-0.8660254037844387,0.0,23.3,56.0,6.0,7.04536921031773
2023-07-13 11:00:00,0.258819045102521,-0.9659258262890682,0.0,23.4,60.0,11.0,6.75166038274765
2023-07-13 12:00:00,1.2246467991473532e-16,-1.0,0.0,24.1,56.0,13.0,6.572652146667242
2023-07-13 13:00:00,-0.2588190451025208,-0.9659258262890684,0.0,25.2,52.0,11.0,6.447801051661372
2023-07-13 14:00:00,-0.4999999999999997,-0.8660254037844388,0.0,25.4,53.0,12.0,6.365229967236519
2023-07-13 15:00:00,-0.7071067811865471,-0.7071067811865479,0.0,25.2,51.0,12.0,6.372062055803835
2023-07-13 16:00:00,-0.8660254037844385,-0.5000000000000004,0.0,25.3,58.0,12.0,6.470224115177989
2023-07-13 17:00:00,-0.9659258262890684,-0.2588190451025206,0.0,25.6,60.0,7.0,6.591220140904188
2023-07-13 18:00:00,-1.0,-1.8369701987210294e-16,0.0,25.4,59.0,4.0,6.671402192525566
2023-07-13 19:00:00,-0.9659258262890684,0.2588190451025203,0.0,25.3,60.0,5.0,6.6717890257388355
2023-07-13 20:00:00,-0.8660254037844386,0.5000000000000001,0.0,25.5,60.0,6.0,6.534427867420018
2023-07-13 21:00:00,-0.7071067811865477,0.7071067811865474,0.0,25.3,61.0,5.0,6.23981028880924
2023-07-13 22:00:00,-0.5000000000000004,0.8660254037844384,0.0,24.9,67.0,6.0,5.84964638017118
2023-07-13 23:00:00,-0.2588190451025215,0.965925826289068,0.0,24.9,60.0,6.0,5.427766077779233
2023-07-14 00:00:00,0.0,1.0,0.0,24.5,61.0,5.0,5.044044477194547
2023-07-14 01:00:00,0.2588190451025207,0.9659258262890684,0.0,24.0,63.0,5.0,4.7621413080766795
2023-07-14 02:00:00,0.4999999999999999,0.8660254037844387,0.0,24.0,63.0,4.0,4.571467778738588
2023-07-14 03:00:00,0.7071067811865476,0.7071067811865476,0.0,23.4,63.0,4.0,4.45216006508097
2023-07-14 04:00:00,0.8660254037844386,0.5000000000000001,0.0,23.3,66.0,2.0,4.510072312820703
2023-07-14 05:00:00,0.9659258262890684,0.2588190451025207,0.0,23.1,66.0,5.0,5.025461746454239
2023-07-14 06:00:00,1.0,6.123233995736766e-17,0.0,22.8,65.0,4.0,6.194952618181706
2023-07-14 07:00:00,0.9659258262890684,-0.2588190451025206,0.0,23.9,59.0,3.0,7.36709999024868
2023-07-14 08:00:00,0.8660254037844387,-0.4999999999999998,0.0,23.5,67.0,2.0,7.685910977646708
2023-07-14 09:00:00,0.7071067811865476,-0.7071067811865475,0.0,24.7,67.0,3.0,7.347537773251533
2023-07-14 10:00:00,0.4999999999999999,-0.8660254037844387,0.0,24.8,69.0,6.0,6.907921352237463
2023-07-14 11:00:00,0.258819045102521,-0.9659258262890682,0.0,24.7,71.0,6.0,6.611843386143446
2023-07-14 12:00:00,1.2246467991473532e-16,-1.0,0.0,25.3,64.0,7.0,6.407413944937288
2023-07-14 13:00:00,-0.2588190451025208,-0.9659258262890684,0.0,26.3,56.0,8.0,6.265354298129678
2023-07-14 14:00:00,-0.4999999999999997,-0.8660254037844388,0.0,26.2,63.0,9.0,6.188496064841747
2023-07-14 15:00:00,-0.7071067811865471,-0.7071067811865479,0.0,26.4,64.0,9.0,6.212747437208891
2023-07-14 16:00:00,-0.8660254037844385,-0.5000000000000004,0.0,26.8,63.0,6.0,6.305926102362573
2023-07-14 17:00:00,-0.9659258262890684,-0.2588190451025206,0.0,26.5,64.0,6.0,6.4120483296364545
2023-07-14 18:00:00,-1.0,-1.8369701987210294e-16,0.0,26.9,58.0,7.0,6.50847320087254
2023-07-14 19:00:00,-0.9659258262890684,0.2588190451025203,0.0,26.7,62.0,5.0,6.4989192801341416
2023-07-14 20:00:00,-0.8660254037844386,0.5000000000000001,0.0,26.6,65.0,5.0,6.363415658064186
2023-07-14 21:00:00,-0.7071067811865477,0.7071067811865474,0.0,25.8,67.0,3.0,6.084640557393431
2023-07-14 22:00:00,-0.5000000000000004,0.8660254037844384,0.0,25.8,71.0,2.0,5.72835832607001
2023-07-14 23:00:00,-0.2588190451025215,0.965925826289068,0.0,26.0,46.0,5.0,5.316267728470265
2023-07-15 00:00:00,0.0,1.0,0.0,25.5,45.0,5.0,4.953234459348023
2023-07-15 01:00:00,0.2588190451025207,0.9659258262890684,0.0,25.1,46.0,3.0,4.733129799515009
2023-07-15 02:00:00,0.4999999999999999,0.8660254037844387,0.0,24.5,48.0,5.0,4.602678096406161
2023-07-15 03:00:00,0.7071067811865476,0.7071067811865476,0.0,24.2,49.0,4.0,4.523393866252154
2023-07-15 04:00:00,0.8660254037844386,0.5000000000000001,0.0,23.7,50.0,4.0,4.592749008852988
2023-07-15 05:00:00,0.9659258262890684,0.2588190451025207,0.0,23.5,52.0,3.0,5.19842334959656
2023-07-15 06:00:00,1.0,6.123233995736766e-17,0.0,23.5,54.0,3.0,6.5272212260589
2023-07-15 07:00:00,0.9659258262890684,-0.2588190451025206,0.0,24.8,44.0,2.0,7.732886529415846
2023-07-15 08:00:00,0.8660254037844387,-0.4999999999999998,0.0,25.2,51.0,2.0,7.887161018252373
2023-07-15 09:00:00,0.7071067811865476,-0.7071067811865475,0.0,25.4,55.0,5.0,7.368491607382893
2023-07-15 10:00:00,0.4999999999999999,-0.8660254037844387,0.0,25.2,65.0,12.0,6.887147794663906
2023-07-15 11:00:00,0.258819045102521,-0.9659258262890682,0.0,25.5,66.0,11.0,6.594024743102491
2023-07-15 12:00:00,1.2246467991473532e-16,-1.0,0.0,26.4,59.0,6.0,6.368652274534106
2023-07-15 13:00:00,-0.2588190451025208,-0.9659258262890684,0.0,26.2,67.0,10.0,6.191788936518132
2023-07-15 14:00:00,-0.4999999999999997,-0.8660254037844388,0.0,26.9,65.0,9.0,6.128673229441047
2023-07-15 15:00:00,-0.7071067811865471,-0.7071067811865479,0.0,27.0,56.0,9.0,6.123072866946458
2023-07-15 16:00:00,-0.8660254037844385,-0.5000000000000004,0.0,27.6,48.0,9.0,6.212871469445527
2023-07-15 17:00:00,-0.9659258262890684,-0.2588190451025206,0.0,28.2,41.0,10.0,6.331112505868077
2023-07-15 18:00:00,-1.0,-1.8369701987210294e-16,0.0,28.3,46.0,8.0,6.424258013889193
2023-07-15 19:00:00,-0.9659258262890684,0.2588190451025203,0.0,29.0,38.0,7.0,6.4373160295188425
2023-07-15 20:00:00,-0.8660254037844386,0.5000000000000001,0.0,27.7,51.0,8.0,6.30464058805257
2023-07-15 21:00:00,-0.7071067811865477,0.7071067811865474,0.0,29.4,48.0,17.0,6.07989392966032
2023-07-15 22:00:00,-0.5000000000000004,0.8660254037844384,0.0,28.1,49.0,36.0,5.647339486666024
2023-07-15 23:00:00,-0.2588190451025215,0.965925826289068,0.0,27.1,53.0,40.0,5.203089908994734
2023-07-16 00:00:00,0.0,1.0,0.0,26.3,55.0,42.0,4.808862655162811
2023-07-16 01:00:00,0.2588190451025207,0.9659258262890684,0.0,26.1,53.0,41.0,4.497839541379362
2023-07-16 02:00:00,0.4999999999999999,0.8660254037844387,0.0,24.3,61.0,39.0,4.302345701791346
2023-07-16 03:00:00,0.7071067811865476,0.7071067811865476,0.0,23.4,62.0,38.0,4.233925221916288
2023-07-16 04:00:00,0.8660254037844386,0.5000000000000001,0.0,23.5,60.0,31.0,4.331655378937721
2023-07-16 05:00:00,0.9659258262890684,0.2588190451025207,0.0,23.7,58.0,30.0,4.738176069483161
2023-07-16 06:00:00,1.0,6.123233995736766e-17,0.0,23.4,54.0,35.0,5.640552098825574
2023-07-16 07:00:00,0.9659258262890684,-0.2588190451025206,0.0,23.9,52.0,31.0,6.7526246412843465
2023-07-16 08:00:00,0.8660254037844387,-0.4999999999999998,0.0,24.9,52.0,37.0,7.320718810781837
2023-07-16 09:00:00,0.7071067811865476,-0.7071067811865475,0.0,26.1,47.0,28.0,7.253481549322605
2023-07-16 10:00:00,0.4999999999999999,-0.8660254037844387,0.0,27.8,44.0,23.0,6.926537485718727
2023-07-16 11:00:00,0.258819045102521,-0.9659258262890682,0.0,29.2,40.0,22.0,6.59102193493396
2023-07-16 12:00:00,1.2246467991473532e-16,-1.0,0.0,30.3,39.0,15.0,6.3048640916869045
2023-07-16 13:00:00,-0.2588190451025208,-0.9659258262890684,0.0,31.0,39.0,15.0,6.069214876890182
2023-07-16 14:00:00,-0.4999999999999997,-0.8660254037844388,0.0,28.6,56.0,14.0,5.934568919315934
2023-07-16 15:00:00,-0.7071067811865471,-0.7071067811865479,0.0,27.0,72.0,21.0,5.979395643286407
2023-07-16 16:00:00,-0.8660254037844385,-0.5000000000000004,0.0,27.2,70.0,11.0,6.117328332327306
2023-07-16 17:00:00,-0.9659258262890684,-0.2588190451025206,0.0,27.5,64.0,5.0,6.239914672374725
2023-07-16 18:00:00,-1.0,-1.8369701987210294e-16,0.0,27.5,60.0,7.0,6.316032150760293
2023-07-16 19:00:00,-0.9659258262890684,0.2588190451025203,0.0,27.4,59.0,7.0,6.30692155316472
2023-07-16 20:00:00,-0.8660254037844386,0.5000000000000001,0.0,27.1,59.0,4.0,6.179434343315661
2023-07-16 21:00:00,-0.7071067811865477,0.7071067811865474,0.0,26.8,58.0,5.0,5.936534277647733
2023-07-16 22:00:00,-0.5000000000000004,0.8660254037844384,0.0,26.5,58.0,3.0,5.601792147681117
2023-07-16 23:00:00,-0.2588190451025215,0.965925826289068,0.0,28.4,56.0,6.0,5.239853063933551
2023-07-17 00:00:00,0.0,1.0,0.0,28.8,49.0,18.0,4.830330547653138
2023-07-17 01:00:00,0.2588190451025207,0.9659258262890684,0.0,27.4,53.0,44.0,4.52313499500975
2023-07-17 02:00:00,0.4999999999999999,0.8660254037844387,0.0,27.5,49.0,49.0,4.334287932459264
2023-07-17 03:00:00,0.7071067811865476,0.7071067811865476,0.1,25.8,59.0,45.0,4.235846247933805
2023-07-17 04:00:00,0.8660254037844386,0.5000000000000001,0.0,25.2,58.0,51.0,4.29323240250349
2023-07-17 05:00:00,0.9659258262890684,0.2588190451025207,0.0,24.8,55.0,50.0,4.728972877524793
2023-07-17 06:00:00,1.0,6.123233995736766e-17,0.2,24.9,51.0,46.0,5.693505758792162
2023-07-17 07:00:00,0.9659258262890684,-0.2588190451025206,0.0,24.8,47.0,46.0,6.716857182756066
2023-07-17 08:00:00,0.8660254037844387,-0.4999999999999998,0.0,24.8,47.0,44.0,7.213232720121741
2023-07-17 09:00:00,0.7071067811865476,-0.7071067811865475,0.0,25.4,45.0,45.0,7.1815408872067925
2023-07-17 10:00:00,0.4999999999999999,-0.8660254037844387,0.0,26.4,42.0,39.0,6.9562644515186545
2023-07-17 11:00:00,0.258819045102521,-0.9659258262890682,0.0,27.2,42.0,35.0,6.69648961585015
2023-07-17 12:00:00,1.2246467991473532e-16,-1.0,0.0,28.0,40.0,39.0,6.455505786836147
2023-07-17 13:00:00,-0.2588190451025208,-0.9659258262890684,0.0,28.7,40.0,29.0,6.28122845955193
2023-07-17 14:00:00,-0.4999999999999997,-0.8660254037844388,0.0,29.5,38.0,24.0,6.158838360607624
2023-07-17 15:00:00,-0.7071067811865471,-0.7071067811865479,0.0,30.3,36.0,24.0,6.113501016795635
2023-07-17 16:00:00,-0.8660254037844385,-0.5000000000000004,0.0,31.3,31.0,24.0,6.141525916457176
2023-07-17 17:00:00,-0.9659258262890684,-0.2588190451025206,0.0,31.7,31.0,21.0,6.204271982908248
2023-07-17 18:00:00,-1.0,-1.8369701987210294e-16,0.0,31.0,35.0,25.0,6.26719586983323
2023-07-17 19:00:00,-0.9659258262890684,0.2588190451025203,0.0,30.7,35.0,28.0,6.288689059987664
2023-07-17 20:00:00,-0.8660254037844386,0.5000000000000001,0.0,30.0,35.0,33.0,6.1843703351169825
2023-07-17 21:00:00,-0.7071067811865477,0.7071067811865474,0.0,28.8,38.0,36.0,5.943451592326164
2023-07-17 22:00:00,-0.5000000000000004,0.8660254037844384,0.0,27.7,42.0,38.0,5.606724946573376
2023-07-17 23:00:00,-0.2588190451025215,0.965925826289068,0.0,27.1,41.0,39.0,5.22219480317086
2023-07-18 00:00:00,0.0,1.0,0.0,26.9,39.0,20.0,4.861908418275416
2023-07-18 01:00:00,0.2588190451025207,0.9659258262890684,0.0,26.6,39.0,10.0,4.6219568813219665
2023-07-18 02:00:00,0.4999999999999999,0.8660254037844387,0.0,25.9,42.0,8.0,4.488130150530487
2023-07-18 03:00:00,0.7071067811865476,0.7071067811865476,0.0,26.1,42.0,17.0,4.432464359924197
2023-07-18 04:00:00,0.8660254037844386,0.5000000000000001,0.0,25.7,42.0,22.0,4.50803118430078
2023-07-18 05:00:00,0.9659258262890684,0.2588190451025207,0.0,25.3,45.0,33.0,5.051783843152225
2023-07-18 06:00:00,1.0,6.123233995736766e-17,0.0,25.0,44.0,35.0,6.288032057546079
2023-07-18 07:00:00,0.9659258262890684,-0.2588190451025206,0.0,25.4,40.0,27.0,7.544199357926845
2023-07-18 08:00:00,0.8660254037844387,-0.4999999999999998,0.0,26.1,38.0,15.0,7.8312232163548465
2023-07-18 09:00:00,0.7071067811865476,-0.7071067811865475,0.0,26.9,39.0,15.0,7.390490259602665
2023-07-18 10:00:00,0.4999999999999999,-0.8660254037844387,0.0,27.8,37.0,23.0,6.951524700820446
2023-07-18 11:00:00,0.258819045102521,-0.9659258262890682,0.0,29.0,34.0,21.0,6.658698835410178
2023-07-18 12:00:00,1.2246467991473532e-16,-1.0,0.0,30.5,32.0,17.0,6.3990021032094955
2023-07-18 13:00:00,-0.2588190451025208,-0.9659258262890684,0.0,30.8,32.0,19.0,6.171267127543688
2023-07-18 14:00:00,-0.4999999999999997,-0.8660254037844388,0.0,31.6,29.0,21.0,6.051822610013187
2023-07-18 15:00:00,-0.7071067811865471,-0.7071067811865479,0.0,31.7,30.0,17.0,6.01727287787944
2023-07-18 16:00:00,-0.8660254037844385,-0.5000000000000004,0.0,26.9,63.0,17.0,6.06931827802211
2023-07-18 17:00:00,-0.9659258262890684,-0.2588190451025206,0.0,26.7,67.0,16.0,6.293938448093831
2023-07-18 18:00:00,-1.0,-1.8369701987210294e-16,0.0,26.8,64.0,5.0,6.429453613758087
2023-07-18 19:00:00,-0.9659258262890684,0.2588190451025203,0.0,27.1,64.0,5.0,6.429666310623288
2023-07-18 20:00:00,-0.8660254037844386,0.5000000000000001,0.0,26.2,65.0,3.0,6.2590372503548855
2023-07-18 21:00:00,-0.7071067811865477,0.7071067811865474,0.0,26.0,70.0,3.0,5.991255581192672
2023-07-18 22:00:00,-0.5000000000000004,0.8660254037844384,0.0,26.4,63.0,3.0,5.621828880086541
2023-07-18 23:00:00,-0.2588190451025215,0.965925826289068,0.0,28.2,37.0,7.0,5.215314084142446
2023-07-19 00:00:00,0.0,1.0,0.0,27.8,37.0,6.0,4.849317549802363
2023-07-19 01:00:00,0.2588190451025207,0.9659258262890684,0.0,28.0,33.0,17.0,4.663089900724589
2023-07-19 02:00:00,0.4999999999999999,0.8660254037844387,0.0,27.0,34.0,31.0,4.547875619288534
2023-07-19 03:00:00,0.7071067811865476,0.7071067811865476,0.0,26.9,35.0,33.0,4.51604354398325
2023-07-19 04:00:00,0.8660254037844386,0.5000000000000001,0.0,26.5,36.0,31.0,4.621355140767991
2023-07-19 05:00:00,0.9659258262890684,0.2588190451025207,0.0,26.5,33.0,17.0,5.222299923561513
2023-07-19 06:00:00,1.0,6.123233995736766e-17,0.0,26.5,33.0,16.0,6.502936450950801
2023-07-19 07:00:00,0.9659258262890684,-0.2588190451025206,0.0,27.3,33.0,8.0,7.726580779626965
2023-07-19 08:00:00,0.8660254037844387,-0.4999999999999998,0.0,28.3,29.0,8.0,7.898327358067036
2023-07-19 09:00:00,0.7071067811865476,-0.7071067811865475,0.0,28.9,30.0,26.0,7.416084618642926
2023-07-19 10:00:00,0.4999999999999999,-0.8660254037844387,0.0,30.1,28.0,27.0,6.994883423447609
2023-07-19 11:00:00,0.258819045102521,-0.9659258262890682,0.0,31.4,27.0,20.0,6.637456902638077
2023-07-19 12:00:00,1.2246467991473532e-16,-1.0,0.0,30.3,37.0,10.0,6.318493638038635
2023-07-19 13:00:00,-0.2588190451025208,-0.9659258262890684,0.0,29.6,42.0,18.0,6.107409683130681
2023-07-19 14:00:00,-0.4999999999999997,-0.8660254037844388,0.0,31.8,33.0,19.0,6.033883864469826
2023-07-19 15:00:00,-0.7071067811865471,-0.7071067811865479,0.0,29.8,44.0,19.0,5.972356998063623
2023-07-19 16:00:00,-0.8660254037844385,-0.5000000000000004,0.0,28.6,53.0,27.0,6.064945220649242
2023-07-19 17:00:00,-0.9659258262890684,-0.2588190451025206,0.0,27.9,57.0,22.0,6.218009842559695
2023-07-19 18:00:00,-1.0,-1.8369701987210294e-16,0.0,27.8,53.0,15.0,6.332698890455067
2023-07-19 19:00:00,-0.9659258262890684,0.2588190451025203,0.0,28.2,45.0,10.0,6.335083011090755
2023-07-19 20:00:00,-0.8660254037844386,0.5000000000000001,0.0,27.7,46.0,8.0,6.190874045267701
2023-07-19 21:00:00,-0.7071067811865477,0.7071067811865474,0.0,28.3,39.0,8.0,5.943759830854833
2023-07-19 22:00:00,-0.5000000000000004,0.8660254037844384,0.0,27.9,37.0,7.0,5.592005144581198
2023-07-19 23:00:00,-0.2588190451025215,0.965925826289068,0.0,27.2,42.0,4.0,5.2550623634457585
2023-07-20 00:00:00,0.0,1.0,0.0,26.7,41.0,5.0,4.965625648200511
2023-07-20 01:00:00,0.2588190451025207,0.9659258262890684,0.0,26.6,43.0,4.0,4.7081816361472
2023-07-20 02:00:00,0.4999999999999999,0.8660254037844387,0.0,28.2,37.0,12.0,4.45806166626513
2023-07-20 03:00:00,0.7071067811865476,0.7071067811865476,0.0,26.0,45.0,8.0,4.221424860134721
2023-07-20 04:00:00,0.8660254037844386,0.5000000000000001,0.0,27.6,35.0,8.0,4.263175707440823
2023-07-20 05:00:00,0.9659258262890684,0.2588190451025207,0.0,26.6,36.0,12.0,4.99537226267159
2023-07-20 06:00:00,1.0,6.123233995736766e-17,0.0,26.2,38.0,12.0,6.579580268114805
2023-07-20 07:00:00,0.9659258262890684,-0.2588190451025206,0.0,26.9,37.0,15.0,7.894598040282726
2023-07-20 08:00:00,0.8660254037844387,-0.4999999999999998,0.0,28.4,35.0,20.0,8.001383655816316
2023-07-20 09:00:00,0.7071067811865476,-0.7071067811865475,0.0,29.8,33.0,23.0,7.395316955670714
2023-07-20 10:00:00,0.4999999999999999,-0.8660254037844387,0.0,30.8,31.0,19.0,6.832470946237445
2023-07-20 11:00:00,0.258819045102521,-0.9659258262890682,0.0,32.5,23.0,12.0,6.452207511775195
2023-07-20 12:00:00,1.2246467991473532e-16,-1.0,0.0,27.4,62.0,16.0,6.145011836327612
2023-07-20 13:00:00,-0.2588190451025208,-0.9659258262890684,0.0,28.3,52.0,12.0,6.0957054609432815
2023-07-20 14:00:00,-0.4999999999999997,-0.8660254037844388,0.0,29.3,41.0,8.0,6.026328950412571
2023-07-20 15:00:00,-0.7071067811865471,-0.7071067811865479,0.0,28.1,57.0,9.0,6.002319747917354
2023-07-20 16:00:00,-0.8660254037844385,-0.5000000000000004,0.0,27.7,57.0,10.0,6.091695412769913
2023-07-20 17:00:00,-0.9659258262890684,-0.2588190451025206,0.0,27.7,59.0,8.0,6.229131236039102
2023-07-20 18:00:00,-1.0,-1.8369701987210294e-16,0.0,28.1,51.0,7.0,6.334673827514052
2023-07-20 19:00:00,-0.9659258262890684,0.2588190451025203,0.0,27.9,53.0,9.0,6.3392107056826354
2023-07-20 20:00:00,-0.8660254037844386,0.5000000000000001,0.0,28.4,45.0,9.0,6.222257394045591
2023-07-20 21:00:00,-0.7071067811865477,0.7071067811865474,0.0,28.3,41.0,5.0,5.946634677052498
2023-07-20 22:00:00,-0.5000000000000004,0.8660254037844384,0.0,28.6,32.0,7.0,5.6020706675946705
2023-07-20 23:00:00,-0.2588190451025215,0.965925826289068,0.0,27.6,43.0,4.0,5.242923905625939
2023-07-21 00:00:00,0.0,1.0,0.0,27.9,39.0,6.0,4.94876856200397
2023-07-21 01:00:00,0.2588190451025207,0.9659258262890684,0.0,27.3,36.0,6.0,4.673263123016804
2023-07-21 02:00:00,0.4999999999999999,0.8660254037844387,0.0,27.4,42.0,6.0,4.465156924221664
2023-07-21 03:00:00,0.7071067811865476,0.7071067811865476,0.0,26.2,54.0,3.0,4.271720791719853
2023-07-21 04:00:00,0.8660254037844386,0.5000000000000001,0.0,26.3,42.0,5.0,4.229244048818946
2023-07-21 05:00:00,0.9659258262890684,0.2588190451025207,0.0,25.4,47.0,5.0,4.9126641287654635
2023-07-21 06:00:00,1.0,6.123233995736766e-17,0.0,25.4,44.0,6.0,6.40534543108195
2023-07-21 07:00:00,0.9659258262890684,-0.2588190451025206,0.0,25.7,41.0,8.0,7.709970775470137
2023-07-21 08:00:00,0.8660254037844387,-0.4999999999999998,0.0,26.7,45.0,5.0,7.885440777093172
2023-07-21 09:00:00,0.7071067811865476,-0.7071067811865475,0.0,26.4,55.0,7.0,7.300340191498399
2023-07-21 10:00:00,0.4999999999999999,-0.8660254037844387,0.0,26.7,53.0,3.0,6.774104077368975
2023-07-21 11:00:00,0.258819045102521,-0.9659258262890682,0.0,27.0,55.0,7.0,6.419723346196115
2023-07-21 12:00:00,1.2246467991473532e-16,-1.0,0.0,27.1,57.0,9.0,6.194690062813461
2023-07-21 13:00:00,-0.2588190451025208,-0.9659258262890684,0.0,27.0,69.0,13.0,6.068440964855253
2023-07-21 14:00:00,-0.4999999999999997,-0.8660254037844388,0.0,28.0,65.0,7.0,6.014927808977664
2023-07-21 15:00:00,-0.7071067811865471,-0.7071067811865479,0.0,28.8,61.0,6.0,5.993926572427154
2023-07-21 16:00:00,-0.8660254037844385,-0.5000000000000004,0.0,28.7,65.0,6.0,6.036086971722543
2023-07-21 17:00:00,-0.9659258262890684,-0.2588190451025206,0.0,29.2,55.0,8.0,6.140544465333223
2023-07-21 18:00:00,-1.0,-1.8369701987210294e-16,0.0,29.6,49.0,8.0,6.2227689963206645
2023-07-21 19:00:00,-0.9659258262890684,0.2588190451025203,0.0,29.4,46.0,11.0,6.2240923343226315
2023-07-21 20:00:00,-0.8660254037844386,0.5000000000000001,0.0,28.7,51.0,7.0,6.11624937467277
2023-07-21 21:00:00,-0.7071067811865477,0.7071067811865474,0.0,28.0,58.0,2.0,5.901110670864582
2023-07-21 22:00:00,-0.5000000000000004,0.8660254037844384,0.0,28.1,60.0,2.0,5.5793150503188365
2023-07-21 23:00:00,-0.2588190451025215,0.965925826289068,0.0,28.2,52.0,3.0,5.178461036533117
2023-07-22 00:00:00,0.0,1.0,0.0,27.6,53.0,1.0,4.812721408568322
2023-07-22 01:00:00,0.2588190451025207,0.9659258262890684,0.0,26.4,71.0,4.0,4.5579584576934575
2023-07-22 02:00:00,0.4999999999999999,0.8660254037844387,0.0,27.0,59.0,4.0,4.351733741965145
2023-07-22 03:00:00,0.7071067811865476,0.7071067811865476,0.0,26.5,62.0,3.0,4.210974345970898
2023-07-22 04:00:00,0.8660254037844386,0.5000000000000001,0.0,26.0,58.0,4.0,4.276212846357375
2023-07-22 05:00:00,0.9659258262890684,0.2588190451025207,0.0,25.8,56.0,4.0,4.873740848042071
2023-07-22 06:00:00,1.0,6.123233995736766e-17,0.0,26.1,63.0,4.0,6.123147777505219
2023-07-22 07:00:00,0.9659258262890684,-0.2588190451025206,0.0,25.9,61.0,4.0,7.256629266440868
2023-07-22 08:00:00,0.8660254037844387,-0.4999999999999998,0.0,27.2,61.0,3.0,7.509172654300928
2023-07-22 09:00:00,0.7071067811865476,-0.7071067811865475,0.0,27.2,72.0,3.0,7.0993696532398465
2023-07-22 10:00:00,0.4999999999999999,-0.8660254037844387,0.0,26.6,73.0,8.0,6.615370322614908
2023-07-22 11:00:00,0.258819045102521,-0.9659258262890682,0.0,27.4,73.0,8.0,6.327089686058462
2023-07-22 12:00:00,1.2246467991473532e-16,-1.0,0.0,29.2,58.0,7.0,6.094636818841099
2023-07-22 13:00:00,-0.2588190451025208,-0.9659258262890684,0.0,30.5,49.0,5.0,5.901734270565211
2023-07-22 14:00:00,-0.4999999999999997,-0.8660254037844388,0.0,28.7,62.0,9.0,5.79034005921334
2023-07-22 15:00:00,-0.7071067811865471,-0.7071067811865479,0.0,29.6,62.0,5.0,5.858783012256026
2023-07-22 16:00:00,-0.8660254037844385,-0.5000000000000004,0.0,30.5,59.0,3.0,5.953347154334187
2023-07-22 17:00:00,-0.9659258262890684,-0.2588190451025206,0.0,30.0,54.0,7.0,6.048969868570566
2023-07-22 18:00:00,-1.0,-1.8369701987210294e-16,0.0,30.1,52.0,5.0,6.149275106750428
2023-07-22 19:00:00,-0.9659258262890684,0.2588190451025203,0.0,30.4,47.0,8.0,6.165850480124354
2023-07-22 20:00:00,-0.8660254037844386,0.5000000000000001,0.0,29.8,50.0,11.0,6.039219952337444
2023-07-22 21:00:00,-0.7071067811865477,0.7071067811865474,0.0,29.2,53.0,3.0,5.798961404897272
2023-07-22 22:00:00,-0.5000000000000004,0.8660254037844384,0.0,29.5,53.0,2.0,5.483854437619447
2023-07-22 23:00:00,-0.2588190451025215,0.965925826289068,0.0,29.3,52.0,3.0,5.096617689765989
2023-07-23 00:00:00,0.0,1.0,0.0,28.1,66.0,3.0,4.751915894001722
2023-07-23 01:00:00,0.2588190451025207,0.9659258262890684,0.0,28.0,59.0,4.0,4.491028943546116
2023-07-23 02:00:00,0.4999999999999999,0.8660254037844387,0.0,28.0,46.0,5.0,4.294456883128732
2023-07-23 03:00:00,0.7071067811865476,0.7071067811865476,0.0,27.8,44.0,5.0,4.22083896132186
2023-07-23 04:00:00,0.8660254037844386,0.5000000000000001,0.0,27.1,48.0,3.0,4.370419505424797
2023-07-23 05:00:00,0.9659258262890684,0.2588190451025207,0.0,27.2,46.0,4.0,5.031408662386238
2023-07-23 06:00:00,1.0,6.123233995736766e-17,0.0,26.9,48.0,2.0,6.339854445271194
2023-07-23 07:00:00,0.9659258262890684,-0.2588190451025206,0.0,27.2,45.0,2.0,7.5121960935741665
2023-07-23 08:00:00,0.8660254037844387,-0.4999999999999998,0.0,27.2,56.0,2.0,7.703939615860581
2023-07-23 09:00:00,0.7071067811865476,-0.7071067811865475,0.0,26.9,68.0,6.0,7.160215201973915
2023-07-23 10:00:00,0.4999999999999999,-0.8660254037844387,0.0,27.5,70.0,8.0,6.6202092991024255
2023-07-23 11:00:00,0.258819045102521,-0.9659258262890682,0.0,28.8,59.0,3.0,6.26965833954513
2023-07-23 12:00:00,1.2246467991473532e-16,-1.0,0.0,29.3,56.0,5.0,6.002595320530236
2023-07-23 13:00:00,-0.2588190451025208,-0.9659258262890684,0.0,29.4,60.0,7.0,5.840540940351784
2023-07-23 14:00:00,-0.4999999999999997,-0.8660254037844388,0.0,29.4,56.0,6.0,5.780839926712215
2023-07-23 15:00:00,-0.7071067811865471,-0.7071067811865479,0.0,30.2,44.0,6.0,5.818259592875838
2023-07-23 16:00:00,-0.8660254037844385,-0.5000000000000004,0.0,30.3,45.0,7.0,5.919706418849527
2023-07-23 17:00:00,-0.9659258262890684,-0.2588190451025206,0.0,29.6,56.0,7.0,6.059982703141868
2023-07-23 18:00:00,-1.0,-1.8369701987210294e-16,0.0,29.1,65.0,10.0,6.189639863111078
2023-07-23 19:00:00,-0.9659258262890684,0.2588190451025203,0.0,28.6,72.0,12.0,6.215942556746303
2023-07-23 20:00:00,-0.8660254037844386,0.5000000000000001,0.0,28.4,74.0,10.0,6.0847135030850765
2023-07-23 21:00:00,-0.7071067811865477,0.7071067811865474,0.0,28.2,76.0,9.0,5.788764235787093
2023-07-23 22:00:00,-0.5000000000000004,0.8660254037844384,0.0,28.8,67.0,12.0,5.383624846823513
2023-07-23 23:00:00,-0.2588190451025215,0.965925826289068,0.0,28.2,67.0,14.0,4.9409179354459045
2023-07-24 00:00:00,0.0,1.0,0.0,28.2,68.0,9.0,4.614656663164496
2023-07-24 01:00:00,0.2588190451025207,0.9659258262890684,0.0,27.8,67.0,5.0,4.423259571511298
2023-07-24 02:00:00,0.4999999999999999,0.8660254037844387,0.0,28.0,69.0,13.0,4.363214092105626
2023-07-24 03:00:00,0.7071067811865476,0.7071067811865476,0.0,28.4,56.0,12.0,4.350070604756474
2023-07-24 04:00:00,0.8660254037844386,0.5000000000000001,0.0,29.2,42.0,25.0,4.49012964842841
2023-07-24 05:00:00,0.9659258262890684,0.2588190451025207,0.0,29.1,49.0,33.0,5.028524974286556
2023-07-24 06:00:00,1.0,6.123233995736766e-17,0.0,28.9,46.0,33.0,6.071175814270973
2023-07-24 07:00:00,0.9659258262890684,-0.2588190451025206,0.0,28.1,51.0,27.0,7.121428725123406
2023-07-24 08:00:00,0.8660254037844387,-0.4999999999999998,0.0,28.5,48.0,26.0,7.4368134754896165
2023-07-24 09:00:00,0.7071067811865476,-0.7071067811865475,0.0,29.8,47.0,20.0,7.153289536610245
2023-07-24 10:00:00,0.4999999999999999,-0.8660254037844387,0.0,30.6,45.0,19.0,6.721983766667544
2023-07-24 11:00:00,0.258819045102521,-0.9659258262890682,0.0,31.8,41.0,17.0,6.357017805129289
2023-07-24 12:00:00,1.2246467991473532e-16,-1.0,0.0,32.3,43.0,22.0,6.051823592446744
2023-07-24 13:00:00,-0.2588190451025208,-0.9659258262890684,0.0,33.4,39.0,22.0,5.851881170906126
2023-07-24 14:00:00,-0.4999999999999997,-0.8660254037844388,0.0,33.6,38.0,19.0,5.714915933310985
2023-07-24 15:00:00,-0.7071067811865471,-0.7071067811865479,0.0,34.2,36.0,17.0,5.686322941444814
2023-07-24 16:00:00,-0.8660254037844385,-0.5000000000000004,0.0,31.3,55.0,16.0,5.729133711755275
2023-07-24 17:00:00,-0.9659258262890684,-0.2588190451025206,0.0,29.2,69.0,22.0,5.904527574777603
2023-07-24 18:00:00,-1.0,-1.8369701987210294e-16,0.0,30.3,61.0,11.0,6.070898522399365
2023-07-24 19:00:00,-0.9659258262890684,0.2588190451025203,0.0,29.8,70.0,4.0,6.0670262605324385
2023-07-24 20:00:00,-0.8660254037844386,0.5000000000000001,0.0,29.3,66.0,2.0,5.926704047471285
2023-07-24 21:00:00,-0.7071067811865477,0.7071067811865474,0.0,29.5,60.0,2.0,5.667940135933459
2023-07-24 22:00:00,-0.5000000000000004,0.8660254037844384,0.0,28.6,67.0,3.0,5.313738207668066
2023-07-24 23:00:00,-0.2588190451025215,0.965925826289068,0.0,30.9,46.0,5.0,4.974162258990108
2023-07-25 00:00:00,0.0,1.0,0.0,30.4,45.0,16.0,4.629726211503148
2023-07-25 01:00:00,0.2588190451025207,0.9659258262890684,0.0,30.0,42.0,26.0,4.435078247208148
2023-07-25 02:00:00,0.4999999999999999,0.8660254037844387,0.0,29.4,44.0,26.0,4.3314816110022365
2023-07-25 03:00:00,0.7071067811865476,0.7071067811865476,0.0,28.9,46.0,18.0,4.30696301670745
2023-07-25 04:00:00,0.8660254037844386,0.5000000000000001,0.0,28.3,47.0,12.0,4.403077438939363
2023-07-25 05:00:00,0.9659258262890684,0.2588190451025207,0.0,28.1,48.0,12.0,4.930878201313316
2023-07-25 06:00:00,1.0,6.123233995736766e-17,0.0,27.8,49.0,14.0,6.060414237082004
2023-07-25 07:00:00,0.9659258262890684,-0.2588190451025206,0.0,28.4,47.0,15.0,7.157382354810834
2023-07-25 08:00:00,0.8660254037844387,-0.4999999999999998,0.0,29.7,44.0,17.0,7.4320462166517975
2023-07-25 09:00:00,0.7071067811865476,-0.7071067811865475,0.0,30.6,45.0,15.0,7.07511533357203
2023-07-25 10:00:00,0.4999999999999999,-0.8660254037844387,0.0,30.5,46.0,7.0,6.615601440109312
2023-07-25 11:00:00,0.258819045102521,-0.9659258262890682,0.0,28.6,65.0,12.0,6.252594205476344
2023-07-25 12:00:00,1.2246467991473532e-16,-1.0,0.0,28.9,64.0,9.0,6.045699347257614
2023-07-25 13:00:00,-0.2588190451025208,-0.9659258262890684,0.0,28.8,61.0,9.0,5.871408265903592
2023-07-25 14:00:00,-0.4999999999999997,-0.8660254037844388,0.0,29.0,64.0,9.0,5.8012229669466615
2023-07-25 15:00:00,-0.7071067811865471,-0.7071067811865479,0.0,28.8,65.0,7.0,5.813329250067472
2023-07-25 16:00:00,-0.8660254037844385,-0.5000000000000004,0.0,29.4,63.0,6.0,5.910655504092574
2023-07-25 17:00:00,-0.9659258262890684,-0.2588190451025206,0.0,29.8,60.0,3.0,6.0274147851020095
2023-07-25 18:00:00,-1.0,-1.8369701987210294e-16,0.0,30.0,55.0,2.0,6.118933628760278
2023-07-25 19:00:00,-0.9659258262890684,0.2588190451025203,0.0,30.4,50.0,4.0,6.133987949378788
2023-07-25 20:00:00,-0.8660254037844386,0.5000000000000001,0.0,29.8,61.0,5.0,6.010392158851027
2023-07-25 21:00:00,-0.7071067811865477,0.7071067811865474,0.0,29.2,68.0,5.0,5.774144396409392
2023-07-25 22:00:00,-0.5000000000000004,0.8660254037844384,0.0,29.2,58.0,6.0,5.433925199359655
2023-07-25 23:00:00,-0.2588190451025215,0.965925826289068,0.0,29.3,64.0,2.0,5.040573048219084
2023-07-26 00:00:00,0.0,1.0,0.0,28.4,59.0,2.0,4.688461247347295
2023-07-26 01:00:00,0.2588190451025207,0.9659258262890684,0.0,27.9,67.0,3.0,4.460020884387195
2023-07-26 02:00:00,0.4999999999999999,0.8660254037844387,0.0,28.4,60.0,3.0,4.310546074695885
2023-07-26 03:00:00,0.7071067811865476,0.7071067811865476,0.0,27.8,59.0,5.0,4.244872356243431
2023-07-26 04:00:00,0.8660254037844386,0.5000000000000001,0.0,27.7,57.0,4.0,4.383494099620729
2023-07-26 05:00:00,0.9659258262890684,0.2588190451025207,0.0,27.4,52.0,6.0,4.946127534992993
2023-07-26 06:00:00,1.0,6.123233995736766e-17,0.0,26.9,64.0,11.0,6.1199352197721595
2023-07-26 07:00:00,0.9659258262890684,-0.2588190451025206,0.0,27.1,63.0,4.0,7.193474507629872
2023-07-26 08:00:00,0.8660254037844387,-0.4999999999999998,0.7,28.2,54.0,5.0,7.392570071443915
2023-07-26 09:00:00,0.7071067811865476,-0.7071067811865475,28.1,22.9,87.0,19.0,7.020022424533963
2023-07-26 10:00:00,0.4999999999999999,-0.8660254037844387,3.6,23.8,80.0,21.0,6.536969668641686
2023-07-26 11:00:00,0.258819045102521,-0.9659258262890682,0.2,23.1,73.0,21.0,5.998538852371275
2023-07-26 12:00:00,1.2246467991473532e-16,-1.0,0.0,25.2,66.0,18.0,5.884353547282517
2023-07-26 13:00:00,-0.2588190451025208,-0.9659258262890684,0.0,25.2,65.0,21.0,5.7956216220185155
2023-07-26 14:00:00,-0.4999999999999997,-0.8660254037844388,0.0,26.1,62.0,13.0,5.833043989874422
2023-07-26 15:00:00,-0.7071067811865471,-0.7071067811865479,0.0,29.2,46.0,20.0,5.916254884153604
2023-07-26 16:00:00,-0.8660254037844385,-0.5000000000000004,0.0,30.0,44.0,32.0,5.970122944153845
2023-07-26 17:00:00,-0.9659258262890684,-0.2588190451025206,0.0,30.3,43.0,35.0,6.063701214157045
2023-07-26 18:00:00,-1.0,-1.8369701987210294e-16,0.0,30.1,45.0,33.0,6.143227491378784
2023-07-26 19:00:00,-0.9659258262890684,0.2588190451025203,0.0,29.5,46.0,32.0,6.1359145015850665
2023-07-26 20:00:00,-0.8660254037844386,0.5000000000000001,0.0,28.4,47.0,36.0,6.014771847650408
2023-07-26 21:00:00,-0.7071067811865477,0.7071067811865474,0.0,27.9,51.0,42.0,5.774759399816394
2023-07-26 22:00:00,-0.5000000000000004,0.8660254037844384,0.0,28.1,45.0,45.0,5.409717545285821
2023-07-26 23:00:00,-0.2588190451025215,0.965925826289068,0.0,27.7,42.0,34.0,5.004909482039511
2023-07-27 00:00:00,0.0,1.0,0.0,27.2,44.0,17.0,4.712864651307464
2023-07-27 01:00:00,0.2588190451025207,0.9659258262890684,0.0,26.5,48.0,21.0,4.543161903079599
2023-07-27 02:00:00,0.4999999999999999,0.8660254037844387,0.0,26.2,50.0,17.0,4.441624570414423
2023-07-27 03:00:00,0.7071067811865476,0.7071067811865476,0.0,25.5,56.0,26.0,4.405403595995158
2023-07-27 04:00:00,0.8660254037844386,0.5000000000000001,0.0,25.2,60.0,36.0,4.4643664336204525
2023-07-27 05:00:00,0.9659258262890684,0.2588190451025207,0.0,25.4,57.0,34.0,4.847823268361389
2023-07-27 06:00:00,1.0,6.123233995736766e-17,0.0,25.1,59.0,33.0,5.813012660853564
2023-07-27 07:00:00,0.9659258262890684,-0.2588190451025206,0.0,25.8,55.0,31.0,6.926676500067114
2023-07-27 08:00:00,0.8660254037844387,-0.4999999999999998,0.0,26.1,52.0,29.0,7.332487382367253
2023-07-27 09:00:00,0.7071067811865476,-0.7071067811865475,0.0,25.5,58.0,22.0,7.152110125124454
2023-07-27 10:00:00,0.4999999999999999,-0.8660254037844387,0.1,26.4,51.0,36.0,6.851031081005931
2023-07-27 11:00:00,0.258819045102521,-0.9659258262890682,0.0,27.5,49.0,27.0,6.625956535413861
2023-07-27 12:00:00,1.2246467991473532e-16,-1.0,0.0,28.7,47.0,28.0,6.375274122320115
2023-07-27 13:00:00,-0.2588190451025208,-0.9659258262890684,0.0,28.7,49.0,23.0,6.172816425263881
2023-07-27 14:00:00,-0.4999999999999997,-0.8660254037844388,0.0,28.5,49.0,22.0,6.068143533095717
2023-07-27 15:00:00,-0.7071067811865471,-0.7071067811865479,0.0,28.9,43.0,24.0,6.069268419519067
2023-07-27 16:00:00,-0.8660254037844385,-0.5000000000000004,0.0,29.0,43.0,26.0,6.1417889630422
2023-07-27 17:00:00,-0.9659258262890684,-0.2588190451025206,0.0,29.4,45.0,20.0,6.252228985801339
2023-07-27 18:00:00,-1.0,-1.8369701987210294e-16,0.0,30.5,40.0,19.0,6.320138231813908
2023-07-27 19:00:00,-0.9659258262890684,0.2588190451025203,0.0,29.7,44.0,25.0,6.274309425614774
2023-07-27 20:00:00,-0.8660254037844386,0.5000000000000001,0.0,28.8,47.0,28.0,6.14026962954551
2023-07-27 21:00:00,-0.7071067811865477,0.7071067811865474,0.0,27.9,50.0,27.0,5.893455302976071
2023-07-27 22:00:00,-0.5000000000000004,0.8660254037844384,0.0,27.6,49.0,35.0,5.5493898785486815
2023-07-27 23:00:00,-0.2588190451025215,0.965925826289068,0.0,26.7,52.0,33.0,5.137311070151627
2023-07-28 00:00:00,0.0,1.0,0.0,26.5,55.0,30.0,4.788216568343341
2023-07-28 01:00:00,0.2588190451025207,0.9659258262890684,0.0,25.9,58.0,35.0,4.511693942211568
2023-07-28 02:00:00,0.4999999999999999,0.8660254037844387,0.0,25.8,56.0,36.0,4.334296405948698
2023-07-28 03:00:00,0.7071067811865476,0.7071067811865476,0.0,25.3,59.0,40.0,4.274200576823205
2023-07-28 04:00:00,0.8660254037844386,0.5000000000000001,0.0,24.9,60.0,40.0,4.356603542305529
2023-07-28 05:00:00,0.9659258262890684,0.2588190451025207,0.0,24.4,62.0,37.0,4.76377067413181
2023-07-28 06:00:00,1.0,6.123233995736766e-17,0.0,24.2,61.0,30.0,5.654652722068131
2023-07-28 07:00:00,0.9659258262890684,-0.2588190451025206,0.0,24.4,59.0,30.0,6.67039004035294
2023-07-28 08:00:00,0.8660254037844387,-0.4999999999999998,0.0,25.1,55.0,27.0,7.162630023658275
2023-07-28 09:00:00,0.7071067811865476,-0.7071067811865475,0.1,25.8,54.0,33.0,7.087433085516095
2023-07-28 10:00:00,0.4999999999999999,-0.8660254037844387,0.0,26.8,52.0,29.0,6.846352241188288
2023-07-28 11:00:00,0.258819045102521,-0.9659258262890682,0.0,28.2,46.0,23.0,6.57330374572426
2023-07-28 12:00:00,1.2246467991473532e-16,-1.0,0.0,28.9,46.0,22.0,6.309031329229474
2023-07-28 13:00:00,-0.2588190451025208,-0.9659258262890684,0.0,29.9,43.0,18.0,6.117395137809217
2023-07-28 14:00:00,-0.4999999999999997,-0.8660254037844388,0.0,31.0,37.0,12.0,5.990215429663658
2023-07-28 15:00:00,-0.7071067811865471,-0.7071067811865479,0.0,27.2,63.0,17.0,5.9406428147852415
2023-07-28 16:00:00,-0.8660254037844385,-0.5000000000000004,0.0,27.8,63.0,17.0,6.106588614284992
2023-07-28 17:00:00,-0.9659258262890684,-0.2588190451025206,0.0,27.4,68.0,10.0,6.244090997427702
2023-07-28 18:00:00,-1.0,-1.8369701987210294e-16,0.0,27.0,71.0,13.0,6.339791078306734
2023-07-28 19:00:00,-0.9659258262890684,0.2588190451025203,0.0,27.1,70.0,6.0,6.331797753274441
2023-07-28 20:00:00,-0.8660254037844386,0.5000000000000001,0.0,26.8,70.0,6.0,6.1829816652834415
2023-07-28 21:00:00,-0.7071067811865477,0.7071067811865474,0.0,26.7,69.0,5.0,5.900261111445725
2023-07-28 22:00:00,-0.5000000000000004,0.8660254037844384,0.0,26.5,68.0,5.0,5.531661865003406
2023-07-28 23:00:00,-0.2588190451025215,0.965925826289068,0.0,26.5,62.0,6.0,5.158404901064932
2023-07-29 00:00:00,0.0,1.0,0.0,26.3,60.0,4.0,4.832100892923772
2023-07-29 01:00:00,0.2588190451025207,0.9659258262890684,0.0,26.8,51.0,7.0,4.616226960401982
2023-07-29 02:00:00,0.4999999999999999,0.8660254037844387,0.0,26.3,52.0,12.0,4.487899769861251
2023-07-29 03:00:00,0.7071067811865476,0.7071067811865476,0.0,26.2,52.0,17.0,4.442354272939264
2023-07-29 04:00:00,0.8660254037844386,0.5000000000000001,0.0,25.9,52.0,17.0,4.541770040336996
2023-07-29 05:00:00,0.9659258262890684,0.2588190451025207,0.0,25.9,51.0,11.0,5.084562984406948
2023-07-29 06:00:00,1.0,6.123233995736766e-17,0.0,25.9,50.0,16.0,6.249530732035637
2023-07-29 07:00:00,0.9659258262890684,-0.2588190451025206,0.0,25.4,53.0,8.0,7.410820248425007
2023-07-29 08:00:00,0.8660254037844387,-0.4999999999999998,0.0,27.3,50.0,4.0,7.666058451533317
2023-07-29 09:00:00,0.7071067811865476,-0.7071067811865475,0.0,26.2,58.0,9.0,7.2233645574003456
2023-07-29 10:00:00,0.4999999999999999,-0.8660254037844387,0.0,26.0,64.0,8.0,6.821063910201191
2023-07-29 11:00:00,0.258819045102521,-0.9659258262890682,0.0,26.3,65.0,6.0,6.511488535068929
2023-07-29 12:00:00,1.2246467991473532e-16,-1.0,0.0,26.8,64.0,6.0,6.268071463741362
2023-07-29 13:00:00,-0.2588190451025208,-0.9659258262890684,0.0,26.8,67.0,8.0,6.0969700985401865
2023-07-29 14:00:00,-0.4999999999999997,-0.8660254037844388,0.0,27.3,66.0,7.0,6.029695995822548
2023-07-29 15:00:00,-0.7071067811865471,-0.7071067811865479,0.0,27.5,67.0,9.0,6.03794303432107
2023-07-29 16:00:00,-0.8660254037844385,-0.5000000000000004,0.0,28.0,64.0,6.0,6.120345385782421
2023-07-29 17:00:00,-0.9659258262890684,-0.2588190451025206,0.0,28.3,62.0,4.0,6.231065156497061
2023-07-29 18:00:00,-1.0,-1.8369701987210294e-16,0.0,28.0,61.0,5.0,6.315384972654283
2023-07-29 19:00:00,-0.9659258262890684,0.2588190451025203,0.0,28.0,58.0,4.0,6.329685521125794
2023-07-29 20:00:00,-0.8660254037844386,0.5000000000000001,0.0,27.9,59.0,4.0,6.212166082151234
2023-07-29 21:00:00,-0.7071067811865477,0.7071067811865474,0.0,27.6,59.0,4.0,5.954335728101432
2023-07-29 22:00:00,-0.5000000000000004,0.8660254037844384,0.0,27.7,56.0,5.0,5.599082350321114
2023-07-29 23:00:00,-0.2588190451025215,0.965925826289068,0.0,27.1,65.0,8.0,5.201097042523324
2023-07-30 00:00:00,0.0,1.0,0.0,27.3,66.0,6.0,4.842137925364077
2023-07-30 01:00:00,0.2588190451025207,0.9659258262890684,0.0,26.2,66.0,15.0,4.5485022890940305
2023-07-30 02:00:00,0.4999999999999999,0.8660254037844387,1.9,23.5,71.0,22.0,4.357033479791134
2023-07-30 03:00:00,0.7071067811865476,0.7071067811865476,0.9,22.5,76.0,16.0,4.288499897252768
2023-07-30 04:00:00,0.8660254037844386,0.5000000000000001,1.5,22.0,78.0,17.0,4.32348742634058
2023-07-30 05:00:00,0.9659258262890684,0.2588190451025207,0.2,22.1,78.0,10.0,4.713279483877122
2023-07-30 06:00:00,1.0,6.123233995736766e-17,1.3,22.4,80.0,6.0,5.614757077731192
2023-07-30 07:00:00,0.9659258262890684,-0.2588190451025206,0.0,22.3,81.0,7.0,6.607423908784986
2023-07-30 08:00:00,0.8660254037844387,-0.4999999999999998,0.0,22.5,78.0,6.0,7.051622399911285
2023-07-30 09:00:00,0.7071067811865476,-0.7071067811865475,0.0,23.0,75.0,6.0,7.001466710716485
2023-07-30 10:00:00,0.4999999999999999,-0.8660254037844387,0.0,24.0,72.0,6.0,6.808359079435467
2023-07-30 11:00:00,0.258819045102521,-0.9659258262890682,0.0,24.9,67.0,6.0,6.588198420889675
2023-07-30 12:00:00,1.2246467991473532e-16,-1.0,0.0,24.4,71.0,11.0,6.384928742498159
2023-07-30 13:00:00,-0.2588190451025208,-0.9659258262890684,0.0,24.0,72.0,13.0,6.285593903064727
2023-07-30 14:00:00,-0.4999999999999997,-0.8660254037844388,0.0,24.9,71.0,8.0,6.278173091188073
2023-07-30 15:00:00,-0.7071067811865471,-0.7071067811865479,0.0,25.8,66.0,9.0,6.30391506087035
2023-07-30 16:00:00,-0.8660254037844385,-0.5000000000000004,0.0,28.8,39.0,13.0,6.366368853338063
2023-07-30 17:00:00,-0.9659258262890684,-0.2588190451025206,0.0,29.3,38.0,13.0,6.376995345912873
2023-07-30 18:00:00,-1.0,-1.8369701987210294e-16,0.0,25.2,54.0,22.0,6.409450529702007
2023-07-30 19:00:00,-0.9659258262890684,0.2588190451025203,0.0,25.8,51.0,27.0,6.539374174773693
2023-07-30 20:00:00,-0.8660254037844386,0.5000000000000001,0.0,26.5,48.0,16.0,6.445616365037858
2023-07-30 21:00:00,-0.7071067811865477,0.7071067811865474,0.0,26.2,51.0,6.0,6.151111766286194
2023-07-30 22:00:00,-0.5000000000000004,0.8660254037844384,0.0,25.6,55.0,8.0,5.76440209403634
2023-07-30 23:00:00,-0.2588190451025215,0.965925826289068,0.0,25.4,54.0,5.0,5.350629324577748
2023-07-31 00:00:00,0.0,1.0,0.0,24.3,59.0,5.0,4.9830328971892595
2023-07-31 01:00:00,0.2588190451025207,0.9659258262890684,0.0,24.1,60.0,6.0,4.722916174642742
2023-07-31 02:00:00,0.4999999999999999,0.8660254037844387,0.0,23.8,62.0,4.0,4.5277855898626145
2023-07-31 03:00:00,0.7071067811865476,0.7071067811865476,0.0,23.7,64.0,5.0,4.369206814002245
2023-07-31 04:00:00,0.8660254037844386,0.5000000000000001,0.0,23.4,65.0,6.0,4.3387848992645734
2023-07-31 05:00:00,0.9659258262890684,0.2588190451025207,0.0,22.9,66.0,5.0,4.863446172401309
2023-07-31 06:00:00,1.0,6.123233995736766e-17,0.0,22.5,66.0,4.0,6.105436465330421
2023-07-31 07:00:00,0.9659258262890684,-0.2588190451025206,0.0,23.9,61.0,4.0,7.325169234797358
2023-07-31 08:00:00,0.8660254037844387,-0.4999999999999998,0.0,24.5,58.0,3.0,7.641063868179917
2023-07-31 09:00:00,0.7071067811865476,-0.7071067811865475,0.0,25.4,61.0,3.0,7.298757491037249
2023-07-31 10:00:00,0.4999999999999999,-0.8660254037844387,0.0,25.7,59.0,7.0,6.867653856799007
2023-07-31 11:00:00,0.258819045102521,-0.9659258262890682,0.0,25.9,65.0,8.0,6.570870749019086
2023-07-31 12:00:00,1.2246467991473532e-16,-1.0,0.0,26.2,64.0,11.0,6.348014784008265
2023-07-31 13:00:00,-0.2588190451025208,-0.9659258262890684,0.0,26.4,61.0,13.0,6.200294846259057
2023-07-31 14:00:00,-0.4999999999999997,-0.8660254037844388,0.0,26.2,62.0,15.0,6.139062464311719
2023-07-31 15:00:00,-0.7071067811865471,-0.7071067811865479,0.0,26.0,67.0,13.0,6.172488046847284
2023-07-31 16:00:00,-0.8660254037844385,-0.5000000000000004,0.0,26.2,67.0,5.0,6.273919645100832
2023-07-31 17:00:00,-0.9659258262890684,-0.2588190451025206,0.0,27.2,64.0,3.0,6.394299930594861
2023-07-31 18:00:00,-1.0,-1.8369701987210294e-16,0.0,26.7,65.0,4.0,6.45234775416553
2023-07-31 19:00:00,-0.9659258262890684,0.2588190451025203,0.0,26.6,68.0,5.0,6.456438853107392
2023-07-31 20:00:00,-0.8660254037844386,0.5000000000000001,0.0,26.8,65.0,6.0,6.327402836754918
2023-07-31 21:00:00,-0.7071067811865477,0.7071067811865474,0.0,26.7,65.0,5.0,6.042688188403845
2023-07-31 22:00:00,-0.5000000000000004,0.8660254037844384,0.0,26.8,57.0,7.0,5.663074388131499
2023-07-31 23:00:00,-0.2588190451025215,0.965925826289068,0.0,26.6,60.0,5.0,5.253210476189851
