Date-time CET-CEST (DD/MM/YYYY HH:mm),hour_sin,hour_cos,Rainfall depth (mm),Air temperature (Â°C),Air humidity (%),Windspeed (km/h),DMA H (L/s)
2023-07-01 00:00:00,0.0,1.0,0.0,26.6,74.0,3.0,15.810219361986965
2023-07-01 01:00:00,0.2588190451025207,0.9659258262890684,0.0,26.2,70.0,5.0,13.713069461304695
2023-07-01 02:00:00,0.4999999999999999,0.8660254037844387,0.0,25.9,69.0,5.0,12.482269174102694
2023-07-01 03:00:00,0.7071067811865476,0.7071067811865476,0.0,25.7,67.0,6.0,12.052885564146564
2023-07-01 04:00:00,0.8660254037844386,0.5000000000000001,0.0,25.3,69.0,5.0,12.165424059592187
2023-07-01 05:00:00,0.9659258262890684,0.2588190451025207,0.0,25.1,66.0,5.0,13.276501128077507
2023-07-01 06:00:00,1.0,6.123233995736766e-17,0.0,25.3,63.0,5.0,16.85263660626486
2023-07-01 07:00:00,0.9659258262890684,-0.2588190451025206,0.0,26.5,52.0,5.0,22.68015320189297
2023-07-01 08:00:00,0.8660254037844387,-0.4999999999999998,0.0,26.8,57.0,4.0,26.837035168930885
2023-07-01 09:00:00,0.7071067811865476,-0.7071067811865475,0.0,26.9,64.0,5.0,27.212483198978003
2023-07-01 10:00:00,0.4999999999999999,-0.8660254037844387,0.0,28.0,61.0,7.0,26.021225685104724
2023-07-01 11:00:00,0.258819045102521,-0.9659258262890682,0.0,27.5,70.0,13.0,25.198287267275152
2023-07-01 12:00:00,1.2246467991473532e-16,-1.0,0.0,27.9,61.0,16.0,24.742635706625876
2023-07-01 13:00:00,-0.2588190451025208,-0.9659258262890684,0.0,27.6,71.0,15.0,23.88156711071729
2023-07-01 14:00:00,-0.4999999999999997,-0.8660254037844388,0.0,27.6,81.0,20.0,23.019661950618026
2023-07-01 15:00:00,-0.7071067811865471,-0.7071067811865479,0.0,27.6,78.0,26.0,22.444612562842664
2023-07-01 16:00:00,-0.8660254037844385,-0.5000000000000004,0.0,28.3,70.0,24.0,22.34582763340324
2023-07-01 17:00:00,-0.9659258262890684,-0.2588190451025206,0.0,27.4,76.0,23.0,22.78711139645427
2023-07-01 18:00:00,-1.0,-1.8369701987210294e-16,0.0,27.6,76.0,25.0,23.423415751159187
2023-07-01 19:00:00,-0.9659258262890684,0.2588190451025203,0.0,27.7,74.0,20.0,23.569822179600592
2023-07-01 20:00:00,-0.8660254037844386,0.5000000000000001,0.0,27.5,75.0,14.0,22.827642436809835
2023-07-01 21:00:00,-0.7071067811865477,0.7071067811865474,0.0,27.6,73.0,5.0,21.124983669295904
2023-07-01 22:00:00,-0.5000000000000004,0.8660254037844384,0.0,27.3,75.0,4.0,18.72734123047441
2023-07-01 23:00:00,-0.2588190451025215,0.965925826289068,0.0,26.9,70.0,5.0,16.08619100546464
2023-07-02 00:00:00,0.0,1.0,0.0,26.9,74.0,4.0,13.760120975375175
2023-07-02 01:00:00,0.2588190451025207,0.9659258262890684,0.0,26.8,69.0,4.0,12.12094902032055
2023-07-02 02:00:00,0.4999999999999999,0.8660254037844387,0.0,27.0,64.0,5.0,11.304570238622837
2023-07-02 03:00:00,0.7071067811865476,0.7071067811865476,0.0,27.2,61.0,5.0,11.020968244792893
2023-07-02 04:00:00,0.8660254037844386,0.5000000000000001,0.0,27.1,57.0,12.0,10.996904657231644
2023-07-02 05:00:00,0.9659258262890684,0.2588190451025207,0.0,27.1,56.0,29.0,11.95033637067303
2023-07-02 06:00:00,1.0,6.123233995736766e-17,0.0,26.6,55.0,35.0,15.917983340453356
2023-07-02 07:00:00,0.9659258262890684,-0.2588190451025206,0.0,26.6,52.0,40.0,22.54853670068085
2023-07-02 08:00:00,0.8660254037844387,-0.4999999999999998,0.0,27.2,48.0,36.0,27.200259028412397
2023-07-02 09:00:00,0.7071067811865476,-0.7071067811865475,0.0,27.8,50.0,32.0,27.325771139413114
2023-07-02 10:00:00,0.4999999999999999,-0.8660254037844387,0.0,28.6,49.0,29.0,25.791783939786253
2023-07-02 11:00:00,0.258819045102521,-0.9659258262890682,0.0,29.6,44.0,26.0,25.035712394528087
2023-07-02 12:00:00,1.2246467991473532e-16,-1.0,0.0,30.6,43.0,20.0,24.578196428008376
2023-07-02 13:00:00,-0.2588190451025208,-0.9659258262890684,0.0,31.0,41.0,23.0,23.770244711376723
2023-07-02 14:00:00,-0.4999999999999997,-0.8660254037844388,0.0,31.3,41.0,18.0,22.808933519646523
2023-07-02 15:00:00,-0.7071067811865471,-0.7071067811865479,0.0,32.0,39.0,16.0,22.312179284766312
2023-07-02 16:00:00,-0.8660254037844385,-0.5000000000000004,0.0,31.0,48.0,10.0,22.484397181272502
2023-07-02 17:00:00,-0.9659258262890684,-0.2588190451025206,0.0,28.4,74.0,19.0,23.239861915186044
2023-07-02 18:00:00,-1.0,-1.8369701987210294e-16,0.0,28.0,76.0,12.0,24.007265002727504
2023-07-02 19:00:00,-0.9659258262890684,0.2588190451025203,0.0,27.9,80.0,10.0,24.167441211789843
2023-07-02 20:00:00,-0.8660254037844386,0.5000000000000001,0.0,27.6,80.0,8.0,23.35519454602152
2023-07-02 21:00:00,-0.7071067811865477,0.7071067811865474,0.0,27.3,82.0,8.0,21.559428712464864
2023-07-02 22:00:00,-0.5000000000000004,0.8660254037844384,0.0,29.1,50.0,16.0,19.053138461261984
2023-07-02 23:00:00,-0.2588190451025215,0.965925826289068,0.0,28.4,48.0,24.0,16.27373253736645
2023-07-03 00:00:00,0.0,1.0,0.0,27.7,49.0,22.0,13.880847851261496
2023-07-03 01:00:00,0.2588190451025207,0.9659258262890684,0.0,27.5,47.0,31.0,12.36778574936092
2023-07-03 02:00:00,0.4999999999999999,0.8660254037844387,0.0,26.8,46.0,31.0,11.74437668537721
2023-07-03 03:00:00,0.7071067811865476,0.7071067811865476,0.0,26.4,48.0,28.0,11.783714440017938
2023-07-03 04:00:00,0.8660254037844386,0.5000000000000001,0.0,25.8,49.0,23.0,12.086511102393269
2023-07-03 05:00:00,0.9659258262890684,0.2588190451025207,0.0,25.7,49.0,17.0,13.387891408940776
2023-07-03 06:00:00,1.0,6.123233995736766e-17,0.0,25.9,48.0,15.0,17.597671220544726
2023-07-03 07:00:00,0.9659258262890684,-0.2588190451025206,0.0,26.6,46.0,10.0,23.78011419009417
2023-07-03 08:00:00,0.8660254037844387,-0.4999999999999998,0.0,27.5,46.0,4.0,27.499711632616815
2023-07-03 09:00:00,0.7071067811865476,-0.7071067811865475,0.0,28.8,41.0,7.0,27.182742847315964
2023-07-03 10:00:00,0.4999999999999999,-0.8660254037844387,0.0,30.3,37.0,8.0,25.676619501225648
2023-07-03 11:00:00,0.258819045102521,-0.9659258262890682,0.0,27.5,64.0,11.0,24.925529965050515
2023-07-03 12:00:00,1.2246467991473532e-16,-1.0,0.0,27.2,67.0,12.0,24.812780679613347
2023-07-03 13:00:00,-0.2588190451025208,-0.9659258262890684,0.0,27.7,65.0,12.0,24.225360914915797
2023-07-03 14:00:00,-0.4999999999999997,-0.8660254037844388,0.0,28.3,64.0,6.0,23.325859834551807
2023-07-03 15:00:00,-0.7071067811865471,-0.7071067811865479,0.0,28.4,66.0,6.0,22.713371725827454
2023-07-03 16:00:00,-0.8660254037844385,-0.5000000000000004,0.0,28.4,63.0,9.0,22.689933637641367
2023-07-03 17:00:00,-0.9659258262890684,-0.2588190451025206,0.0,28.7,63.0,5.0,23.17065684020519
2023-07-03 18:00:00,-1.0,-1.8369701987210294e-16,0.0,28.7,63.0,4.0,23.78282175593078
2023-07-03 19:00:00,-0.9659258262890684,0.2588190451025203,0.0,29.0,54.0,6.0,23.897307928912337
2023-07-03 20:00:00,-0.8660254037844386,0.5000000000000001,0.0,28.9,53.0,4.0,23.10294460907578
2023-07-03 21:00:00,-0.7071067811865477,0.7071067811865474,0.0,28.7,51.0,5.0,21.375972713828084
2023-07-03 22:00:00,-0.5000000000000004,0.8660254037844384,0.0,29.4,48.0,4.0,18.983436504527923
2023-07-03 23:00:00,-0.2588190451025215,0.965925826289068,0.0,30.2,36.0,5.0,16.37500132592395
2023-07-04 00:00:00,0.0,1.0,0.0,29.3,36.0,16.0,14.062485064808278
2023-07-04 01:00:00,0.2588190451025207,0.9659258262890684,0.0,29.5,35.0,18.0,12.477403690386563
2023-07-04 02:00:00,0.4999999999999999,0.8660254037844387,0.0,29.3,38.0,18.0,11.714294177861884
2023-07-04 03:00:00,0.7071067811865476,0.7071067811865476,0.0,28.7,40.0,15.0,11.495280216173269
2023-07-04 04:00:00,0.8660254037844386,0.5000000000000001,0.0,28.7,42.0,15.0,11.643346993681043
2023-07-04 05:00:00,0.9659258262890684,0.2588190451025207,0.0,28.3,44.0,11.0,13.064489543950184
2023-07-04 06:00:00,1.0,6.123233995736766e-17,0.0,28.0,45.0,15.0,17.63293443487957
2023-07-04 07:00:00,0.9659258262890684,-0.2588190451025206,0.0,29.4,41.0,8.0,24.060439045391973
2023-07-04 08:00:00,0.8660254037844387,-0.4999999999999998,0.0,30.7,37.0,13.0,27.48503823075443
2023-07-04 09:00:00,0.7071067811865476,-0.7071067811865475,0.0,32.0,31.0,17.0,26.728589626997707
2023-07-04 10:00:00,0.4999999999999999,-0.8660254037844387,0.0,33.8,27.0,15.0,25.10249572061002
2023-07-04 11:00:00,0.258819045102521,-0.9659258262890682,0.0,28.3,68.0,12.0,24.419316288828846
2023-07-04 12:00:00,1.2246467991473532e-16,-1.0,0.0,28.3,69.0,13.0,24.619809175543484
2023-07-04 13:00:00,-0.2588190451025208,-0.9659258262890684,0.0,29.7,53.0,4.0,24.202787972614164
2023-07-04 14:00:00,-0.4999999999999997,-0.8660254037844388,0.0,28.9,63.0,5.0,23.291324354112145
2023-07-04 15:00:00,-0.7071067811865471,-0.7071067811865479,0.0,29.6,55.0,5.0,22.81806317221373
2023-07-04 16:00:00,-0.8660254037844385,-0.5000000000000004,0.0,29.8,45.0,5.0,22.837879080362615
2023-07-04 17:00:00,-0.9659258262890684,-0.2588190451025206,0.0,30.2,44.0,5.0,23.38047615345567
2023-07-04 18:00:00,-1.0,-1.8369701987210294e-16,0.0,30.0,49.0,7.0,24.039869020245966
2023-07-04 19:00:00,-0.9659258262890684,0.2588190451025203,0.0,29.5,56.0,9.0,24.158474255017932
2023-07-04 20:00:00,-0.8660254037844386,0.5000000000000001,0.0,29.2,57.0,8.0,23.352844251357016
2023-07-04 21:00:00,-0.7071067811865477,0.7071067811865474,0.0,30.3,45.0,4.0,21.603061965890227
2023-07-04 22:00:00,-0.5000000000000004,0.8660254037844384,0.0,29.2,54.0,6.0,19.164170646481214
2023-07-04 23:00:00,-0.2588190451025215,0.965925826289068,0.0,28.4,70.0,7.0,16.54711863685399
2023-07-05 00:00:00,0.0,1.0,0.0,28.2,56.0,20.0,14.223172446470707
2023-07-05 01:00:00,0.2588190451025207,0.9659258262890684,0.0,28.3,52.0,12.0,12.587863966906443
2023-07-05 02:00:00,0.4999999999999999,0.8660254037844387,0.0,28.4,49.0,5.0,11.795077587058767
2023-07-05 03:00:00,0.7071067811865476,0.7071067811865476,0.0,28.0,50.0,7.0,11.525104251736774
2023-07-05 04:00:00,0.8660254037844386,0.5000000000000001,0.0,27.4,54.0,8.0,11.558698322637937
2023-07-05 05:00:00,0.9659258262890684,0.2588190451025207,0.0,26.8,56.0,19.0,12.758238069340587
2023-07-05 06:00:00,1.0,6.123233995736766e-17,0.0,26.3,57.0,15.0,16.987282217368485
2023-07-05 07:00:00,0.9659258262890684,-0.2588190451025206,0.0,26.5,58.0,13.0,23.467902058213944
2023-07-05 08:00:00,0.8660254037844387,-0.4999999999999998,0.0,27.2,54.0,14.0,27.5358388935402
2023-07-05 09:00:00,0.7071067811865476,-0.7071067811865475,0.0,28.4,53.0,14.0,27.281492599286135
2023-07-05 10:00:00,0.4999999999999999,-0.8660254037844387,0.0,29.1,49.0,18.0,25.759226092696185
2023-07-05 11:00:00,0.258819045102521,-0.9659258262890682,0.0,30.6,39.0,14.0,25.0805054051429
2023-07-05 12:00:00,1.2246467991473532e-16,-1.0,0.0,30.0,44.0,6.0,24.55678214360028
2023-07-05 13:00:00,-0.2588190451025208,-0.9659258262890684,0.0,31.4,38.0,14.0,23.81762326598167
2023-07-05 14:00:00,-0.4999999999999997,-0.8660254037844388,0.0,32.4,31.0,15.0,22.868715430051086
2023-07-05 15:00:00,-0.7071067811865471,-0.7071067811865479,0.0,28.9,63.0,14.0,22.33919008467346
2023-07-05 16:00:00,-0.8660254037844385,-0.5000000000000004,0.0,28.8,68.0,17.0,22.749260439537462
2023-07-05 17:00:00,-0.9659258262890684,-0.2588190451025206,0.0,30.2,48.0,32.0,23.44432435944676
2023-07-05 18:00:00,-1.0,-1.8369701987210294e-16,0.0,28.7,54.0,30.0,24.020210311412807
2023-07-05 19:00:00,-0.9659258262890684,0.2588190451025203,0.0,29.7,46.0,27.0,24.193304346762595
2023-07-05 20:00:00,-0.8660254037844386,0.5000000000000001,0.0,29.3,51.0,22.0,23.41322967521846
2023-07-05 21:00:00,-0.7071067811865477,0.7071067811865474,0.0,29.0,53.0,15.0,21.69828187867999
2023-07-05 22:00:00,-0.5000000000000004,0.8660254037844384,0.0,28.2,56.0,22.0,19.30177391324192
2023-07-05 23:00:00,-0.2588190451025215,0.965925826289068,0.0,26.9,59.0,33.0,16.686956222560255
2023-07-06 00:00:00,0.0,1.0,0.0,26.9,60.0,35.0,14.427625546716154
2023-07-06 01:00:00,0.2588190451025207,0.9659258262890684,0.0,27.4,54.0,34.0,12.878063522577285
2023-07-06 02:00:00,0.4999999999999999,0.8660254037844387,0.0,27.4,52.0,36.0,12.10723722755909
2023-07-06 03:00:00,0.7071067811865476,0.7071067811865476,0.0,26.7,53.0,22.0,11.913712502820417
2023-07-06 04:00:00,0.8660254037844386,0.5000000000000001,0.0,26.1,57.0,14.0,12.093664495730772
2023-07-06 05:00:00,0.9659258262890684,0.2588190451025207,0.0,25.6,62.0,15.0,13.230073739262298
2023-07-06 06:00:00,1.0,6.123233995736766e-17,0.0,25.5,56.0,10.0,17.128093779254705
2023-07-06 07:00:00,0.9659258262890684,-0.2588190451025206,0.0,26.4,47.0,15.0,23.213284237869082
2023-07-06 08:00:00,0.8660254037844387,-0.4999999999999998,0.0,27.1,47.0,11.0,27.2345570609346
2023-07-06 09:00:00,0.7071067811865476,-0.7071067811865475,0.0,27.9,42.0,14.0,27.275494840778407
2023-07-06 10:00:00,0.4999999999999999,-0.8660254037844387,0.0,28.7,36.0,20.0,25.890884367153046
2023-07-06 11:00:00,0.258819045102521,-0.9659258262890682,0.0,29.5,29.0,19.0,25.131711708121
2023-07-06 12:00:00,1.2246467991473532e-16,-1.0,0.0,29.3,36.0,15.0,24.58417000200599
2023-07-06 13:00:00,-0.2588190451025208,-0.9659258262890684,0.0,28.4,49.0,15.0,23.875619919821617
2023-07-06 14:00:00,-0.4999999999999997,-0.8660254037844388,0.0,28.7,49.0,22.0,23.17802432142198
2023-07-06 15:00:00,-0.7071067811865471,-0.7071067811865479,0.0,28.6,55.0,23.0,22.71456446189433
2023-07-06 16:00:00,-0.8660254037844385,-0.5000000000000004,0.0,28.8,58.0,22.0,22.845277341865
2023-07-06 17:00:00,-0.9659258262890684,-0.2588190451025206,0.0,29.1,54.0,21.0,23.40905454933643
2023-07-06 18:00:00,-1.0,-1.8369701987210294e-16,0.0,28.0,63.0,26.0,24.009344870597122
2023-07-06 19:00:00,-0.9659258262890684,0.2588190451025203,0.0,28.3,49.0,24.0,24.138281288370486
2023-07-06 20:00:00,-0.8660254037844386,0.5000000000000001,0.0,27.8,57.0,8.0,23.362182770147918
2023-07-06 21:00:00,-0.7071067811865477,0.7071067811865474,0.0,27.5,54.0,7.0,21.68295109786093
2023-07-06 22:00:00,-0.5000000000000004,0.8660254037844384,0.0,27.4,46.0,8.0,19.288383389711377
2023-07-06 23:00:00,-0.2588190451025215,0.965925826289068,0.0,27.4,39.0,6.0,16.681306391209365
2023-07-07 00:00:00,0.0,1.0,0.0,27.3,41.0,7.0,14.39793851090595
2023-07-07 01:00:00,0.2588190451025207,0.9659258262890684,0.0,27.3,40.0,8.0,12.792934046983719
2023-07-07 02:00:00,0.4999999999999999,0.8660254037844387,0.0,26.6,41.0,11.0,11.95942589893937
2023-07-07 03:00:00,0.7071067811865476,0.7071067811865476,0.0,25.2,46.0,16.0,11.6900222737249
2023-07-07 04:00:00,0.8660254037844386,0.5000000000000001,0.0,24.8,49.0,22.0,11.885992657048627
2023-07-07 05:00:00,0.9659258262890684,0.2588190451025207,0.0,25.4,48.0,38.0,13.430161535432562
2023-07-07 06:00:00,1.0,6.123233995736766e-17,2.6,21.2,69.0,36.0,18.119380571972577
2023-07-07 07:00:00,0.9659258262890684,-0.2588190451025206,0.1,21.1,65.0,32.0,24.964737453125412
2023-07-07 08:00:00,0.8660254037844387,-0.4999999999999998,0.4,21.4,67.0,26.0,29.052514381110665
2023-07-07 09:00:00,0.7071067811865476,-0.7071067811865475,0.0,22.3,63.0,23.0,28.76741858154535
2023-07-07 10:00:00,0.4999999999999999,-0.8660254037844387,0.0,24.9,56.0,20.0,27.366965055204926
2023-07-07 11:00:00,0.258819045102521,-0.9659258262890682,0.0,27.2,42.0,14.0,26.750611822046334
2023-07-07 12:00:00,1.2246467991473532e-16,-1.0,0.0,27.2,44.0,6.0,26.071378862597044
2023-07-07 13:00:00,-0.2588190451025208,-0.9659258262890684,0.0,26.7,52.0,11.0,25.045221304185684
2023-07-07 14:00:00,-0.4999999999999997,-0.8660254037844388,0.0,26.5,56.0,14.0,23.9769068467617
2023-07-07 15:00:00,-0.7071067811865471,-0.7071067811865479,0.0,26.5,56.0,9.0,23.309814511388538
2023-07-07 16:00:00,-0.8660254037844385,-0.5000000000000004,0.0,26.5,57.0,12.0,23.290663677267727
2023-07-07 17:00:00,-0.9659258262890684,-0.2588190451025206,0.0,27.2,52.0,14.0,23.79089608442038
2023-07-07 18:00:00,-1.0,-1.8369701987210294e-16,0.0,27.4,49.0,18.0,24.351510617546733
2023-07-07 19:00:00,-0.9659258262890684,0.2588190451025203,4.0,20.3,77.0,40.0,24.408466238155956
2023-07-07 20:00:00,-0.8660254037844386,0.5000000000000001,0.3,21.1,66.0,41.0,23.653078454956407
2023-07-07 21:00:00,-0.7071067811865477,0.7071067811865474,0.0,22.3,57.0,40.0,22.023335985429583
2023-07-07 22:00:00,-0.5000000000000004,0.8660254037844384,0.0,21.1,64.0,35.0,19.65845036625862
2023-07-07 23:00:00,-0.2588190451025215,0.965925826289068,0.0,21.0,66.0,42.0,17.09327358117327
2023-07-08 00:00:00,0.0,1.0,0.0,21.2,64.0,40.0,14.778685147259385
2023-07-08 01:00:00,0.2588190451025207,0.9659258262890684,0.0,21.3,62.0,46.0,13.133986481996253
2023-07-08 02:00:00,0.4999999999999999,0.8660254037844387,0.0,20.7,65.0,42.0,12.28589012752287
2023-07-08 03:00:00,0.7071067811865476,0.7071067811865476,0.0,20.9,63.0,42.0,12.106197293624282
2023-07-08 04:00:00,0.8660254037844386,0.5000000000000001,0.0,20.0,68.0,52.0,12.242865059562027
2023-07-08 05:00:00,0.9659258262890684,0.2588190451025207,0.0,20.3,66.0,44.0,13.370084464075044
2023-07-08 06:00:00,1.0,6.123233995736766e-17,0.0,20.4,64.0,44.0,16.930140815749763
2023-07-08 07:00:00,0.9659258262890684,-0.2588190451025206,0.0,21.1,59.0,42.0,22.873739212378858
2023-07-08 08:00:00,0.8660254037844387,-0.4999999999999998,0.0,21.5,58.0,41.0,27.40748620189726
2023-07-08 09:00:00,0.7071067811865476,-0.7071067811865475,0.0,22.8,53.0,36.0,28.159859715700147
2023-07-08 10:00:00,0.4999999999999999,-0.8660254037844387,0.0,24.2,47.0,29.0,26.9794247701019
2023-07-08 11:00:00,0.258819045102521,-0.9659258262890682,0.0,25.2,42.0,28.0,26.07737552180886
2023-07-08 12:00:00,1.2246467991473532e-16,-1.0,0.0,24.3,54.0,28.0,25.400128990076478
2023-07-08 13:00:00,-0.2588190451025208,-0.9659258262890684,0.0,24.5,56.0,21.0,24.639036960378284
2023-07-08 14:00:00,-0.4999999999999997,-0.8660254037844388,0.0,24.7,56.0,18.0,23.667351713106033
2023-07-08 15:00:00,-0.7071067811865471,-0.7071067811865479,0.0,24.7,61.0,18.0,22.975101990737016
2023-07-08 16:00:00,-0.8660254037844385,-0.5000000000000004,0.0,25.3,59.0,18.0,22.912182689793404
2023-07-08 17:00:00,-0.9659258262890684,-0.2588190451025206,0.0,27.8,31.0,23.0,23.346911351308222
2023-07-08 18:00:00,-1.0,-1.8369701987210294e-16,0.0,27.9,30.0,30.0,23.85258417394012
2023-07-08 19:00:00,-0.9659258262890684,0.2588190451025203,0.0,27.9,30.0,30.0,24.021025988981126
2023-07-08 20:00:00,-0.8660254037844386,0.5000000000000001,0.0,27.1,33.0,26.0,23.32529369715601
2023-07-08 21:00:00,-0.7071067811865477,0.7071067811865474,0.0,26.0,37.0,26.0,21.712822265736754
2023-07-08 22:00:00,-0.5000000000000004,0.8660254037844384,0.0,25.0,41.0,28.0,19.458047621808944
2023-07-08 23:00:00,-0.2588190451025215,0.965925826289068,0.0,24.2,44.0,33.0,17.015971092488616
2023-07-09 00:00:00,0.0,1.0,0.0,23.2,46.0,36.0,14.860455174539238
2023-07-09 01:00:00,0.2588190451025207,0.9659258262890684,0.0,22.8,46.0,39.0,13.35833161663264
2023-07-09 02:00:00,0.4999999999999999,0.8660254037844387,0.0,22.5,45.0,46.0,12.584911258080973
2023-07-09 03:00:00,0.7071067811865476,0.7071067811865476,0.0,22.2,43.0,46.0,12.387125662378967
2023-07-09 04:00:00,0.8660254037844386,0.5000000000000001,0.0,21.6,43.0,44.0,12.6343842462264
2023-07-09 05:00:00,0.9659258262890684,0.2588190451025207,0.0,21.2,42.0,45.0,14.035760081838816
2023-07-09 06:00:00,1.0,6.123233995736766e-17,0.0,21.3,38.0,23.0,18.166147368401287
2023-07-09 07:00:00,0.9659258262890684,-0.2588190451025206,0.0,21.7,38.0,14.0,24.140686547830697
2023-07-09 08:00:00,0.8660254037844387,-0.4999999999999998,0.0,22.3,38.0,10.0,28.08396872296929
2023-07-09 09:00:00,0.7071067811865476,-0.7071067811865475,0.0,23.6,33.0,11.0,28.162146251201627
2023-07-09 10:00:00,0.4999999999999999,-0.8660254037844387,0.0,24.5,31.0,13.0,26.768055449612437
2023-07-09 11:00:00,0.258819045102521,-0.9659258262890682,0.0,24.3,40.0,14.0,26.00439986184239
2023-07-09 12:00:00,1.2246467991473532e-16,-1.0,0.0,23.9,46.0,14.0,25.598408994115886
2023-07-09 13:00:00,-0.2588190451025208,-0.9659258262890684,0.0,24.4,44.0,18.0,24.839404527358706
2023-07-09 14:00:00,-0.4999999999999997,-0.8660254037844388,0.0,24.6,47.0,20.0,23.826891429834063
2023-07-09 15:00:00,-0.7071067811865471,-0.7071067811865479,0.0,24.8,51.0,22.0,23.173779939897354
2023-07-09 16:00:00,-0.8660254037844385,-0.5000000000000004,0.0,25.2,51.0,20.0,23.132222157157955
2023-07-09 17:00:00,-0.9659258262890684,-0.2588190451025206,0.0,25.3,53.0,18.0,23.590889086499807
2023-07-09 18:00:00,-1.0,-1.8369701987210294e-16,0.0,25.2,59.0,15.0,24.1611477426812
2023-07-09 19:00:00,-0.9659258262890684,0.2588190451025203,0.0,25.5,59.0,10.0,24.263630703575906
2023-07-09 20:00:00,-0.8660254037844386,0.5000000000000001,0.0,25.5,52.0,7.0,23.467932838499543
2023-07-09 21:00:00,-0.7071067811865477,0.7071067811865474,0.0,25.4,52.0,5.0,21.73812475979328
2023-07-09 22:00:00,-0.5000000000000004,0.8660254037844384,0.0,24.6,53.0,9.0,19.339476465210314
2023-07-09 23:00:00,-0.2588190451025215,0.965925826289068,0.0,24.2,53.0,7.0,16.738331817109138
2023-07-10 00:00:00,0.0,1.0,0.0,23.7,55.0,6.0,14.453253982011228
2023-07-10 01:00:00,0.2588190451025207,0.9659258262890684,0.0,23.3,55.0,6.0,12.849752805251628
2023-07-10 02:00:00,0.4999999999999999,0.8660254037844387,0.0,22.6,56.0,6.0,12.01446214888245
2023-07-10 03:00:00,0.7071067811865476,0.7071067811865476,0.0,22.2,58.0,6.0,11.741625422528013
2023-07-10 04:00:00,0.8660254037844386,0.5000000000000001,0.0,22.4,63.0,5.0,11.83937069285661
2023-07-10 05:00:00,0.9659258262890684,0.2588190451025207,0.0,21.9,63.0,6.0,13.085675999280065
2023-07-10 06:00:00,1.0,6.123233995736766e-17,0.0,22.3,62.0,5.0,17.24871017590165
2023-07-10 07:00:00,0.9659258262890684,-0.2588190451025206,0.0,22.7,60.0,6.0,23.45841183658689
2023-07-10 08:00:00,0.8660254037844387,-0.4999999999999998,0.0,23.9,51.0,5.0,27.42766707628965
2023-07-10 09:00:00,0.7071067811865476,-0.7071067811865475,0.0,24.4,53.0,5.0,27.273814017325638
2023-07-10 10:00:00,0.4999999999999999,-0.8660254037844387,0.0,23.8,62.0,6.0,25.91408500742167
2023-07-10 11:00:00,0.258819045102521,-0.9659258262890682,0.0,24.8,62.0,5.0,25.433900459855792
2023-07-10 12:00:00,1.2246467991473532e-16,-1.0,0.0,24.6,56.0,4.0,25.069988441132004
2023-07-10 13:00:00,-0.2588190451025208,-0.9659258262890684,0.0,24.7,54.0,6.0,24.21636317785829
2023-07-10 14:00:00,-0.4999999999999997,-0.8660254037844388,0.0,25.0,50.0,10.0,23.241328375935552
2023-07-10 15:00:00,-0.7071067811865471,-0.7071067811865479,0.0,25.1,50.0,11.0,22.606302502378817
2023-07-10 16:00:00,-0.8660254037844385,-0.5000000000000004,0.0,25.2,54.0,12.0,22.634362030588086
2023-07-10 17:00:00,-0.9659258262890684,-0.2588190451025206,0.0,25.3,53.0,10.0,23.199977260828014
2023-07-10 18:00:00,-1.0,-1.8369701987210294e-16,0.0,25.2,54.0,8.0,23.847765959948298
2023-07-10 19:00:00,-0.9659258262890684,0.2588190451025203,0.0,25.1,60.0,6.0,24.01310666121542
2023-07-10 20:00:00,-0.8660254037844386,0.5000000000000001,0.0,26.0,44.0,16.0,23.272409868612883
2023-07-10 21:00:00,-0.7071067811865477,0.7071067811865474,0.0,25.4,46.0,13.0,21.54879192519933
2023-07-10 22:00:00,-0.5000000000000004,0.8660254037844384,0.0,24.8,47.0,13.0,19.204487324133513
2023-07-10 23:00:00,-0.2588190451025215,0.965925826289068,0.0,24.6,47.0,10.0,16.664230478126555
2023-07-11 00:00:00,0.0,1.0,0.0,23.8,50.0,13.0,14.418889991734176
2023-07-11 01:00:00,0.2588190451025207,0.9659258262890684,0.0,23.3,51.0,11.0,12.838985751420259
2023-07-11 02:00:00,0.4999999999999999,0.8660254037844387,0.0,22.9,51.0,15.0,12.023768513267859
2023-07-11 03:00:00,0.7071067811865476,0.7071067811865476,0.0,21.6,56.0,12.0,11.738025503233075
2023-07-11 04:00:00,0.8660254037844386,0.5000000000000001,0.0,21.4,55.0,14.0,11.895312762632965
2023-07-11 05:00:00,0.9659258262890684,0.2588190451025207,0.0,21.0,56.0,13.0,13.269216643702238
2023-07-11 06:00:00,1.0,6.123233995736766e-17,0.0,20.2,57.0,24.0,17.597726185340434
2023-07-11 07:00:00,0.9659258262890684,-0.2588190451025206,0.0,20.3,53.0,26.0,24.08698814101517
2023-07-11 08:00:00,0.8660254037844387,-0.4999999999999998,0.0,20.6,53.0,26.0,28.236575180366632
2023-07-11 09:00:00,0.7071067811865476,-0.7071067811865475,0.0,22.2,45.0,27.0,28.248427788913247
2023-07-11 10:00:00,0.4999999999999999,-0.8660254037844387,0.0,23.3,42.0,21.0,26.837764002121983
2023-07-11 11:00:00,0.258819045102521,-0.9659258262890682,0.0,24.1,43.0,19.0,26.17424437846988
2023-07-11 12:00:00,1.2246467991473532e-16,-1.0,0.0,24.7,44.0,8.0,25.740662282593544
2023-07-11 13:00:00,-0.2588190451025208,-0.9659258262890684,0.0,24.6,47.0,11.0,24.84745027415454
2023-07-11 14:00:00,-0.4999999999999997,-0.8660254037844388,0.0,24.7,51.0,14.0,23.78735085509717
2023-07-11 15:00:00,-0.7071067811865471,-0.7071067811865479,0.0,24.6,51.0,17.0,23.096525820232923
2023-07-11 16:00:00,-0.8660254037844385,-0.5000000000000004,0.0,24.3,53.0,21.0,23.028997171521183
2023-07-11 17:00:00,-0.9659258262890684,-0.2588190451025206,0.0,24.5,56.0,20.0,23.53278140377253
2023-07-11 18:00:00,-1.0,-1.8369701987210294e-16,0.0,24.3,56.0,14.0,24.14488036174327
2023-07-11 19:00:00,-0.9659258262890684,0.2588190451025203,0.0,24.5,59.0,11.0,24.276590303108094
2023-07-11 20:00:00,-0.8660254037844386,0.5000000000000001,0.0,24.4,56.0,6.0,23.5040425106883
2023-07-11 21:00:00,-0.7071067811865477,0.7071067811865474,0.0,24.0,58.0,3.0,21.78707640685141
2023-07-11 22:00:00,-0.5000000000000004,0.8660254037844384,0.0,24.0,62.0,4.0,19.401249200515448
2023-07-11 23:00:00,-0.2588190451025215,0.965925826289068,0.0,23.6,66.0,6.0,16.765704835020006
2023-07-12 00:00:00,0.0,1.0,0.0,23.6,48.0,12.0,14.399960116092116
2023-07-12 01:00:00,0.2588190451025207,0.9659258262890684,0.0,23.1,49.0,14.0,12.725894035305828
2023-07-12 02:00:00,0.4999999999999999,0.8660254037844387,0.0,23.0,48.0,10.0,11.862100010002031
2023-07-12 03:00:00,0.7071067811865476,0.7071067811865476,0.0,23.2,47.0,11.0,11.607118734945542
2023-07-12 04:00:00,0.8660254037844386,0.5000000000000001,0.0,22.9,45.0,12.0,11.688019906217232
2023-07-12 05:00:00,0.9659258262890684,0.2588190451025207,0.0,23.0,45.0,9.0,12.902535773394629
2023-07-12 06:00:00,1.0,6.123233995736766e-17,0.0,23.0,43.0,10.0,17.036972591280936
2023-07-12 07:00:00,0.9659258262890684,-0.2588190451025206,0.0,23.4,44.0,13.0,23.397145876698193
2023-07-12 08:00:00,0.8660254037844387,-0.4999999999999998,0.0,24.2,42.0,13.0,27.477757593914863
2023-07-12 09:00:00,0.7071067811865476,-0.7071067811865475,0.0,25.4,37.0,8.0,27.30458550855517
2023-07-12 10:00:00,0.4999999999999999,-0.8660254037844387,0.0,24.3,51.0,10.0,25.708569437675173
2023-07-12 11:00:00,0.258819045102521,-0.9659258262890682,0.0,24.7,49.0,10.0,25.21684777949005
2023-07-12 12:00:00,1.2246467991473532e-16,-1.0,0.0,24.7,49.0,14.0,24.91914635367691
2023-07-12 13:00:00,-0.2588190451025208,-0.9659258262890684,0.0,24.9,54.0,17.0,24.186876763552423
2023-07-12 14:00:00,-0.4999999999999997,-0.8660254037844388,0.0,24.6,58.0,15.0,23.290547151900824
2023-07-12 15:00:00,-0.7071067811865471,-0.7071067811865479,0.0,24.8,63.0,16.0,22.7106916423887
2023-07-12 16:00:00,-0.8660254037844385,-0.5000000000000004,0.0,24.6,66.0,19.0,22.687567952834065
2023-07-12 17:00:00,-0.9659258262890684,-0.2588190451025206,0.0,24.7,68.0,19.0,23.141311135776338
2023-07-12 18:00:00,-1.0,-1.8369701987210294e-16,0.0,24.6,65.0,15.0,23.709038113467393
2023-07-12 19:00:00,-0.9659258262890684,0.2588190451025203,0.0,24.6,63.0,12.0,23.854277089647944
2023-07-12 20:00:00,-0.8660254037844386,0.5000000000000001,0.0,24.5,62.0,5.0,23.137090938761826
2023-07-12 21:00:00,-0.7071067811865477,0.7071067811865474,0.1,23.2,57.0,15.0,21.478544717691836
2023-07-12 22:00:00,-0.5000000000000004,0.8660254037844384,0.4,21.8,68.0,13.0,19.14330930791795
2023-07-12 23:00:00,-0.2588190451025215,0.965925826289068,0.0,22.2,64.0,9.0,16.623876424413172
2023-07-13 00:00:00,0.0,1.0,0.0,21.8,64.0,17.0,14.386522322837264
2023-07-13 01:00:00,0.2588190451025207,0.9659258262890684,0.0,22.7,56.0,15.0,12.768450253559276
2023-07-13 02:00:00,0.4999999999999999,0.8660254037844387,0.0,22.4,51.0,14.0,11.872708215573802
2023-07-13 03:00:00,0.7071067811865476,0.7071067811865476,0.0,21.8,53.0,12.0,11.538975030169823
2023-07-13 04:00:00,0.8660254037844386,0.5000000000000001,0.0,22.0,51.0,6.0,11.58800431500189
2023-07-13 05:00:00,0.9659258262890684,0.2588190451025207,0.0,21.7,51.0,7.0,12.666243490763009
2023-07-13 06:00:00,1.0,6.123233995736766e-17,0.0,21.3,52.0,8.0,16.60774425687268
2023-07-13 07:00:00,0.9659258262890684,-0.2588190451025206,0.0,22.3,48.0,6.0,23.016568531915542
2023-07-13 08:00:00,0.8660254037844387,-0.4999999999999998,0.0,22.6,53.0,4.0,27.2921931457147
2023-07-13 09:00:00,0.7071067811865476,-0.7071067811865475,0.0,23.3,54.0,4.0,27.311914514414962
2023-07-13 10:00:00,0.4999999999999999,-0.8660254037844387,0.0,23.3,56.0,6.0,25.817853742390867
2023-07-13 11:00:00,0.258819045102521,-0.9659258262890682,0.0,23.4,60.0,11.0,25.153788867965336
2023-07-13 12:00:00,1.2246467991473532e-16,-1.0,0.0,24.1,56.0,13.0,24.855689497031268
2023-07-13 13:00:00,-0.2588190451025208,-0.9659258262890684,0.0,25.2,52.0,11.0,24.06634666163474
2023-07-13 14:00:00,-0.4999999999999997,-0.8660254037844388,0.0,25.4,53.0,12.0,23.024569207578896
2023-07-13 15:00:00,-0.7071067811865471,-0.7071067811865479,0.0,25.2,51.0,12.0,22.360011848583813
2023-07-13 16:00:00,-0.8660254037844385,-0.5000000000000004,0.0,25.3,58.0,12.0,22.359630392901597
2023-07-13 17:00:00,-0.9659258262890684,-0.2588190451025206,0.0,25.6,60.0,7.0,22.932869240306314
2023-07-13 18:00:00,-1.0,-1.8369701987210294e-16,0.0,25.4,59.0,4.0,23.588377195335923
2023-07-13 19:00:00,-0.9659258262890684,0.2588190451025203,0.0,25.3,60.0,5.0,23.772677453234788
2023-07-13 20:00:00,-0.8660254037844386,0.5000000000000001,0.0,25.5,60.0,6.0,23.065437731780108
2023-07-13 21:00:00,-0.7071067811865477,0.7071067811865474,0.0,25.3,61.0,5.0,21.393516377322374
2023-07-13 22:00:00,-0.5000000000000004,0.8660254037844384,0.0,24.9,67.0,6.0,19.03289052981883
2023-07-13 23:00:00,-0.2588190451025215,0.965925826289068,0.0,24.9,60.0,6.0,16.43237632792443
2023-07-14 00:00:00,0.0,1.0,0.0,24.5,61.0,5.0,14.11795828487724
2023-07-14 01:00:00,0.2588190451025207,0.9659258262890684,0.0,24.0,63.0,5.0,12.475923763262108
2023-07-14 02:00:00,0.4999999999999999,0.8660254037844387,0.0,24.0,63.0,4.0,11.611316258981823
2023-07-14 03:00:00,0.7071067811865476,0.7071067811865476,0.0,23.4,63.0,4.0,11.299980953005143
2023-07-14 04:00:00,0.8660254037844386,0.5000000000000001,0.0,23.3,66.0,2.0,11.361017984519712
2023-07-14 05:00:00,0.9659258262890684,0.2588190451025207,0.0,23.1,66.0,5.0,12.508640183787794
2023-07-14 06:00:00,1.0,6.123233995736766e-17,0.0,22.8,65.0,4.0,16.559707224015145
2023-07-14 07:00:00,0.9659258262890684,-0.2588190451025206,0.0,23.9,59.0,3.0,22.88483550533652
2023-07-14 08:00:00,0.8660254037844387,-0.4999999999999998,0.0,23.5,67.0,2.0,26.975927909798916
2023-07-14 09:00:00,0.7071067811865476,-0.7071067811865475,0.0,24.7,67.0,3.0,27.041216193437574
2023-07-14 10:00:00,0.4999999999999999,-0.8660254037844387,0.0,24.8,69.0,6.0,25.63895872250199
2023-07-14 11:00:00,0.258819045102521,-0.9659258262890682,0.0,24.7,71.0,6.0,24.980135290995236
2023-07-14 12:00:00,1.2246467991473532e-16,-1.0,0.0,25.3,64.0,7.0,24.635949038155374
2023-07-14 13:00:00,-0.2588190451025208,-0.9659258262890684,0.0,26.3,56.0,8.0,23.82226998981088
2023-07-14 14:00:00,-0.4999999999999997,-0.8660254037844388,0.0,26.2,63.0,9.0,22.773474630638955
2023-07-14 15:00:00,-0.7071067811865471,-0.7071067811865479,0.0,26.4,64.0,9.0,22.1782828438282
2023-07-14 16:00:00,-0.8660254037844385,-0.5000000000000004,0.0,26.8,63.0,6.0,22.18809296056628
2023-07-14 17:00:00,-0.9659258262890684,-0.2588190451025206,0.0,26.5,64.0,6.0,22.729628113806246
2023-07-14 18:00:00,-1.0,-1.8369701987210294e-16,0.0,26.9,58.0,7.0,23.39236174087971
2023-07-14 19:00:00,-0.9659258262890684,0.2588190451025203,0.0,26.7,62.0,5.0,23.581656100116668
2023-07-14 20:00:00,-0.8660254037844386,0.5000000000000001,0.0,26.6,65.0,5.0,22.885223556794223
2023-07-14 21:00:00,-0.7071067811865477,0.7071067811865474,0.0,25.8,67.0,3.0,21.218040167726574
2023-07-14 22:00:00,-0.5000000000000004,0.8660254037844384,0.0,25.8,71.0,2.0,18.880523718930778
2023-07-14 23:00:00,-0.2588190451025215,0.965925826289068,0.0,26.0,46.0,5.0,16.294231657925994
2023-07-15 00:00:00,0.0,1.0,0.0,25.5,45.0,5.0,14.010826401561498
2023-07-15 01:00:00,0.2588190451025207,0.9659258262890684,0.0,25.1,46.0,3.0,12.416105301268399
2023-07-15 02:00:00,0.4999999999999999,0.8660254037844387,0.0,24.5,48.0,5.0,11.618070195666514
2023-07-15 03:00:00,0.7071067811865476,0.7071067811865476,0.0,24.2,49.0,4.0,11.37696217245888
2023-07-15 04:00:00,0.8660254037844386,0.5000000000000001,0.0,23.7,50.0,4.0,11.471311168060637
2023-07-15 05:00:00,0.9659258262890684,0.2588190451025207,0.0,23.5,52.0,3.0,12.756283521205187
2023-07-15 06:00:00,1.0,6.123233995736766e-17,0.0,23.5,54.0,3.0,17.15570864226669
2023-07-15 07:00:00,0.9659258262890684,-0.2588190451025206,0.0,24.8,44.0,2.0,23.637062812782823
2023-07-15 08:00:00,0.8660254037844387,-0.4999999999999998,0.0,25.2,51.0,2.0,27.31346452165395
2023-07-15 09:00:00,0.7071067811865476,-0.7071067811865475,0.0,25.4,55.0,5.0,26.897128180079157
2023-07-15 10:00:00,0.4999999999999999,-0.8660254037844387,0.0,25.2,65.0,12.0,25.48528045158833
2023-07-15 11:00:00,0.258819045102521,-0.9659258262890682,0.0,25.5,66.0,11.0,25.07608733486384
2023-07-15 12:00:00,1.2246467991473532e-16,-1.0,0.0,26.4,59.0,6.0,24.805448375865815
2023-07-15 13:00:00,-0.2588190451025208,-0.9659258262890684,0.0,26.2,67.0,10.0,23.96956464935094
2023-07-15 14:00:00,-0.4999999999999997,-0.8660254037844388,0.0,26.9,65.0,9.0,23.030509802699086
2023-07-15 15:00:00,-0.7071067811865471,-0.7071067811865479,0.0,27.0,56.0,9.0,22.356558960117397
2023-07-15 16:00:00,-0.8660254037844385,-0.5000000000000004,0.0,27.6,48.0,9.0,22.287296721749005
2023-07-15 17:00:00,-0.9659258262890684,-0.2588190451025206,0.0,28.2,41.0,10.0,22.83283880859613
2023-07-15 18:00:00,-1.0,-1.8369701987210294e-16,0.0,28.3,46.0,8.0,23.54698540627956
2023-07-15 19:00:00,-0.9659258262890684,0.2588190451025203,0.0,29.0,38.0,7.0,23.783413177132605
2023-07-15 20:00:00,-0.8660254037844386,0.5000000000000001,0.0,27.7,51.0,8.0,23.06205629754811
2023-07-15 21:00:00,-0.7071067811865477,0.7071067811865474,0.0,29.4,48.0,17.0,21.4147239940986
2023-07-15 22:00:00,-0.5000000000000004,0.8660254037844384,0.0,28.1,49.0,36.0,19.012306213825937
2023-07-15 23:00:00,-0.2588190451025215,0.965925826289068,0.0,27.1,53.0,40.0,16.436569592189045
2023-07-16 00:00:00,0.0,1.0,0.0,26.3,55.0,42.0,14.248999304678291
2023-07-16 01:00:00,0.2588190451025207,0.9659258262890684,0.0,26.1,53.0,41.0,12.78526453421451
2023-07-16 02:00:00,0.4999999999999999,0.8660254037844387,0.0,24.3,61.0,39.0,12.103724702289329
2023-07-16 03:00:00,0.7071067811865476,0.7071067811865476,0.0,23.4,62.0,38.0,12.045316911777482
2023-07-16 04:00:00,0.8660254037844386,0.5000000000000001,0.0,23.5,60.0,31.0,12.366851073009894
2023-07-16 05:00:00,0.9659258262890684,0.2588190451025207,0.0,23.7,58.0,30.0,13.629893709374592
2023-07-16 06:00:00,1.0,6.123233995736766e-17,0.0,23.4,54.0,35.0,17.478980240691453
2023-07-16 07:00:00,0.9659258262890684,-0.2588190451025206,0.0,23.9,52.0,31.0,23.515631288215516
2023-07-16 08:00:00,0.8660254037844387,-0.4999999999999998,0.0,24.9,52.0,37.0,27.696227266713972
2023-07-16 09:00:00,0.7071067811865476,-0.7071067811865475,0.0,26.1,47.0,28.0,28.052346376702186
2023-07-16 10:00:00,0.4999999999999999,-0.8660254037844387,0.0,27.8,44.0,23.0,26.738782298713918
2023-07-16 11:00:00,0.258819045102521,-0.9659258262890682,0.0,29.2,40.0,22.0,25.90235771860927
2023-07-16 12:00:00,1.2246467991473532e-16,-1.0,0.0,30.3,39.0,15.0,25.241194985397158
2023-07-16 13:00:00,-0.2588190451025208,-0.9659258262890684,0.0,31.0,39.0,15.0,24.253599628359076
2023-07-16 14:00:00,-0.4999999999999997,-0.8660254037844388,0.0,28.6,56.0,14.0,23.19012866873294
2023-07-16 15:00:00,-0.7071067811865471,-0.7071067811865479,0.0,27.0,72.0,21.0,22.79193400762975
2023-07-16 16:00:00,-0.8660254037844385,-0.5000000000000004,0.0,27.2,70.0,11.0,23.02089645992964
2023-07-16 17:00:00,-0.9659258262890684,-0.2588190451025206,0.0,27.5,64.0,5.0,23.616930307410655
2023-07-16 18:00:00,-1.0,-1.8369701987210294e-16,0.0,27.5,60.0,7.0,24.20668497662991
2023-07-16 19:00:00,-0.9659258262890684,0.2588190451025203,0.0,27.4,59.0,7.0,24.270695878416298
2023-07-16 20:00:00,-0.8660254037844386,0.5000000000000001,0.0,27.1,59.0,4.0,23.44049661107361
2023-07-16 21:00:00,-0.7071067811865477,0.7071067811865474,0.0,26.8,58.0,5.0,21.67772504508495
2023-07-16 22:00:00,-0.5000000000000004,0.8660254037844384,0.0,26.5,58.0,3.0,19.240887210443613
2023-07-16 23:00:00,-0.2588190451025215,0.965925826289068,0.0,28.4,56.0,6.0,16.618391487449408
2023-07-17 00:00:00,0.0,1.0,0.0,28.8,49.0,18.0,14.203902888391166
2023-07-17 01:00:00,0.2588190451025207,0.9659258262890684,0.0,27.4,53.0,44.0,12.44692241327837
2023-07-17 02:00:00,0.4999999999999999,0.8660254037844387,0.0,27.5,49.0,49.0,11.592068274584598
2023-07-17 03:00:00,0.7071067811865476,0.7071067811865476,0.1,25.8,59.0,45.0,11.523530472223648
2023-07-17 04:00:00,0.8660254037844386,0.5000000000000001,0.0,25.2,58.0,51.0,11.982817816697061
2023-07-17 05:00:00,0.9659258262890684,0.2588190451025207,0.0,24.8,55.0,50.0,13.571112158251927
2023-07-17 06:00:00,1.0,6.123233995736766e-17,0.2,24.9,51.0,46.0,17.940395409818738
2023-07-17 07:00:00,0.9659258262890684,-0.2588190451025206,0.0,24.8,47.0,46.0,24.20703015554696
2023-07-17 08:00:00,0.8660254037844387,-0.4999999999999998,0.0,24.8,47.0,44.0,28.186596790924664
2023-07-17 09:00:00,0.7071067811865476,-0.7071067811865475,0.0,25.4,45.0,45.0,28.26115543700754
2023-07-17 10:00:00,0.4999999999999999,-0.8660254037844387,0.0,26.4,42.0,39.0,27.053889976032075
2023-07-17 11:00:00,0.258819045102521,-0.9659258262890682,0.0,27.2,42.0,35.0,26.445600078403945
2023-07-17 12:00:00,1.2246467991473532e-16,-1.0,0.0,28.0,40.0,39.0,25.991583170779045
2023-07-17 13:00:00,-0.2588190451025208,-0.9659258262890684,0.0,28.7,40.0,29.0,25.050577073879538
2023-07-17 14:00:00,-0.4999999999999997,-0.8660254037844388,0.0,29.5,38.0,24.0,23.968808333761988
2023-07-17 15:00:00,-0.7071067811865471,-0.7071067811865479,0.0,30.3,36.0,24.0,23.255171809382734
2023-07-17 16:00:00,-0.8660254037844385,-0.5000000000000004,0.0,31.3,31.0,24.0,23.225885466933246
2023-07-17 17:00:00,-0.9659258262890684,-0.2588190451025206,0.0,31.7,31.0,21.0,23.76989843316376
2023-07-17 18:00:00,-1.0,-1.8369701987210294e-16,0.0,31.0,35.0,25.0,24.43305968634784
2023-07-17 19:00:00,-0.9659258262890684,0.2588190451025203,0.0,30.7,35.0,28.0,24.56862046130001
2023-07-17 20:00:00,-0.8660254037844386,0.5000000000000001,0.0,30.0,35.0,33.0,23.773743770271537
2023-07-17 21:00:00,-0.7071067811865477,0.7071067811865474,0.0,28.8,38.0,36.0,22.060575733818112
2023-07-17 22:00:00,-0.5000000000000004,0.8660254037844384,0.0,27.7,42.0,38.0,19.748183693140742
2023-07-17 23:00:00,-0.2588190451025215,0.965925826289068,0.0,27.1,41.0,39.0,17.2790370019339
2023-07-18 00:00:00,0.0,1.0,0.0,26.9,39.0,20.0,15.116779651790857
2023-07-18 01:00:00,0.2588190451025207,0.9659258262890684,0.0,26.6,39.0,10.0,13.600902253054082
2023-07-18 02:00:00,0.4999999999999999,0.8660254037844387,0.0,25.9,42.0,8.0,12.757019224995748
2023-07-18 03:00:00,0.7071067811865476,0.7071067811865476,0.0,26.1,42.0,17.0,12.438798616472631
2023-07-18 04:00:00,0.8660254037844386,0.5000000000000001,0.0,25.7,42.0,22.0,12.520449644969776
2023-07-18 05:00:00,0.9659258262890684,0.2588190451025207,0.0,25.3,45.0,33.0,13.867546920347959
2023-07-18 06:00:00,1.0,6.123233995736766e-17,0.0,25.0,44.0,35.0,18.210592451859267
2023-07-18 07:00:00,0.9659258262890684,-0.2588190451025206,0.0,25.4,40.0,27.0,24.56879415005445
2023-07-18 08:00:00,0.8660254037844387,-0.4999999999999998,0.0,26.1,38.0,15.0,28.40970109529793
2023-07-18 09:00:00,0.7071067811865476,-0.7071067811865475,0.0,26.9,39.0,15.0,28.140687994956966
2023-07-18 10:00:00,0.4999999999999999,-0.8660254037844387,0.0,27.8,37.0,23.0,26.740663194023067
2023-07-18 11:00:00,0.258819045102521,-0.9659258262890682,0.0,29.0,34.0,21.0,26.096719832010564
2023-07-18 12:00:00,1.2246467991473532e-16,-1.0,0.0,30.5,32.0,17.0,25.569695384837683
2023-07-18 13:00:00,-0.2588190451025208,-0.9659258262890684,0.0,30.8,32.0,19.0,24.594177992008625
2023-07-18 14:00:00,-0.4999999999999997,-0.8660254037844388,0.0,31.6,29.0,21.0,23.5489663375169
2023-07-18 15:00:00,-0.7071067811865471,-0.7071067811865479,0.0,31.7,30.0,17.0,22.96840837791562
2023-07-18 16:00:00,-0.8660254037844385,-0.5000000000000004,0.0,26.9,63.0,17.0,23.15359246972948
2023-07-18 17:00:00,-0.9659258262890684,-0.2588190451025206,0.0,26.7,67.0,16.0,24.010289165787395
2023-07-18 18:00:00,-1.0,-1.8369701987210294e-16,0.0,26.8,64.0,5.0,24.694678922370073
2023-07-18 19:00:00,-0.9659258262890684,0.2588190451025203,0.0,27.1,64.0,5.0,24.758266595229504
2023-07-18 20:00:00,-0.8660254037844386,0.5000000000000001,0.0,26.2,65.0,3.0,23.860411160849033
2023-07-18 21:00:00,-0.7071067811865477,0.7071067811865474,0.0,26.0,70.0,3.0,22.035662390515206
2023-07-18 22:00:00,-0.5000000000000004,0.8660254037844384,0.0,26.4,63.0,3.0,19.53019111476838
2023-07-18 23:00:00,-0.2588190451025215,0.965925826289068,0.0,28.2,37.0,7.0,16.787481337431817
2023-07-19 00:00:00,0.0,1.0,0.0,27.8,37.0,6.0,14.311783392224461
2023-07-19 01:00:00,0.2588190451025207,0.9659258262890684,0.0,28.0,33.0,17.0,12.626281885690988
2023-07-19 02:00:00,0.4999999999999999,0.8660254037844387,0.0,27.0,34.0,31.0,11.787881321180611
2023-07-19 03:00:00,0.7071067811865476,0.7071067811865476,0.0,26.9,35.0,33.0,11.686787320673465
2023-07-19 04:00:00,0.8660254037844386,0.5000000000000001,0.0,26.5,36.0,31.0,12.043179056048393
2023-07-19 05:00:00,0.9659258262890684,0.2588190451025207,0.0,26.5,33.0,17.0,13.591418627202511
2023-07-19 06:00:00,1.0,6.123233995736766e-17,0.0,26.5,33.0,16.0,18.052653859630226
2023-07-19 07:00:00,0.9659258262890684,-0.2588190451025206,0.0,27.3,33.0,8.0,24.305904127955433
2023-07-19 08:00:00,0.8660254037844387,-0.4999999999999998,0.0,28.3,29.0,8.0,27.718402263894674
2023-07-19 09:00:00,0.7071067811865476,-0.7071067811865475,0.0,28.9,30.0,26.0,27.040438991226253
2023-07-19 10:00:00,0.4999999999999999,-0.8660254037844387,0.0,30.1,28.0,27.0,25.601520001552995
2023-07-19 11:00:00,0.258819045102521,-0.9659258262890682,0.0,31.4,27.0,20.0,25.04439573295414
2023-07-19 12:00:00,1.2246467991473532e-16,-1.0,0.0,30.3,37.0,10.0,24.600563801974054
2023-07-19 13:00:00,-0.2588190451025208,-0.9659258262890684,0.0,29.6,42.0,18.0,23.93294930104166
2023-07-19 14:00:00,-0.4999999999999997,-0.8660254037844388,0.0,31.8,33.0,19.0,23.169842261932786
2023-07-19 15:00:00,-0.7071067811865471,-0.7071067811865479,0.0,29.8,44.0,19.0,22.644063317030664
2023-07-19 16:00:00,-0.8660254037844385,-0.5000000000000004,0.0,28.6,53.0,27.0,22.892489902786906
2023-07-19 17:00:00,-0.9659258262890684,-0.2588190451025206,0.0,27.9,57.0,22.0,23.61342904992401
2023-07-19 18:00:00,-1.0,-1.8369701987210294e-16,0.0,27.8,53.0,15.0,24.340196663998064
2023-07-19 19:00:00,-0.9659258262890684,0.2588190451025203,0.0,28.2,45.0,10.0,24.478161599114532
2023-07-19 20:00:00,-0.8660254037844386,0.5000000000000001,0.0,27.7,46.0,8.0,23.66217952582985
2023-07-19 21:00:00,-0.7071067811865477,0.7071067811865474,0.0,28.3,39.0,8.0,21.91376256588846
2023-07-19 22:00:00,-0.5000000000000004,0.8660254037844384,0.0,27.9,37.0,7.0,19.473287161067127
2023-07-19 23:00:00,-0.2588190451025215,0.965925826289068,0.0,27.2,42.0,4.0,16.853904644101856
2023-07-20 00:00:00,0.0,1.0,0.0,26.7,41.0,5.0,14.57648065680638
2023-07-20 01:00:00,0.2588190451025207,0.9659258262890684,0.0,26.6,43.0,4.0,12.988822532761843
2023-07-20 02:00:00,0.4999999999999999,0.8660254037844387,0.0,28.2,37.0,12.0,12.14376160913147
2023-07-20 03:00:00,0.7071067811865476,0.7071067811865476,0.0,26.0,45.0,8.0,11.718796069454402
2023-07-20 04:00:00,0.8660254037844386,0.5000000000000001,0.0,27.6,35.0,8.0,11.841020736023784
2023-07-20 05:00:00,0.9659258262890684,0.2588190451025207,0.0,26.6,36.0,12.0,13.14083921790123
2023-07-20 06:00:00,1.0,6.123233995736766e-17,0.0,26.2,38.0,12.0,17.527819759566338
2023-07-20 07:00:00,0.9659258262890684,-0.2588190451025206,0.0,26.9,37.0,15.0,23.903974059335884
2023-07-20 08:00:00,0.8660254037844387,-0.4999999999999998,0.0,28.4,35.0,20.0,27.684595616646106
2023-07-20 09:00:00,0.7071067811865476,-0.7071067811865475,0.0,29.8,33.0,23.0,27.22123579304665
2023-07-20 10:00:00,0.4999999999999999,-0.8660254037844387,0.0,30.8,31.0,19.0,25.604849768877028
2023-07-20 11:00:00,0.258819045102521,-0.9659258262890682,0.0,32.5,23.0,12.0,24.88823854975402
2023-07-20 12:00:00,1.2246467991473532e-16,-1.0,0.0,27.4,62.0,16.0,24.330613002218303
2023-07-20 13:00:00,-0.2588190451025208,-0.9659258262890684,0.0,28.3,52.0,12.0,24.032719199620185
2023-07-20 14:00:00,-0.4999999999999997,-0.8660254037844388,0.0,29.3,41.0,8.0,23.311057815067468
2023-07-20 15:00:00,-0.7071067811865471,-0.7071067811865479,0.0,28.1,57.0,9.0,22.780194626562295
2023-07-20 16:00:00,-0.8660254037844385,-0.5000000000000004,0.0,27.7,57.0,10.0,22.97739951919764
2023-07-20 17:00:00,-0.9659258262890684,-0.2588190451025206,0.0,27.7,59.0,8.0,23.570604878291483
2023-07-20 18:00:00,-1.0,-1.8369701987210294e-16,0.0,28.1,51.0,7.0,24.19165650218725
2023-07-20 19:00:00,-0.9659258262890684,0.2588190451025203,0.0,27.9,53.0,9.0,24.26913487821817
2023-07-20 20:00:00,-0.8660254037844386,0.5000000000000001,0.0,28.4,45.0,9.0,23.444879503883417
2023-07-20 21:00:00,-0.7071067811865477,0.7071067811865474,0.0,28.3,41.0,5.0,21.67690826822072
2023-07-20 22:00:00,-0.5000000000000004,0.8660254037844384,0.0,28.6,32.0,7.0,19.270756179727613
2023-07-20 23:00:00,-0.2588190451025215,0.965925826289068,0.0,27.6,43.0,4.0,16.665153886694462
2023-07-21 00:00:00,0.0,1.0,0.0,27.9,39.0,6.0,14.421125409975648
2023-07-21 01:00:00,0.2588190451025207,0.9659258262890684,0.0,27.3,36.0,6.0,12.83011278444901
2023-07-21 02:00:00,0.4999999999999999,0.8660254037844387,0.0,27.4,42.0,6.0,12.012725261338055
2023-07-21 03:00:00,0.7071067811865476,0.7071067811865476,0.0,26.2,54.0,3.0,11.677183047095314
2023-07-21 04:00:00,0.8660254037844386,0.5000000000000001,0.0,26.3,42.0,5.0,11.778440842693671
2023-07-21 05:00:00,0.9659258262890684,0.2588190451025207,0.0,25.4,47.0,5.0,13.18641932439059
2023-07-21 06:00:00,1.0,6.123233995736766e-17,0.0,25.4,44.0,6.0,17.708265336342155
2023-07-21 07:00:00,0.9659258262890684,-0.2588190451025206,0.0,25.7,41.0,8.0,24.030129258446394
2023-07-21 08:00:00,0.8660254037844387,-0.4999999999999998,0.0,26.7,45.0,5.0,27.653654833845792
2023-07-21 09:00:00,0.7071067811865476,-0.7071067811865475,0.0,26.4,55.0,7.0,27.212017097510394
2023-07-21 10:00:00,0.4999999999999999,-0.8660254037844387,0.0,26.7,53.0,3.0,25.880060699582096
2023-07-21 11:00:00,0.258819045102521,-0.9659258262890682,0.0,27.0,55.0,7.0,25.346924167126414
2023-07-21 12:00:00,1.2246467991473532e-16,-1.0,0.0,27.1,57.0,9.0,25.021661194153126
2023-07-21 13:00:00,-0.2588190451025208,-0.9659258262890684,0.0,27.0,69.0,13.0,24.265431350283322
2023-07-21 14:00:00,-0.4999999999999997,-0.8660254037844388,0.0,28.0,65.0,7.0,23.38724012121558
2023-07-21 15:00:00,-0.7071067811865471,-0.7071067811865479,0.0,28.8,61.0,6.0,22.703327459059654
2023-07-21 16:00:00,-0.8660254037844385,-0.5000000000000004,0.0,28.7,65.0,6.0,22.59699916105717
2023-07-21 17:00:00,-0.9659258262890684,-0.2588190451025206,0.0,29.2,55.0,8.0,23.071515738889573
2023-07-21 18:00:00,-1.0,-1.8369701987210294e-16,0.0,29.6,49.0,8.0,23.667931042052803
2023-07-21 19:00:00,-0.9659258262890684,0.2588190451025203,0.0,29.4,46.0,11.0,23.820115369819103
2023-07-21 20:00:00,-0.8660254037844386,0.5000000000000001,0.0,28.7,51.0,7.0,23.07634384654462
2023-07-21 21:00:00,-0.7071067811865477,0.7071067811865474,0.0,28.0,58.0,2.0,21.40941329553723
2023-07-21 22:00:00,-0.5000000000000004,0.8660254037844384,0.0,28.1,60.0,2.0,19.07952156320214
2023-07-21 23:00:00,-0.2588190451025215,0.965925826289068,0.0,28.2,52.0,3.0,16.50298410449177
2023-07-22 00:00:00,0.0,1.0,0.0,27.6,53.0,1.0,14.199462282545865
2023-07-22 01:00:00,0.2588190451025207,0.9659258262890684,0.0,26.4,71.0,4.0,12.569741249289363
2023-07-22 02:00:00,0.4999999999999999,0.8660254037844387,0.0,27.0,59.0,4.0,11.691856998605653
2023-07-22 03:00:00,0.7071067811865476,0.7071067811865476,0.0,26.5,62.0,3.0,11.364532708381303
2023-07-22 04:00:00,0.8660254037844386,0.5000000000000001,0.0,26.0,58.0,4.0,11.386945703127422
2023-07-22 05:00:00,0.9659258262890684,0.2588190451025207,0.0,25.8,56.0,4.0,12.562165176672861
2023-07-22 06:00:00,1.0,6.123233995736766e-17,0.0,26.1,63.0,4.0,16.651573184970765
2023-07-22 07:00:00,0.9659258262890684,-0.2588190451025206,0.0,25.9,61.0,4.0,22.946641219519076
2023-07-22 08:00:00,0.8660254037844387,-0.4999999999999998,0.0,27.2,61.0,3.0,27.05937326405197
2023-07-22 09:00:00,0.7071067811865476,-0.7071067811865475,0.0,27.2,72.0,3.0,26.93506927926093
2023-07-22 10:00:00,0.4999999999999999,-0.8660254037844387,0.0,26.6,73.0,8.0,25.49404733650386
2023-07-22 11:00:00,0.258819045102521,-0.9659258262890682,0.0,27.4,73.0,8.0,24.88957419428974
2023-07-22 12:00:00,1.2246467991473532e-16,-1.0,0.0,29.2,58.0,7.0,24.541560193076727
2023-07-22 13:00:00,-0.2588190451025208,-0.9659258262890684,0.0,30.5,49.0,5.0,23.60181938577443
2023-07-22 14:00:00,-0.4999999999999997,-0.8660254037844388,0.0,28.7,62.0,9.0,22.51248748976737
2023-07-22 15:00:00,-0.7071067811865471,-0.7071067811865479,0.0,29.6,62.0,5.0,22.049847704991695
2023-07-22 16:00:00,-0.8660254037844385,-0.5000000000000004,0.0,30.5,59.0,3.0,22.202337637022133
2023-07-22 17:00:00,-0.9659258262890684,-0.2588190451025206,0.0,30.0,54.0,7.0,22.795787039808925
2023-07-22 18:00:00,-1.0,-1.8369701987210294e-16,0.0,30.1,52.0,5.0,23.47176938124001
2023-07-22 19:00:00,-0.9659258262890684,0.2588190451025203,0.0,30.4,47.0,8.0,23.67285368915647
2023-07-22 20:00:00,-0.8660254037844386,0.5000000000000001,0.0,29.8,50.0,11.0,22.933151759356257
2023-07-22 21:00:00,-0.7071067811865477,0.7071067811865474,0.0,29.2,53.0,3.0,21.25321983557194
2023-07-22 22:00:00,-0.5000000000000004,0.8660254037844384,0.0,29.5,53.0,2.0,18.936644973941146
2023-07-22 23:00:00,-0.2588190451025215,0.965925826289068,0.0,29.3,52.0,3.0,16.37799305975437
2023-07-23 00:00:00,0.0,1.0,0.0,28.1,66.0,3.0,14.09790382951498
2023-07-23 01:00:00,0.2588190451025207,0.9659258262890684,0.0,28.0,59.0,4.0,12.485424977848306
2023-07-23 02:00:00,0.4999999999999999,0.8660254037844387,0.0,28.0,46.0,5.0,11.632450085519814
2023-07-23 03:00:00,0.7071067811865476,0.7071067811865476,0.0,27.8,44.0,5.0,11.297148617082275
2023-07-23 04:00:00,0.8660254037844386,0.5000000000000001,0.0,27.1,48.0,3.0,11.28854896255769
2023-07-23 05:00:00,0.9659258262890684,0.2588190451025207,0.0,27.2,46.0,4.0,12.499676799727604
2023-07-23 06:00:00,1.0,6.123233995736766e-17,0.0,26.9,48.0,2.0,16.726636957526207
2023-07-23 07:00:00,0.9659258262890684,-0.2588190451025206,0.0,27.2,45.0,2.0,23.142171884477136
2023-07-23 08:00:00,0.8660254037844387,-0.4999999999999998,0.0,27.2,56.0,2.0,27.092444482333956
2023-07-23 09:00:00,0.7071067811865476,-0.7071067811865475,0.0,26.9,68.0,6.0,26.817352275587616
2023-07-23 10:00:00,0.4999999999999999,-0.8660254037844387,0.0,27.5,70.0,8.0,25.40495270054787
2023-07-23 11:00:00,0.258819045102521,-0.9659258262890682,0.0,28.8,59.0,3.0,24.834415922500188
2023-07-23 12:00:00,1.2246467991473532e-16,-1.0,0.0,29.3,56.0,5.0,24.373264584392306
2023-07-23 13:00:00,-0.2588190451025208,-0.9659258262890684,0.0,29.4,60.0,7.0,23.541552685871718
2023-07-23 14:00:00,-0.4999999999999997,-0.8660254037844388,0.0,29.4,56.0,6.0,22.638208466991777
2023-07-23 15:00:00,-0.7071067811865471,-0.7071067811865479,0.0,30.2,44.0,6.0,22.098078213930126
2023-07-23 16:00:00,-0.8660254037844385,-0.5000000000000004,0.0,30.3,45.0,7.0,22.19296943724155
2023-07-23 17:00:00,-0.9659258262890684,-0.2588190451025206,0.0,29.6,56.0,7.0,22.888182861395176
2023-07-23 18:00:00,-1.0,-1.8369701987210294e-16,0.0,29.1,65.0,10.0,23.65702272869646
2023-07-23 19:00:00,-0.9659258262890684,0.2588190451025203,0.0,28.6,72.0,12.0,23.834581004753705
2023-07-23 20:00:00,-0.8660254037844386,0.5000000000000001,0.0,28.4,74.0,10.0,23.06024355858564
2023-07-23 21:00:00,-0.7071067811865477,0.7071067811865474,0.0,28.2,76.0,9.0,21.324495984055098
2023-07-23 22:00:00,-0.5000000000000004,0.8660254037844384,0.0,28.8,67.0,12.0,18.8899413870275
2023-07-23 23:00:00,-0.2588190451025215,0.965925826289068,0.0,28.2,67.0,14.0,16.194111633598805
2023-07-24 00:00:00,0.0,1.0,0.0,28.2,68.0,9.0,13.820868067592382
2023-07-24 01:00:00,0.2588190451025207,0.9659258262890684,0.0,27.8,67.0,5.0,12.192216374436393
2023-07-24 02:00:00,0.4999999999999999,0.8660254037844387,0.0,28.0,69.0,13.0,11.414895713981242
2023-07-24 03:00:00,0.7071067811865476,0.7071067811865476,0.0,28.4,56.0,12.0,11.15001390509773
2023-07-24 04:00:00,0.8660254037844386,0.5000000000000001,0.0,29.2,42.0,25.0,11.19013078571763
2023-07-24 05:00:00,0.9659258262890684,0.2588190451025207,0.0,29.1,49.0,33.0,12.108465965567156
2023-07-24 06:00:00,1.0,6.123233995736766e-17,0.0,28.9,46.0,33.0,16.067145154103635
2023-07-24 07:00:00,0.9659258262890684,-0.2588190451025206,0.0,28.1,51.0,27.0,22.58188054434955
2023-07-24 08:00:00,0.8660254037844387,-0.4999999999999998,0.0,28.5,48.0,26.0,27.148927405700086
2023-07-24 09:00:00,0.7071067811865476,-0.7071067811865475,0.0,29.8,47.0,20.0,27.22852522425353
2023-07-24 10:00:00,0.4999999999999999,-0.8660254037844387,0.0,30.6,45.0,19.0,25.561003252044316
2023-07-24 11:00:00,0.258819045102521,-0.9659258262890682,0.0,31.8,41.0,17.0,24.718843645155427
2023-07-24 12:00:00,1.2246467991473532e-16,-1.0,0.0,32.3,43.0,22.0,24.246404736600812
2023-07-24 13:00:00,-0.2588190451025208,-0.9659258262890684,0.0,33.4,39.0,22.0,23.485845865420995
2023-07-24 14:00:00,-0.4999999999999997,-0.8660254037844388,0.0,33.6,38.0,19.0,22.57266074951738
2023-07-24 15:00:00,-0.7071067811865471,-0.7071067811865479,0.0,34.2,36.0,17.0,22.147490465976293
2023-07-24 16:00:00,-0.8660254037844385,-0.5000000000000004,0.0,31.3,55.0,16.0,22.423588528484103
2023-07-24 17:00:00,-0.9659258262890684,-0.2588190451025206,0.0,29.2,69.0,22.0,23.307271839939055
2023-07-24 18:00:00,-1.0,-1.8369701987210294e-16,0.0,30.3,61.0,11.0,24.12002967830747
2023-07-24 19:00:00,-0.9659258262890684,0.2588190451025203,0.0,29.8,70.0,4.0,24.281242523416875
2023-07-24 20:00:00,-0.8660254037844386,0.5000000000000001,0.0,29.3,66.0,2.0,23.468125215284523
2023-07-24 21:00:00,-0.7071067811865477,0.7071067811865474,0.0,29.5,60.0,2.0,21.67046749345958
2023-07-24 22:00:00,-0.5000000000000004,0.8660254037844384,0.0,28.6,67.0,3.0,19.17799209401011
2023-07-24 23:00:00,-0.2588190451025215,0.965925826289068,0.0,30.9,46.0,5.0,16.490190498642622
2023-07-25 00:00:00,0.0,1.0,0.0,30.4,45.0,16.0,14.051316767968236
2023-07-25 01:00:00,0.2588190451025207,0.9659258262890684,0.0,30.0,42.0,26.0,12.359885934097692
2023-07-25 02:00:00,0.4999999999999999,0.8660254037844387,0.0,29.4,44.0,26.0,11.605101114707068
2023-07-25 03:00:00,0.7071067811865476,0.7071067811865476,0.0,28.9,46.0,18.0,11.56010913153179
2023-07-25 04:00:00,0.8660254037844386,0.5000000000000001,0.0,28.3,47.0,12.0,11.84834699364379
2023-07-25 05:00:00,0.9659258262890684,0.2588190451025207,0.0,28.1,48.0,12.0,13.188520078882576
2023-07-25 06:00:00,1.0,6.123233995736766e-17,0.0,27.8,49.0,14.0,17.47729996688664
2023-07-25 07:00:00,0.9659258262890684,-0.2588190451025206,0.0,28.4,47.0,15.0,23.812796257622537
2023-07-25 08:00:00,0.8660254037844387,-0.4999999999999998,0.0,29.7,44.0,17.0,27.50999444659799
2023-07-25 09:00:00,0.7071067811865476,-0.7071067811865475,0.0,30.6,45.0,15.0,27.050839429870244
2023-07-25 10:00:00,0.4999999999999999,-0.8660254037844387,0.0,30.5,46.0,7.0,25.56712083380669
2023-07-25 11:00:00,0.258819045102521,-0.9659258262890682,0.0,28.6,65.0,12.0,24.997515159398315
2023-07-25 12:00:00,1.2246467991473532e-16,-1.0,0.0,28.9,64.0,9.0,24.904700506068764
2023-07-25 13:00:00,-0.2588190451025208,-0.9659258262890684,0.0,28.8,61.0,9.0,24.26967463251203
2023-07-25 14:00:00,-0.4999999999999997,-0.8660254037844388,0.0,29.0,64.0,9.0,23.370436283871527
2023-07-25 15:00:00,-0.7071067811865471,-0.7071067811865479,0.0,28.8,65.0,7.0,22.820032011196012
2023-07-25 16:00:00,-0.8660254037844385,-0.5000000000000004,0.0,29.4,63.0,6.0,22.856014165058728
2023-07-25 17:00:00,-0.9659258262890684,-0.2588190451025206,0.0,29.8,60.0,3.0,23.360454676970836
2023-07-25 18:00:00,-1.0,-1.8369701987210294e-16,0.0,30.0,55.0,2.0,23.940158483646808
2023-07-25 19:00:00,-0.9659258262890684,0.2588190451025203,0.0,30.4,50.0,4.0,24.02248475465923
2023-07-25 20:00:00,-0.8660254037844386,0.5000000000000001,0.0,29.8,61.0,5.0,23.190493634976445
2023-07-25 21:00:00,-0.7071067811865477,0.7071067811865474,0.0,29.2,68.0,5.0,21.421237322390077
2023-07-25 22:00:00,-0.5000000000000004,0.8660254037844384,0.0,29.2,58.0,6.0,18.991041433662172
2023-07-25 23:00:00,-0.2588190451025215,0.965925826289068,0.0,29.3,64.0,2.0,16.37347275495529
2023-07-26 00:00:00,0.0,1.0,0.0,28.4,59.0,2.0,14.052537536080926
2023-07-26 01:00:00,0.2588190451025207,0.9659258262890684,0.0,27.9,67.0,3.0,12.451247318228706
2023-07-26 02:00:00,0.4999999999999999,0.8660254037844387,0.0,28.4,60.0,3.0,11.613647315967828
2023-07-26 03:00:00,0.7071067811865476,0.7071067811865476,0.0,27.8,59.0,5.0,11.313230904070661
2023-07-26 04:00:00,0.8660254037844386,0.5000000000000001,0.0,27.7,57.0,4.0,11.34772557314951
2023-07-26 05:00:00,0.9659258262890684,0.2588190451025207,0.0,27.4,52.0,6.0,12.440750966016203
2023-07-26 06:00:00,1.0,6.123233995736766e-17,0.0,26.9,64.0,11.0,16.448791014514864
2023-07-26 07:00:00,0.9659258262890684,-0.2588190451025206,0.0,27.1,63.0,4.0,22.851166270077226
2023-07-26 08:00:00,0.8660254037844387,-0.4999999999999998,0.7,28.2,54.0,5.0,27.056378781981763
2023-07-26 09:00:00,0.7071067811865476,-0.7071067811865475,28.1,22.9,87.0,19.0,26.819324412457643
2023-07-26 10:00:00,0.4999999999999999,-0.8660254037844387,3.6,23.8,80.0,21.0,25.17309580210596
2023-07-26 11:00:00,0.258819045102521,-0.9659258262890682,0.2,23.1,73.0,21.0,25.16496431022882
2023-07-26 12:00:00,1.2246467991473532e-16,-1.0,0.0,25.2,66.0,18.0,25.335969683341677
2023-07-26 13:00:00,-0.2588190451025208,-0.9659258262890684,0.0,25.2,65.0,21.0,24.586106961406763
2023-07-26 14:00:00,-0.4999999999999997,-0.8660254037844388,0.0,26.1,62.0,13.0,23.502480411194263
2023-07-26 15:00:00,-0.7071067811865471,-0.7071067811865479,0.0,29.2,46.0,20.0,22.774157293401654
2023-07-26 16:00:00,-0.8660254037844385,-0.5000000000000004,0.0,30.0,44.0,32.0,22.541020814515647
2023-07-26 17:00:00,-0.9659258262890684,-0.2588190451025206,0.0,30.3,43.0,35.0,22.906533408090468
2023-07-26 18:00:00,-1.0,-1.8369701987210294e-16,0.0,30.1,45.0,33.0,23.541385592892762
2023-07-26 19:00:00,-0.9659258262890684,0.2588190451025203,0.0,29.5,46.0,32.0,23.787280500158666
2023-07-26 20:00:00,-0.8660254037844386,0.5000000000000001,0.0,28.4,47.0,36.0,23.130913995020087
2023-07-26 21:00:00,-0.7071067811865477,0.7071067811865474,0.0,27.9,51.0,42.0,21.527706330269574
2023-07-26 22:00:00,-0.5000000000000004,0.8660254037844384,0.0,28.1,45.0,45.0,19.25311687748879
2023-07-26 23:00:00,-0.2588190451025215,0.965925826289068,0.0,27.7,42.0,34.0,16.761203218251467
2023-07-27 00:00:00,0.0,1.0,0.0,27.2,44.0,17.0,14.593321320563554
2023-07-27 01:00:00,0.2588190451025207,0.9659258262890684,0.0,26.5,48.0,21.0,13.072971986047923
2023-07-27 02:00:00,0.4999999999999999,0.8660254037844387,0.0,26.2,50.0,17.0,12.26694513656199
2023-07-27 03:00:00,0.7071067811865476,0.7071067811865476,0.0,25.5,56.0,26.0,12.0159203649126
2023-07-27 04:00:00,0.8660254037844386,0.5000000000000001,0.0,25.2,60.0,36.0,12.183359622079879
2023-07-27 05:00:00,0.9659258262890684,0.2588190451025207,0.0,25.4,57.0,34.0,13.593578194025904
2023-07-27 06:00:00,1.0,6.123233995736766e-17,0.0,25.1,59.0,33.0,17.872200038135052
2023-07-27 07:00:00,0.9659258262890684,-0.2588190451025206,0.0,25.8,55.0,31.0,24.137859158739445
2023-07-27 08:00:00,0.8660254037844387,-0.4999999999999998,0.0,26.1,52.0,29.0,28.05156807519495
2023-07-27 09:00:00,0.7071067811865476,-0.7071067811865475,0.0,25.5,58.0,22.0,28.017129332795736
2023-07-27 10:00:00,0.4999999999999999,-0.8660254037844387,0.1,26.4,51.0,36.0,26.86078215926885
2023-07-27 11:00:00,0.258819045102521,-0.9659258262890682,0.0,27.5,49.0,27.0,26.28867009017616
2023-07-27 12:00:00,1.2246467991473532e-16,-1.0,0.0,28.7,47.0,28.0,25.82951067626476
2023-07-27 13:00:00,-0.2588190451025208,-0.9659258262890684,0.0,28.7,49.0,23.0,24.887902165204284
2023-07-27 14:00:00,-0.4999999999999997,-0.8660254037844388,0.0,28.5,49.0,22.0,23.837510628364978
2023-07-27 15:00:00,-0.7071067811865471,-0.7071067811865479,0.0,28.9,43.0,24.0,23.191706158369776
2023-07-27 16:00:00,-0.8660254037844385,-0.5000000000000004,0.0,29.0,43.0,26.0,23.17984035827219
2023-07-27 17:00:00,-0.9659258262890684,-0.2588190451025206,0.0,29.4,45.0,20.0,23.75996739387512
2023-07-27 18:00:00,-1.0,-1.8369701987210294e-16,0.0,30.5,40.0,19.0,24.422985738590356
2023-07-27 19:00:00,-0.9659258262890684,0.2588190451025203,0.0,29.7,44.0,25.0,24.495229267477985
2023-07-27 20:00:00,-0.8660254037844386,0.5000000000000001,0.0,28.8,47.0,28.0,23.664326450750227
2023-07-27 21:00:00,-0.7071067811865477,0.7071067811865474,0.0,27.9,50.0,27.0,21.922680054344234
2023-07-27 22:00:00,-0.5000000000000004,0.8660254037844384,0.0,27.6,49.0,35.0,19.555970703251656
2023-07-27 23:00:00,-0.2588190451025215,0.965925826289068,0.0,26.7,52.0,33.0,16.982307353708894
2023-07-28 00:00:00,0.0,1.0,0.0,26.5,55.0,30.0,14.758790639452636
2023-07-28 01:00:00,0.2588190451025207,0.9659258262890684,0.0,25.9,58.0,35.0,13.207084163809196
2023-07-28 02:00:00,0.4999999999999999,0.8660254037844387,0.0,25.8,56.0,36.0,12.43626721280627
2023-07-28 03:00:00,0.7071067811865476,0.7071067811865476,0.0,25.3,59.0,40.0,12.258006211835891
2023-07-28 04:00:00,0.8660254037844386,0.5000000000000001,0.0,24.9,60.0,40.0,12.498105081394314
2023-07-28 05:00:00,0.9659258262890684,0.2588190451025207,0.0,24.4,62.0,37.0,13.79202639034018
2023-07-28 06:00:00,1.0,6.123233995736766e-17,0.0,24.2,61.0,30.0,17.738543243706225
2023-07-28 07:00:00,0.9659258262890684,-0.2588190451025206,0.0,24.4,59.0,30.0,23.75582634616643
2023-07-28 08:00:00,0.8660254037844387,-0.4999999999999998,0.0,25.1,55.0,27.0,27.92102888397872
2023-07-28 09:00:00,0.7071067811865476,-0.7071067811865475,0.1,25.8,54.0,33.0,28.19261213816702
2023-07-28 10:00:00,0.4999999999999999,-0.8660254037844387,0.0,26.8,52.0,29.0,27.004683292321857
2023-07-28 11:00:00,0.258819045102521,-0.9659258262890682,0.0,28.2,46.0,23.0,26.3097622808814
2023-07-28 12:00:00,1.2246467991473532e-16,-1.0,0.0,28.9,46.0,22.0,25.693806992843744
2023-07-28 13:00:00,-0.2588190451025208,-0.9659258262890684,0.0,29.9,43.0,18.0,24.725703251659866
2023-07-28 14:00:00,-0.4999999999999997,-0.8660254037844388,0.0,31.0,37.0,12.0,23.615921153761445
2023-07-28 15:00:00,-0.7071067811865471,-0.7071067811865479,0.0,27.2,63.0,17.0,22.915810366310176
2023-07-28 16:00:00,-0.8660254037844385,-0.5000000000000004,0.0,27.8,63.0,17.0,23.166596041098234
2023-07-28 17:00:00,-0.9659258262890684,-0.2588190451025206,0.0,27.4,68.0,10.0,23.780400007031854
2023-07-28 18:00:00,-1.0,-1.8369701987210294e-16,0.0,27.0,71.0,13.0,24.39963449478149
2023-07-28 19:00:00,-0.9659258262890684,0.2588190451025203,0.0,27.1,70.0,6.0,24.443531579226253
2023-07-28 20:00:00,-0.8660254037844386,0.5000000000000001,0.0,26.8,70.0,6.0,23.57700278051197
2023-07-28 21:00:00,-0.7071067811865477,0.7071067811865474,0.0,26.7,69.0,5.0,21.758604642674324
2023-07-28 22:00:00,-0.5000000000000004,0.8660254037844384,0.0,26.5,68.0,5.0,19.25904977753758
2023-07-28 23:00:00,-0.2588190451025215,0.965925826289068,0.0,26.5,62.0,6.0,16.548317968696356
2023-07-29 00:00:00,0.0,1.0,0.0,26.3,60.0,4.0,14.169680707287043
2023-07-29 01:00:00,0.2588190451025207,0.9659258262890684,0.0,26.8,51.0,7.0,12.533041530018671
2023-07-29 02:00:00,0.4999999999999999,0.8660254037844387,0.0,26.3,52.0,12.0,11.69316900827922
2023-07-29 03:00:00,0.7071067811865476,0.7071067811865476,0.0,26.2,52.0,17.0,11.452635916834698
2023-07-29 04:00:00,0.8660254037844386,0.5000000000000001,0.0,25.9,52.0,17.0,11.573838787851855
2023-07-29 05:00:00,0.9659258262890684,0.2588190451025207,0.0,25.9,51.0,11.0,12.78864184608683
2023-07-29 06:00:00,1.0,6.123233995736766e-17,0.0,25.9,50.0,16.0,16.90084073210135
2023-07-29 07:00:00,0.9659258262890684,-0.2588190451025206,0.0,25.4,53.0,8.0,23.247085388638077
2023-07-29 08:00:00,0.8660254037844387,-0.4999999999999998,0.0,27.3,50.0,4.0,27.339493650309738
2023-07-29 09:00:00,0.7071067811865476,-0.7071067811865475,0.0,26.2,58.0,9.0,27.081624112650747
2023-07-29 10:00:00,0.4999999999999999,-0.8660254037844387,0.0,26.0,64.0,8.0,25.67204533092677
2023-07-29 11:00:00,0.258819045102521,-0.9659258262890682,0.0,26.3,65.0,6.0,25.181487827114758
2023-07-29 12:00:00,1.2246467991473532e-16,-1.0,0.0,26.8,64.0,6.0,24.89728245723992
2023-07-29 13:00:00,-0.2588190451025208,-0.9659258262890684,0.0,26.8,67.0,8.0,24.13359279129654
2023-07-29 14:00:00,-0.4999999999999997,-0.8660254037844388,0.0,27.3,66.0,7.0,23.1804306801781
2023-07-29 15:00:00,-0.7071067811865471,-0.7071067811865479,0.0,27.5,67.0,9.0,22.51700779456645
2023-07-29 16:00:00,-0.8660254037844385,-0.5000000000000004,0.0,28.0,64.0,6.0,22.463304990567263
2023-07-29 17:00:00,-0.9659258262890684,-0.2588190451025206,0.0,28.3,62.0,4.0,22.93864494103938
2023-07-29 18:00:00,-1.0,-1.8369701987210294e-16,0.0,28.0,61.0,5.0,23.560154971331354
2023-07-29 19:00:00,-0.9659258262890684,0.2588190451025203,0.0,28.0,58.0,4.0,23.72166352704167
2023-07-29 20:00:00,-0.8660254037844386,0.5000000000000001,0.0,27.9,59.0,4.0,22.988130845911797
2023-07-29 21:00:00,-0.7071067811865477,0.7071067811865474,0.0,27.6,59.0,4.0,21.29300445400178
2023-07-29 22:00:00,-0.5000000000000004,0.8660254037844384,0.0,27.7,56.0,5.0,18.92176820233464
2023-07-29 23:00:00,-0.2588190451025215,0.965925826289068,0.0,27.1,65.0,8.0,16.3326795325242
2023-07-30 00:00:00,0.0,1.0,0.0,27.3,66.0,6.0,14.030740696694702
2023-07-30 01:00:00,0.2588190451025207,0.9659258262890684,0.0,26.2,66.0,15.0,12.39412048228085
2023-07-30 02:00:00,0.4999999999999999,0.8660254037844387,1.9,23.5,71.0,22.0,11.538556885486468
2023-07-30 03:00:00,0.7071067811865476,0.7071067811865476,0.9,22.5,76.0,16.0,11.349297841130756
2023-07-30 04:00:00,0.8660254037844386,0.5000000000000001,1.5,22.0,78.0,17.0,11.712712565865367
2023-07-30 05:00:00,0.9659258262890684,0.2588190451025207,0.2,22.1,78.0,10.0,13.049360483931377
2023-07-30 06:00:00,1.0,6.123233995736766e-17,1.3,22.4,80.0,6.0,17.012950776964427
2023-07-30 07:00:00,0.9659258262890684,-0.2588190451025206,0.0,22.3,81.0,7.0,22.89667602162808
2023-07-30 08:00:00,0.8660254037844387,-0.4999999999999998,0.0,22.5,78.0,6.0,27.00211863495409
2023-07-30 09:00:00,0.7071067811865476,-0.7071067811865475,0.0,23.0,75.0,6.0,27.2684516518563
2023-07-30 10:00:00,0.4999999999999999,-0.8660254037844387,0.0,24.0,72.0,6.0,26.021737957000727
2023-07-30 11:00:00,0.258819045102521,-0.9659258262890682,0.0,24.9,67.0,6.0,25.32359930641949
2023-07-30 12:00:00,1.2246467991473532e-16,-1.0,0.0,24.4,71.0,11.0,24.796024111993606
2023-07-30 13:00:00,-0.2588190451025208,-0.9659258262890684,0.0,24.0,72.0,13.0,24.00330423954874
2023-07-30 14:00:00,-0.4999999999999997,-0.8660254037844388,0.0,24.9,71.0,8.0,23.055690274909136
2023-07-30 15:00:00,-0.7071067811865471,-0.7071067811865479,0.0,25.8,66.0,9.0,22.379014277756212
2023-07-30 16:00:00,-0.8660254037844385,-0.5000000000000004,0.0,28.8,39.0,13.0,22.247170222289856
2023-07-30 17:00:00,-0.9659258262890684,-0.2588190451025206,0.0,29.3,38.0,13.0,22.611759407296773
2023-07-30 18:00:00,-1.0,-1.8369701987210294e-16,0.0,25.2,54.0,22.0,23.290143710300324
2023-07-30 19:00:00,-0.9659258262890684,0.2588190451025203,0.0,25.8,51.0,27.0,23.636734123304482
2023-07-30 20:00:00,-0.8660254037844386,0.5000000000000001,0.0,26.5,48.0,16.0,23.041982054859396
2023-07-30 21:00:00,-0.7071067811865477,0.7071067811865474,0.0,26.2,51.0,6.0,21.452186899557706
2023-07-30 22:00:00,-0.5000000000000004,0.8660254037844384,0.0,25.6,55.0,8.0,19.156904300488527
2023-07-30 23:00:00,-0.2588190451025215,0.965925826289068,0.0,25.4,54.0,5.0,16.60894468801096
2023-07-31 00:00:00,0.0,1.0,0.0,24.3,59.0,5.0,14.319144277665764
2023-07-31 01:00:00,0.2588190451025207,0.9659258262890684,0.0,24.1,60.0,6.0,12.682401491757481
2023-07-31 02:00:00,0.4999999999999999,0.8660254037844387,0.0,23.8,62.0,4.0,11.78322195544839
2023-07-31 03:00:00,0.7071067811865476,0.7071067811865476,0.0,23.7,64.0,5.0,11.451173441032878
2023-07-31 04:00:00,0.8660254037844386,0.5000000000000001,0.0,23.4,65.0,6.0,11.487471092822961
2023-07-31 05:00:00,0.9659258262890684,0.2588190451025207,0.0,22.9,66.0,5.0,12.706470850622281
2023-07-31 06:00:00,1.0,6.123233995736766e-17,0.0,22.5,66.0,4.0,16.843460783269254
2023-07-31 07:00:00,0.9659258262890684,-0.2588190451025206,0.0,23.9,61.0,4.0,23.150105503089723
2023-07-31 08:00:00,0.8660254037844387,-0.4999999999999998,0.0,24.5,58.0,3.0,27.18646946046501
2023-07-31 09:00:00,0.7071067811865476,-0.7071067811865475,0.0,25.4,61.0,3.0,27.079357364475722
2023-07-31 10:00:00,0.4999999999999999,-0.8660254037844387,0.0,25.7,59.0,7.0,25.661638296507295
2023-07-31 11:00:00,0.258819045102521,-0.9659258262890682,0.0,25.9,65.0,8.0,24.994836175255475
2023-07-31 12:00:00,1.2246467991473532e-16,-1.0,0.0,26.2,64.0,11.0,24.648268847465513
2023-07-31 13:00:00,-0.2588190451025208,-0.9659258262890684,0.0,26.4,61.0,13.0,23.858539059907194
2023-07-31 14:00:00,-0.4999999999999997,-0.8660254037844388,0.0,26.2,62.0,15.0,22.87311591159552
2023-07-31 15:00:00,-0.7071067811865471,-0.7071067811865479,0.0,26.0,67.0,13.0,22.2803623631224
2023-07-31 16:00:00,-0.8660254037844385,-0.5000000000000004,0.0,26.2,67.0,5.0,22.331754447109994
2023-07-31 17:00:00,-0.9659258262890684,-0.2588190451025206,0.0,27.2,64.0,3.0,22.887316616214807
2023-07-31 18:00:00,-1.0,-1.8369701987210294e-16,0.0,26.7,65.0,4.0,23.49848666913807
2023-07-31 19:00:00,-0.9659258262890684,0.2588190451025203,0.0,26.6,68.0,5.0,23.652867390140887
2023-07-31 20:00:00,-0.8660254037844386,0.5000000000000001,0.0,26.8,65.0,6.0,22.91761650949716
2023-07-31 21:00:00,-0.7071067811865477,0.7071067811865474,0.0,26.7,65.0,5.0,21.218822866417465
2023-07-31 22:00:00,-0.5000000000000004,0.8660254037844384,0.0,26.8,57.0,7.0,18.83402240246534
2023-07-31 23:00:00,-0.2588190451025215,0.965925826289068,0.0,26.6,60.0,5.0,16.23001243956387
