Date-time CET-CEST (DD/MM/YYYY HH:mm),hour_sin,hour_cos,Rainfall depth (mm),Air temperature (Â°C),Air humidity (%),Windspeed (km/h),DMA C (L/s)
2023-07-01 00:00:00,0.0,1.0,0.0,26.6,74.0,3.0,5.134834901839495
2023-07-01 01:00:00,0.2588190451025207,0.9659258262890684,0.0,26.2,70.0,5.0,4.428599841743708
2023-07-01 02:00:00,0.4999999999999999,0.8660254037844387,0.0,25.9,69.0,5.0,4.0379328557103875
2023-07-01 03:00:00,0.7071067811865476,0.7071067811865476,0.0,25.7,67.0,6.0,3.84362862341106
2023-07-01 04:00:00,0.8660254037844386,0.5000000000000001,0.0,25.3,69.0,5.0,4.062491354420781
2023-07-01 05:00:00,0.9659258262890684,0.2588190451025207,0.0,25.1,66.0,5.0,4.9849570660293105
2023-07-01 06:00:00,1.0,6.123233995736766e-17,0.0,25.3,63.0,5.0,6.628460978716612
2023-07-01 07:00:00,0.9659258262890684,-0.2588190451025206,0.0,26.5,52.0,5.0,8.106100342273713
2023-07-01 08:00:00,0.8660254037844387,-0.4999999999999998,0.0,26.8,57.0,4.0,8.211142055094243
2023-07-01 09:00:00,0.7071067811865476,-0.7071067811865475,0.0,26.9,64.0,5.0,7.2872755098342905
2023-07-01 10:00:00,0.4999999999999999,-0.8660254037844387,0.0,28.0,61.0,7.0,6.5397873672842985
2023-07-01 11:00:00,0.258819045102521,-0.9659258262890682,0.0,27.5,70.0,13.0,6.16243368819356
2023-07-01 12:00:00,1.2246467991473532e-16,-1.0,0.0,27.9,61.0,16.0,5.88012533992529
2023-07-01 13:00:00,-0.2588190451025208,-0.9659258262890684,0.0,27.6,71.0,15.0,5.674730153679849
2023-07-01 14:00:00,-0.4999999999999997,-0.8660254037844388,0.0,27.6,81.0,20.0,5.598698139786721
2023-07-01 15:00:00,-0.7071067811865471,-0.7071067811865479,0.0,27.6,78.0,26.0,5.726571773290635
2023-07-01 16:00:00,-0.8660254037844385,-0.5000000000000004,0.0,28.3,70.0,24.0,6.1133411917090426
2023-07-01 17:00:00,-0.9659258262890684,-0.2588190451025206,0.0,27.4,76.0,23.0,6.847353228926659
2023-07-01 18:00:00,-1.0,-1.8369701987210294e-16,0.0,27.6,76.0,25.0,7.769929785132409
2023-07-01 19:00:00,-0.9659258262890684,0.2588190451025203,0.0,27.7,74.0,20.0,8.450826154053212
2023-07-01 20:00:00,-0.8660254037844386,0.5000000000000001,0.0,27.5,75.0,14.0,8.220698601007463
2023-07-01 21:00:00,-0.7071067811865477,0.7071067811865474,0.0,27.6,73.0,5.0,7.083539893031121
2023-07-01 22:00:00,-0.5000000000000004,0.8660254037844384,0.0,27.3,75.0,4.0,5.803300735503436
2023-07-01 23:00:00,-0.2588190451025215,0.965925826289068,0.0,26.9,70.0,5.0,4.883127042204142
2023-07-02 00:00:00,0.0,1.0,0.0,26.9,74.0,4.0,4.290432272702456
2023-07-02 01:00:00,0.2588190451025207,0.9659258262890684,0.0,26.8,69.0,4.0,3.888406298384071
2023-07-02 02:00:00,0.4999999999999999,0.8660254037844387,0.0,27.0,64.0,5.0,3.6509799754619605
2023-07-02 03:00:00,0.7071067811865476,0.7071067811865476,0.0,27.2,61.0,5.0,3.588634833991528
2023-07-02 04:00:00,0.8660254037844386,0.5000000000000001,0.0,27.1,57.0,12.0,3.8593647187203173
2023-07-02 05:00:00,0.9659258262890684,0.2588190451025207,0.0,27.1,56.0,29.0,4.799276277720929
2023-07-02 06:00:00,1.0,6.123233995736766e-17,0.0,26.6,55.0,35.0,6.423213978856802
2023-07-02 07:00:00,0.9659258262890684,-0.2588190451025206,0.0,26.6,52.0,40.0,7.802713809013367
2023-07-02 08:00:00,0.8660254037844387,-0.4999999999999998,0.0,27.2,48.0,36.0,7.878235731124879
2023-07-02 09:00:00,0.7071067811865476,-0.7071067811865475,0.0,27.8,50.0,32.0,7.046361050605775
2023-07-02 10:00:00,0.4999999999999999,-0.8660254037844387,0.0,28.6,49.0,29.0,6.403668135553599
2023-07-02 11:00:00,0.258819045102521,-0.9659258262890682,0.0,29.6,44.0,26.0,6.079928408861161
2023-07-02 12:00:00,1.2246467991473532e-16,-1.0,0.0,30.6,43.0,20.0,5.822269773632288
2023-07-02 13:00:00,-0.2588190451025208,-0.9659258262890684,0.0,31.0,41.0,23.0,5.622067605108024
2023-07-02 14:00:00,-0.4999999999999997,-0.8660254037844388,0.0,31.3,41.0,18.0,5.57380843564868
2023-07-02 15:00:00,-0.7071067811865471,-0.7071067811865479,0.0,32.0,39.0,16.0,5.769082668870688
2023-07-02 16:00:00,-0.8660254037844385,-0.5000000000000004,0.0,31.0,48.0,10.0,6.333788808584214
2023-07-02 17:00:00,-0.9659258262890684,-0.2588190451025206,0.0,28.4,74.0,19.0,7.2701880255341536
2023-07-02 18:00:00,-1.0,-1.8369701987210294e-16,0.0,28.0,76.0,12.0,8.319159893691541
2023-07-02 19:00:00,-0.9659258262890684,0.2588190451025203,0.0,27.9,80.0,10.0,8.911247158050537
2023-07-02 20:00:00,-0.8660254037844386,0.5000000000000001,0.0,27.6,80.0,8.0,8.38281804919243
2023-07-02 21:00:00,-0.7071067811865477,0.7071067811865474,0.0,27.3,82.0,8.0,7.056813799440861
2023-07-02 22:00:00,-0.5000000000000004,0.8660254037844384,0.0,29.1,50.0,16.0,5.805802192538978
2023-07-02 23:00:00,-0.2588190451025215,0.965925826289068,0.0,28.4,48.0,24.0,5.038133248686791
2023-07-03 00:00:00,0.0,1.0,0.0,27.7,49.0,22.0,4.449346526116133
2023-07-03 01:00:00,0.2588190451025207,0.9659258262890684,0.0,27.5,47.0,31.0,4.015943265408278
2023-07-03 02:00:00,0.4999999999999999,0.8660254037844387,0.0,26.8,46.0,31.0,3.7615884190797813
2023-07-03 03:00:00,0.7071067811865476,0.7071067811865476,0.0,26.4,48.0,28.0,3.663954844772816
2023-07-03 04:00:00,0.8660254037844386,0.5000000000000001,0.0,25.8,49.0,23.0,3.887245751023293
2023-07-03 05:00:00,0.9659258262890684,0.2588190451025207,0.0,25.7,49.0,17.0,4.817919719070197
2023-07-03 06:00:00,1.0,6.123233995736766e-17,0.0,25.9,48.0,15.0,6.646035825014115
2023-07-03 07:00:00,0.9659258262890684,-0.2588190451025206,0.0,26.6,46.0,10.0,8.317429478168489
2023-07-03 08:00:00,0.8660254037844387,-0.4999999999999998,0.0,27.5,46.0,4.0,8.43694799721241
2023-07-03 09:00:00,0.7071067811865476,-0.7071067811865475,0.0,28.8,41.0,7.0,7.369558509588242
2023-07-03 10:00:00,0.4999999999999999,-0.8660254037844387,0.0,30.3,37.0,8.0,6.5691619235277185
2023-07-03 11:00:00,0.258819045102521,-0.9659258262890682,0.0,27.5,64.0,11.0,6.216032290607692
2023-07-03 12:00:00,1.2246467991473532e-16,-1.0,0.0,27.2,67.0,12.0,5.934744421094656
2023-07-03 13:00:00,-0.2588190451025208,-0.9659258262890684,0.0,27.7,65.0,12.0,5.7485119189322
2023-07-03 14:00:00,-0.4999999999999997,-0.8660254037844388,0.0,28.3,64.0,6.0,5.72927337050438
2023-07-03 15:00:00,-0.7071067811865471,-0.7071067811865479,0.0,28.4,66.0,6.0,5.943459964990616
2023-07-03 16:00:00,-0.8660254037844385,-0.5000000000000004,0.0,28.4,63.0,9.0,6.439039222151042
2023-07-03 17:00:00,-0.9659258262890684,-0.2588190451025206,0.0,28.7,63.0,5.0,7.243512114584447
2023-07-03 18:00:00,-1.0,-1.8369701987210294e-16,0.0,28.7,63.0,4.0,8.195431346297266
2023-07-03 19:00:00,-0.9659258262890684,0.2588190451025203,0.0,29.0,54.0,6.0,8.733019082248212
2023-07-03 20:00:00,-0.8660254037844386,0.5000000000000001,0.0,28.9,53.0,4.0,8.313488074541093
2023-07-03 21:00:00,-0.7071067811865477,0.7071067811865474,0.0,28.7,51.0,5.0,7.066306583881379
2023-07-03 22:00:00,-0.5000000000000004,0.8660254037844384,0.0,29.4,48.0,4.0,5.812353093475104
2023-07-03 23:00:00,-0.2588190451025215,0.965925826289068,0.0,30.2,36.0,5.0,4.93738569393754
2023-07-04 00:00:00,0.0,1.0,0.0,29.3,36.0,16.0,4.36262029632926
2023-07-04 01:00:00,0.2588190451025207,0.9659258262890684,0.0,29.5,35.0,18.0,3.9519295511394743
2023-07-04 02:00:00,0.4999999999999999,0.8660254037844387,0.0,29.3,38.0,18.0,3.679678542017937
2023-07-04 03:00:00,0.7071067811865476,0.7071067811865476,0.0,28.7,40.0,15.0,3.5684831091016536
2023-07-04 04:00:00,0.8660254037844386,0.5000000000000001,0.0,28.7,42.0,15.0,3.84994735583663
2023-07-04 05:00:00,0.9659258262890684,0.2588190451025207,0.0,28.3,44.0,11.0,5.021261254549027
2023-07-04 06:00:00,1.0,6.123233995736766e-17,0.0,28.0,45.0,15.0,7.207830485999585
2023-07-04 07:00:00,0.9659258262890684,-0.2588190451025206,0.0,29.4,41.0,8.0,9.15915294468403
2023-07-04 08:00:00,0.8660254037844387,-0.4999999999999998,0.0,30.7,37.0,13.0,9.198445952236654
2023-07-04 09:00:00,0.7071067811865476,-0.7071067811865475,0.0,32.0,31.0,17.0,7.854234259724618
2023-07-04 10:00:00,0.4999999999999999,-0.8660254037844387,0.0,33.8,27.0,15.0,6.926847254633905
2023-07-04 11:00:00,0.258819045102521,-0.9659258262890682,0.0,28.3,68.0,12.0,6.56997399672866
2023-07-04 12:00:00,1.2246467991473532e-16,-1.0,0.0,28.3,69.0,13.0,6.227752003520727
2023-07-04 13:00:00,-0.2588190451025208,-0.9659258262890684,0.0,29.7,53.0,4.0,6.04226781308651
2023-07-04 14:00:00,-0.4999999999999997,-0.8660254037844388,0.0,28.9,63.0,5.0,6.088413702994585
2023-07-04 15:00:00,-0.7071067811865471,-0.7071067811865479,0.0,29.6,55.0,5.0,6.412069004774095
2023-07-04 16:00:00,-0.8660254037844385,-0.5000000000000004,0.0,29.8,45.0,5.0,7.093814345896245
2023-07-04 17:00:00,-0.9659258262890684,-0.2588190451025206,0.0,30.2,44.0,5.0,8.078834637701512
2023-07-04 18:00:00,-1.0,-1.8369701987210294e-16,0.0,30.0,49.0,7.0,9.108214022219181
2023-07-04 19:00:00,-0.9659258262890684,0.2588190451025203,0.0,29.5,56.0,9.0,9.499267266988754
2023-07-04 20:00:00,-0.8660254037844386,0.5000000000000001,0.0,29.2,57.0,8.0,8.74650640487671
2023-07-04 21:00:00,-0.7071067811865477,0.7071067811865474,0.0,30.3,45.0,4.0,7.2946287426352505
2023-07-04 22:00:00,-0.5000000000000004,0.8660254037844384,0.0,29.2,54.0,6.0,6.010524045825005
2023-07-04 23:00:00,-0.2588190451025215,0.965925826289068,0.0,28.4,70.0,7.0,5.071314601004124
2023-07-05 00:00:00,0.0,1.0,0.0,28.2,56.0,20.0,4.415935219228269
2023-07-05 01:00:00,0.2588190451025207,0.9659258262890684,0.0,28.3,52.0,12.0,4.012805669605733
2023-07-05 02:00:00,0.4999999999999999,0.8660254037844387,0.0,28.4,49.0,5.0,3.7351375920325522
2023-07-05 03:00:00,0.7071067811865476,0.7071067811865476,0.0,28.0,50.0,7.0,3.6513516221940523
2023-07-05 04:00:00,0.8660254037844386,0.5000000000000001,0.0,27.4,54.0,8.0,3.940998443663121
2023-07-05 05:00:00,0.9659258262890684,0.2588190451025207,0.0,26.8,56.0,19.0,4.998720097988844
2023-07-05 06:00:00,1.0,6.123233995736766e-17,0.0,26.3,57.0,15.0,6.859542297124864
2023-07-05 07:00:00,0.9659258262890684,-0.2588190451025206,0.0,26.5,58.0,13.0,8.414671627879144
2023-07-05 08:00:00,0.8660254037844387,-0.4999999999999998,0.0,27.2,54.0,14.0,8.411545544564724
2023-07-05 09:00:00,0.7071067811865476,-0.7071067811865475,0.0,28.4,53.0,14.0,7.363053658604622
2023-07-05 10:00:00,0.4999999999999999,-0.8660254037844387,0.0,29.1,49.0,18.0,6.618046604841949
2023-07-05 11:00:00,0.258819045102521,-0.9659258262890682,0.0,30.6,39.0,14.0,6.2629802171885975
2023-07-05 12:00:00,1.2246467991473532e-16,-1.0,0.0,30.0,44.0,6.0,5.981427265256644
2023-07-05 13:00:00,-0.2588190451025208,-0.9659258262890684,0.0,31.4,38.0,14.0,5.754869764298201
2023-07-05 14:00:00,-0.4999999999999997,-0.8660254037844388,0.0,32.4,31.0,15.0,5.775522872805596
2023-07-05 15:00:00,-0.7071067811865471,-0.7071067811865479,0.0,28.9,63.0,14.0,6.111013602763415
2023-07-05 16:00:00,-0.8660254037844385,-0.5000000000000004,0.0,28.8,68.0,17.0,6.658596539944411
2023-07-05 17:00:00,-0.9659258262890684,-0.2588190451025206,0.0,30.2,48.0,32.0,7.557551536858083
2023-07-05 18:00:00,-1.0,-1.8369701987210294e-16,0.0,28.7,54.0,30.0,8.75173602640629
2023-07-05 19:00:00,-0.9659258262890684,0.2588190451025203,0.0,29.7,46.0,27.0,9.35897962898016
2023-07-05 20:00:00,-0.8660254037844386,0.5000000000000001,0.0,29.3,51.0,22.0,8.86051250845194
2023-07-05 21:00:00,-0.7071067811865477,0.7071067811865474,0.0,29.0,53.0,15.0,7.4670928993821155
2023-07-05 22:00:00,-0.5000000000000004,0.8660254037844384,0.0,28.2,56.0,22.0,6.091046815663577
2023-07-05 23:00:00,-0.2588190451025215,0.965925826289068,0.0,26.9,59.0,33.0,5.1398670399189
2023-07-06 00:00:00,0.0,1.0,0.0,26.9,60.0,35.0,4.502223384082318
2023-07-06 01:00:00,0.2588190451025207,0.9659258262890684,0.0,27.4,54.0,34.0,4.071588138788939
2023-07-06 02:00:00,0.4999999999999999,0.8660254037844387,0.0,27.4,52.0,36.0,3.8036335016787057
2023-07-06 03:00:00,0.7071067811865476,0.7071067811865476,0.0,26.7,53.0,22.0,3.715555882900954
2023-07-06 04:00:00,0.8660254037844386,0.5000000000000001,0.0,26.1,57.0,14.0,3.937215410545469
2023-07-06 05:00:00,0.9659258262890684,0.2588190451025207,0.0,25.6,62.0,15.0,4.856813036650419
2023-07-06 06:00:00,1.0,6.123233995736766e-17,0.0,25.5,56.0,10.0,6.567778653800488
2023-07-06 07:00:00,0.9659258262890684,-0.2588190451025206,0.0,26.4,47.0,15.0,8.09432631403208
2023-07-06 08:00:00,0.8660254037844387,-0.4999999999999998,0.0,27.1,47.0,11.0,8.209466545283796
2023-07-06 09:00:00,0.7071067811865476,-0.7071067811865475,0.0,27.9,42.0,14.0,7.261789222657681
2023-07-06 10:00:00,0.4999999999999999,-0.8660254037844387,0.0,28.7,36.0,20.0,6.529925592839718
2023-07-06 11:00:00,0.258819045102521,-0.9659258262890682,0.0,29.5,29.0,19.0,6.177318449765444
2023-07-06 12:00:00,1.2246467991473532e-16,-1.0,0.0,29.3,36.0,15.0,5.906420748382807
2023-07-06 13:00:00,-0.2588190451025208,-0.9659258262890684,0.0,28.4,49.0,15.0,5.713217582255602
2023-07-06 14:00:00,-0.4999999999999997,-0.8660254037844388,0.0,28.7,49.0,22.0,5.6833896110951905
2023-07-06 15:00:00,-0.7071067811865471,-0.7071067811865479,0.0,28.6,55.0,23.0,5.918464286923409
2023-07-06 16:00:00,-0.8660254037844385,-0.5000000000000004,0.0,28.8,58.0,22.0,6.433114423453809
2023-07-06 17:00:00,-0.9659258262890684,-0.2588190451025206,0.0,29.1,54.0,21.0,7.261187621355058
2023-07-06 18:00:00,-1.0,-1.8369701987210294e-16,0.0,28.0,63.0,26.0,8.276229530274868
2023-07-06 19:00:00,-0.9659258262890684,0.2588190451025203,0.0,28.3,49.0,24.0,8.842708297967912
2023-07-06 20:00:00,-0.8660254037844386,0.5000000000000001,0.0,27.8,57.0,8.0,8.450368016064168
2023-07-06 21:00:00,-0.7071067811865477,0.7071067811865474,0.0,27.5,54.0,7.0,7.116933193206788
2023-07-06 22:00:00,-0.5000000000000004,0.8660254037844384,0.0,27.4,46.0,8.0,5.826184314787389
2023-07-06 23:00:00,-0.2588190451025215,0.965925826289068,0.0,27.4,39.0,6.0,4.9449936774373064
2023-07-07 00:00:00,0.0,1.0,0.0,27.3,41.0,7.0,4.357242783606053
2023-07-07 01:00:00,0.2588190451025207,0.9659258262890684,0.0,27.3,40.0,8.0,3.9521996518224483
2023-07-07 02:00:00,0.4999999999999999,0.8660254037844387,0.0,26.6,41.0,11.0,3.688233796656132
2023-07-07 03:00:00,0.7071067811865476,0.7071067811865476,0.0,25.2,46.0,16.0,3.5819794350862506
2023-07-07 04:00:00,0.8660254037844386,0.5000000000000001,0.0,24.8,49.0,22.0,3.828649547994137
2023-07-07 05:00:00,0.9659258262890684,0.2588190451025207,0.0,25.4,48.0,38.0,4.867235085517168
2023-07-07 06:00:00,1.0,6.123233995736766e-17,2.6,21.2,69.0,36.0,6.7927875775098805
2023-07-07 07:00:00,0.9659258262890684,-0.2588190451025206,0.1,21.1,65.0,32.0,8.25593389928341
2023-07-07 08:00:00,0.8660254037844387,-0.4999999999999998,0.4,21.4,67.0,26.0,8.122053108513356
2023-07-07 09:00:00,0.7071067811865476,-0.7071067811865475,0.0,22.3,63.0,23.0,7.020084829628468
2023-07-07 10:00:00,0.4999999999999999,-0.8660254037844387,0.0,24.9,56.0,20.0,6.319500630050898
2023-07-07 11:00:00,0.258819045102521,-0.9659258262890682,0.0,27.2,42.0,14.0,5.985983849018813
2023-07-07 12:00:00,1.2246467991473532e-16,-1.0,0.0,27.2,44.0,6.0,5.662599828690291
2023-07-07 13:00:00,-0.2588190451025208,-0.9659258262890684,0.0,26.7,52.0,11.0,5.36588935777545
2023-07-07 14:00:00,-0.4999999999999997,-0.8660254037844388,0.0,26.5,56.0,14.0,5.2157529337704185
2023-07-07 15:00:00,-0.7071067811865471,-0.7071067811865479,0.0,26.5,56.0,9.0,5.306197106838227
2023-07-07 16:00:00,-0.8660254037844385,-0.5000000000000004,0.0,26.5,57.0,12.0,5.654747426211834
2023-07-07 17:00:00,-0.9659258262890684,-0.2588190451025206,0.0,27.2,52.0,14.0,6.3235515499115
2023-07-07 18:00:00,-1.0,-1.8369701987210294e-16,0.0,27.4,49.0,18.0,7.2427670499682435
2023-07-07 19:00:00,-0.9659258262890684,0.2588190451025203,4.0,20.3,77.0,40.0,7.885238866209985
2023-07-07 20:00:00,-0.8660254037844386,0.5000000000000001,0.3,21.1,66.0,41.0,7.395495259761811
2023-07-07 21:00:00,-0.7071067811865477,0.7071067811865474,0.0,22.3,57.0,40.0,6.361846513301135
2023-07-07 22:00:00,-0.5000000000000004,0.8660254037844384,0.0,21.1,64.0,35.0,5.379456972628833
2023-07-07 23:00:00,-0.2588190451025215,0.965925826289068,0.0,21.0,66.0,42.0,4.598191485106946
2023-07-08 00:00:00,0.0,1.0,0.0,21.2,64.0,40.0,4.085890929326416
2023-07-08 01:00:00,0.2588190451025207,0.9659258262890684,0.0,21.3,62.0,46.0,3.715541713684798
2023-07-08 02:00:00,0.4999999999999999,0.8660254037844387,0.0,20.7,65.0,42.0,3.474248965904117
2023-07-08 03:00:00,0.7071067811865476,0.7071067811865476,0.0,20.9,63.0,42.0,3.3597640608996158
2023-07-08 04:00:00,0.8660254037844386,0.5000000000000001,0.0,20.0,68.0,52.0,3.511280655115843
2023-07-08 05:00:00,0.9659258262890684,0.2588190451025207,0.0,20.3,66.0,44.0,4.137158400490881
2023-07-08 06:00:00,1.0,6.123233995736766e-17,0.0,20.4,64.0,44.0,5.352544022500515
2023-07-08 07:00:00,0.9659258262890684,-0.2588190451025206,0.0,21.1,59.0,42.0,6.50916769117117
2023-07-08 08:00:00,0.8660254037844387,-0.4999999999999998,0.0,21.5,58.0,41.0,6.761023737192154
2023-07-08 09:00:00,0.7071067811865476,-0.7071067811865475,0.0,22.8,53.0,36.0,6.277960916161538
2023-07-08 10:00:00,0.4999999999999999,-0.8660254037844387,0.0,24.2,47.0,29.0,5.8332261200249205
2023-07-08 11:00:00,0.258819045102521,-0.9659258262890682,0.0,25.2,42.0,28.0,5.562060384303332
2023-07-08 12:00:00,1.2246467991473532e-16,-1.0,0.0,24.3,54.0,28.0,5.316345512717963
2023-07-08 13:00:00,-0.2588190451025208,-0.9659258262890684,0.0,24.5,56.0,21.0,5.073726614862681
2023-07-08 14:00:00,-0.4999999999999997,-0.8660254037844388,0.0,24.7,56.0,18.0,4.894813103228808
2023-07-08 15:00:00,-0.7071067811865471,-0.7071067811865479,0.0,24.7,61.0,18.0,4.850543158501387
2023-07-08 16:00:00,-0.8660254037844385,-0.5000000000000004,0.0,25.3,59.0,18.0,5.027230922430754
2023-07-08 17:00:00,-0.9659258262890684,-0.2588190451025206,0.0,27.8,31.0,23.0,5.525106773376465
2023-07-08 18:00:00,-1.0,-1.8369701987210294e-16,0.0,27.9,30.0,30.0,6.409441500753165
2023-07-08 19:00:00,-0.9659258262890684,0.2588190451025203,0.0,27.9,30.0,30.0,7.160962261259557
2023-07-08 20:00:00,-0.8660254037844386,0.5000000000000001,0.0,27.1,33.0,26.0,7.144709579944611
2023-07-08 21:00:00,-0.7071067811865477,0.7071067811865474,0.0,26.0,37.0,26.0,6.229417181611062
2023-07-08 22:00:00,-0.5000000000000004,0.8660254037844384,0.0,25.0,41.0,28.0,5.104588643610478
2023-07-08 23:00:00,-0.2588190451025215,0.965925826289068,0.0,24.2,44.0,33.0,4.310252644568682
2023-07-09 00:00:00,0.0,1.0,0.0,23.2,46.0,36.0,3.839494754597545
2023-07-09 01:00:00,0.2588190451025207,0.9659258262890684,0.0,22.8,46.0,39.0,3.540110286921263
2023-07-09 02:00:00,0.4999999999999999,0.8660254037844387,0.0,22.5,45.0,46.0,3.3512994302064185
2023-07-09 03:00:00,0.7071067811865476,0.7071067811865476,0.0,22.2,43.0,46.0,3.2832687431573873
2023-07-09 04:00:00,0.8660254037844386,0.5000000000000001,0.0,21.6,43.0,44.0,3.4778677246719605
2023-07-09 05:00:00,0.9659258262890684,0.2588190451025207,0.0,21.2,42.0,45.0,4.24998919710517
2023-07-09 06:00:00,1.0,6.123233995736766e-17,0.0,21.3,38.0,23.0,5.720639594793321
2023-07-09 07:00:00,0.9659258262890684,-0.2588190451025206,0.0,21.7,38.0,14.0,7.111277904808522
2023-07-09 08:00:00,0.8660254037844387,-0.4999999999999998,0.0,22.3,38.0,10.0,7.310439226329327
2023-07-09 09:00:00,0.7071067811865476,-0.7071067811865475,0.0,23.6,33.0,11.0,6.559633125662804
2023-07-09 10:00:00,0.4999999999999999,-0.8660254037844387,0.0,24.5,31.0,13.0,5.94468825891614
2023-07-09 11:00:00,0.258819045102521,-0.9659258262890682,0.0,24.3,40.0,14.0,5.658665214478971
2023-07-09 12:00:00,1.2246467991473532e-16,-1.0,0.0,23.9,46.0,14.0,5.451893547922373
2023-07-09 13:00:00,-0.2588190451025208,-0.9659258262890684,0.0,24.4,44.0,18.0,5.281338693052531
2023-07-09 14:00:00,-0.4999999999999997,-0.8660254037844388,0.0,24.6,47.0,20.0,5.215736993402243
2023-07-09 15:00:00,-0.7071067811865471,-0.7071067811865479,0.0,24.8,51.0,22.0,5.301052500605584
2023-07-09 16:00:00,-0.8660254037844385,-0.5000000000000004,0.0,25.2,51.0,20.0,5.582660063058139
2023-07-09 17:00:00,-0.9659258262890684,-0.2588190451025206,0.0,25.3,53.0,18.0,6.106553841978312
2023-07-09 18:00:00,-1.0,-1.8369701987210294e-16,0.0,25.2,59.0,15.0,6.796629796624185
2023-07-09 19:00:00,-0.9659258262890684,0.2588190451025203,0.0,25.5,59.0,10.0,7.2630922001600275
2023-07-09 20:00:00,-0.8660254037844386,0.5000000000000001,0.0,25.5,52.0,7.0,7.026697720885277
2023-07-09 21:00:00,-0.7071067811865477,0.7071067811865474,0.0,25.4,52.0,5.0,6.1167373757064345
2023-07-09 22:00:00,-0.5000000000000004,0.8660254037844384,0.0,24.6,53.0,9.0,5.092179362177849
2023-07-09 23:00:00,-0.2588190451025215,0.965925826289068,0.0,24.2,53.0,7.0,4.349091351628304
2023-07-10 00:00:00,0.0,1.0,0.0,23.7,55.0,6.0,3.8641325123608117
2023-07-10 01:00:00,0.2588190451025207,0.9659258262890684,0.0,23.3,55.0,6.0,3.540444591864944
2023-07-10 02:00:00,0.4999999999999999,0.8660254037844387,0.0,22.6,56.0,6.0,3.328632226660848
2023-07-10 03:00:00,0.7071067811865476,0.7071067811865476,0.0,22.2,58.0,6.0,3.2377194362878803
2023-07-10 04:00:00,0.8660254037844386,0.5000000000000001,0.0,22.4,63.0,5.0,3.445392176434398
2023-07-10 05:00:00,0.9659258262890684,0.2588190451025207,0.0,21.9,63.0,6.0,4.295625880807639
2023-07-10 06:00:00,1.0,6.123233995736766e-17,0.0,22.3,62.0,5.0,5.819149889349938
2023-07-10 07:00:00,0.9659258262890684,-0.2588190451025206,0.0,22.7,60.0,6.0,7.112584424614907
2023-07-10 08:00:00,0.8660254037844387,-0.4999999999999998,0.0,23.9,51.0,5.0,7.185925468206406
2023-07-10 09:00:00,0.7071067811865476,-0.7071067811865475,0.0,24.4,53.0,5.0,6.466034235656262
2023-07-10 10:00:00,0.4999999999999999,-0.8660254037844387,0.0,23.8,62.0,6.0,5.909892206341029
2023-07-10 11:00:00,0.258819045102521,-0.9659258262890682,0.0,24.8,62.0,5.0,5.615846433639527
2023-07-10 12:00:00,1.2246467991473532e-16,-1.0,0.0,24.6,56.0,4.0,5.39190433382988
2023-07-10 13:00:00,-0.2588190451025208,-0.9659258262890684,0.0,24.7,54.0,6.0,5.187843120247126
2023-07-10 14:00:00,-0.4999999999999997,-0.8660254037844388,0.0,25.0,50.0,10.0,5.095853912234307
2023-07-10 15:00:00,-0.7071067811865471,-0.7071067811865479,0.0,25.1,50.0,11.0,5.1815637959539895
2023-07-10 16:00:00,-0.8660254037844385,-0.5000000000000004,0.0,25.2,54.0,12.0,5.489300868958235
2023-07-10 17:00:00,-0.9659258262890684,-0.2588190451025206,0.0,25.3,53.0,10.0,6.053319506496192
2023-07-10 18:00:00,-1.0,-1.8369701987210294e-16,0.0,25.2,54.0,8.0,6.78993011891842
2023-07-10 19:00:00,-0.9659258262890684,0.2588190451025203,0.0,25.1,60.0,6.0,7.278011794388295
2023-07-10 20:00:00,-0.8660254037844386,0.5000000000000001,0.0,26.0,44.0,16.0,6.997751193046571
2023-07-10 21:00:00,-0.7071067811865477,0.7071067811865474,0.0,25.4,46.0,13.0,6.139202963113785
2023-07-10 22:00:00,-0.5000000000000004,0.8660254037844384,0.0,24.8,47.0,13.0,5.114441267102958
2023-07-10 23:00:00,-0.2588190451025215,0.965925826289068,0.0,24.6,47.0,10.0,4.359866154938937
2023-07-11 00:00:00,0.0,1.0,0.0,23.8,50.0,13.0,3.8663768571615225
2023-07-11 01:00:00,0.2588190451025207,0.9659258262890684,0.0,23.3,51.0,11.0,3.532872326597572
2023-07-11 02:00:00,0.4999999999999999,0.8660254037844387,0.0,22.9,51.0,15.0,3.30995336227119
2023-07-11 03:00:00,0.7071067811865476,0.7071067811865476,0.0,21.6,56.0,12.0,3.220181046202779
2023-07-11 04:00:00,0.8660254037844386,0.5000000000000001,0.0,21.4,55.0,14.0,3.414020793884993
2023-07-11 05:00:00,0.9659258262890684,0.2588190451025207,0.0,21.0,56.0,13.0,4.278481719642878
2023-07-11 06:00:00,1.0,6.123233995736766e-17,0.0,20.2,57.0,24.0,5.839651269167662
2023-07-11 07:00:00,0.9659258262890684,-0.2588190451025206,0.0,20.3,53.0,26.0,7.158364571630956
2023-07-11 08:00:00,0.8660254037844387,-0.4999999999999998,0.0,20.6,53.0,26.0,7.223368212282659
2023-07-11 09:00:00,0.7071067811865476,-0.7071067811865475,0.0,22.2,45.0,27.0,6.464575987160207
2023-07-11 10:00:00,0.4999999999999999,-0.8660254037844387,0.0,23.3,42.0,21.0,5.91802386045456
2023-07-11 11:00:00,0.258819045102521,-0.9659258262890682,0.0,24.1,43.0,19.0,5.618669354766608
2023-07-11 12:00:00,1.2246467991473532e-16,-1.0,0.0,24.7,44.0,8.0,5.365021493285895
2023-07-11 13:00:00,-0.2588190451025208,-0.9659258262890684,0.0,24.6,47.0,11.0,5.133426245599986
2023-07-11 14:00:00,-0.4999999999999997,-0.8660254037844388,0.0,24.7,51.0,14.0,5.009727807790042
2023-07-11 15:00:00,-0.7071067811865471,-0.7071067811865479,0.0,24.6,51.0,17.0,5.055959008187056
2023-07-11 16:00:00,-0.8660254037844385,-0.5000000000000004,0.0,24.3,53.0,21.0,5.315750996023417
2023-07-11 17:00:00,-0.9659258262890684,-0.2588190451025206,0.0,24.5,56.0,20.0,5.83362758114934
2023-07-11 18:00:00,-1.0,-1.8369701987210294e-16,0.0,24.3,56.0,14.0,6.542199381142855
2023-07-11 19:00:00,-0.9659258262890684,0.2588190451025203,0.0,24.5,59.0,11.0,7.033746315538884
2023-07-11 20:00:00,-0.8660254037844386,0.5000000000000001,0.0,24.4,56.0,6.0,6.815013173818589
2023-07-11 21:00:00,-0.7071067811865477,0.7071067811865474,0.0,24.0,58.0,3.0,5.92197471022606
2023-07-11 22:00:00,-0.5000000000000004,0.8660254037844384,0.0,24.0,62.0,4.0,4.921664948612452
2023-07-11 23:00:00,-0.2588190451025215,0.965925826289068,0.0,23.6,66.0,6.0,4.2104885219782595
2023-07-12 00:00:00,0.0,1.0,0.0,23.6,48.0,12.0,3.7463361434638505
2023-07-12 01:00:00,0.2588190451025207,0.9659258262890684,0.0,23.1,49.0,14.0,3.462214283123613
2023-07-12 02:00:00,0.4999999999999999,0.8660254037844387,0.0,23.0,48.0,10.0,3.258269965574146
2023-07-12 03:00:00,0.7071067811865476,0.7071067811865476,0.0,23.2,47.0,11.0,3.1778812129050498
2023-07-12 04:00:00,0.8660254037844386,0.5000000000000001,0.0,22.9,45.0,12.0,3.380580115392805
2023-07-12 05:00:00,0.9659258262890684,0.2588190451025207,0.0,23.0,45.0,9.0,4.205112337619067
2023-07-12 06:00:00,1.0,6.123233995736766e-17,0.0,23.0,43.0,10.0,5.748461736291648
2023-07-12 07:00:00,0.9659258262890684,-0.2588190451025206,0.0,23.4,44.0,13.0,7.16316321283579
2023-07-12 08:00:00,0.8660254037844387,-0.4999999999999998,0.0,24.2,42.0,13.0,7.356336269378663
2023-07-12 09:00:00,0.7071067811865476,-0.7071067811865475,0.0,25.4,37.0,8.0,6.611178962886334
2023-07-12 10:00:00,0.4999999999999999,-0.8660254037844387,0.0,24.3,51.0,10.0,5.995173766463996
2023-07-12 11:00:00,0.258819045102521,-0.9659258262890682,0.0,24.7,49.0,10.0,5.692649489045143
2023-07-12 12:00:00,1.2246467991473532e-16,-1.0,0.0,24.7,49.0,14.0,5.474403709322215
2023-07-12 13:00:00,-0.2588190451025208,-0.9659258262890684,0.0,24.9,54.0,17.0,5.300132682323456
2023-07-12 14:00:00,-0.4999999999999997,-0.8660254037844388,0.0,24.6,58.0,15.0,5.236300658732653
2023-07-12 15:00:00,-0.7071067811865471,-0.7071067811865479,0.0,24.8,63.0,16.0,5.312683655917645
2023-07-12 16:00:00,-0.8660254037844385,-0.5000000000000004,0.0,24.6,66.0,19.0,5.591904295831919
2023-07-12 17:00:00,-0.9659258262890684,-0.2588190451025206,0.0,24.7,68.0,19.0,6.104422850906849
2023-07-12 18:00:00,-1.0,-1.8369701987210294e-16,0.0,24.6,65.0,15.0,6.7888774642348295
2023-07-12 19:00:00,-0.9659258262890684,0.2588190451025203,0.0,24.6,63.0,12.0,7.275405839383603
2023-07-12 20:00:00,-0.8660254037844386,0.5000000000000001,0.0,24.5,62.0,5.0,7.057011578083039
2023-07-12 21:00:00,-0.7071067811865477,0.7071067811865474,0.1,23.2,57.0,15.0,6.128997880369425
2023-07-12 22:00:00,-0.5000000000000004,0.8660254037844384,0.4,21.8,68.0,13.0,5.115922540575267
2023-07-12 23:00:00,-0.2588190451025215,0.965925826289068,0.0,22.2,64.0,9.0,4.345272157490254
2023-07-13 00:00:00,0.0,1.0,0.0,21.8,64.0,17.0,3.8805530103296046
2023-07-13 01:00:00,0.2588190451025207,0.9659258262890684,0.0,22.7,56.0,15.0,3.5768444225937133
2023-07-13 02:00:00,0.4999999999999999,0.8660254037844387,0.0,22.4,51.0,14.0,3.379991059750319
2023-07-13 03:00:00,0.7071067811865476,0.7071067811865476,0.0,21.8,53.0,12.0,3.2881947597116237
2023-07-13 04:00:00,0.8660254037844386,0.5000000000000001,0.0,22.0,51.0,6.0,3.452071485891939
2023-07-13 05:00:00,0.9659258262890684,0.2588190451025207,0.0,21.7,51.0,7.0,4.219333359971643
2023-07-13 06:00:00,1.0,6.123233995736766e-17,0.0,21.3,52.0,8.0,5.639759937822819
2023-07-13 07:00:00,0.9659258262890684,-0.2588190451025206,0.0,22.3,48.0,6.0,6.93178227454424
2023-07-13 08:00:00,0.8660254037844387,-0.4999999999999998,0.0,22.6,53.0,4.0,7.129868506789208
2023-07-13 09:00:00,0.7071067811865476,-0.7071067811865475,0.0,23.3,54.0,4.0,6.475803910195828
2023-07-13 10:00:00,0.4999999999999999,-0.8660254037844387,0.0,23.3,56.0,6.0,5.929616050422192
2023-07-13 11:00:00,0.258819045102521,-0.9659258262890682,0.0,23.4,60.0,11.0,5.6419107067585
2023-07-13 12:00:00,1.2246467991473532e-16,-1.0,0.0,24.1,56.0,13.0,5.423313648551703
2023-07-13 13:00:00,-0.2588190451025208,-0.9659258262890684,0.0,25.2,52.0,11.0,5.237115388661624
2023-07-13 14:00:00,-0.4999999999999997,-0.8660254037844388,0.0,25.4,53.0,12.0,5.141929546445609
2023-07-13 15:00:00,-0.7071067811865471,-0.7071067811865479,0.0,25.2,51.0,12.0,5.195658623725176
2023-07-13 16:00:00,-0.8660254037844385,-0.5000000000000004,0.0,25.3,58.0,12.0,5.456671230494977
2023-07-13 17:00:00,-0.9659258262890684,-0.2588190451025206,0.0,25.6,60.0,7.0,5.98177382066846
2023-07-13 18:00:00,-1.0,-1.8369701987210294e-16,0.0,25.4,59.0,4.0,6.701113929748536
2023-07-13 19:00:00,-0.9659258262890684,0.2588190451025203,0.0,25.3,60.0,5.0,7.207528209388257
2023-07-13 20:00:00,-0.8660254037844386,0.5000000000000001,0.0,25.5,60.0,6.0,6.9824094742536555
2023-07-13 21:00:00,-0.7071067811865477,0.7071067811865474,0.0,25.3,61.0,5.0,6.075576097965241
2023-07-13 22:00:00,-0.5000000000000004,0.8660254037844384,0.0,24.9,67.0,6.0,5.061878493428231
2023-07-13 23:00:00,-0.2588190451025215,0.965925826289068,0.0,24.9,60.0,6.0,4.318863690495491
2023-07-14 00:00:00,0.0,1.0,0.0,24.5,61.0,5.0,3.846740685105324
2023-07-14 01:00:00,0.2588190451025207,0.9659258262890684,0.0,24.0,63.0,5.0,3.521796132251621
2023-07-14 02:00:00,0.4999999999999999,0.8660254037844387,0.0,24.0,63.0,4.0,3.305795287713409
2023-07-14 03:00:00,0.7071067811865476,0.7071067811865476,0.0,23.4,63.0,4.0,3.2270033761858943
2023-07-14 04:00:00,0.8660254037844386,0.5000000000000001,0.0,23.3,66.0,2.0,3.4431081283092504
2023-07-14 05:00:00,0.9659258262890684,0.2588190451025207,0.0,23.1,66.0,5.0,4.288058633804321
2023-07-14 06:00:00,1.0,6.123233995736766e-17,0.0,22.8,65.0,4.0,5.785464939475061
2023-07-14 07:00:00,0.9659258262890684,-0.2588190451025206,0.0,23.9,59.0,3.0,7.0476203396916395
2023-07-14 08:00:00,0.8660254037844387,-0.4999999999999998,0.0,23.5,67.0,2.0,7.137379372119904
2023-07-14 09:00:00,0.7071067811865476,-0.7071067811865475,0.0,24.7,67.0,3.0,6.423820893615485
2023-07-14 10:00:00,0.4999999999999999,-0.8660254037844387,0.0,24.8,69.0,6.0,5.907210977375508
2023-07-14 11:00:00,0.258819045102521,-0.9659258262890682,0.0,24.7,71.0,6.0,5.640786025226117
2023-07-14 12:00:00,1.2246467991473532e-16,-1.0,0.0,25.3,64.0,7.0,5.407463018745185
2023-07-14 13:00:00,-0.2588190451025208,-0.9659258262890684,0.0,26.3,56.0,8.0,5.2078494630754
2023-07-14 14:00:00,-0.4999999999999997,-0.8660254037844388,0.0,26.2,63.0,9.0,5.116733137816191
2023-07-14 15:00:00,-0.7071067811865471,-0.7071067811865479,0.0,26.4,64.0,9.0,5.187349559217692
2023-07-14 16:00:00,-0.8660254037844385,-0.5000000000000004,0.0,26.8,63.0,6.0,5.489734801203013
2023-07-14 17:00:00,-0.9659258262890684,-0.2588190451025206,0.0,26.5,64.0,6.0,6.095060541331769
2023-07-14 18:00:00,-1.0,-1.8369701987210294e-16,0.0,26.9,58.0,7.0,6.903190567493439
2023-07-14 19:00:00,-0.9659258262890684,0.2588190451025203,0.0,26.7,62.0,5.0,7.514226206541062
2023-07-14 20:00:00,-0.8660254037844386,0.5000000000000001,0.0,26.6,65.0,5.0,7.291634905338288
2023-07-14 21:00:00,-0.7071067811865477,0.7071067811865474,0.0,25.8,67.0,3.0,6.304199942946434
2023-07-14 22:00:00,-0.5000000000000004,0.8660254037844384,0.0,25.8,71.0,2.0,5.204226276427508
2023-07-14 23:00:00,-0.2588190451025215,0.965925826289068,0.0,26.0,46.0,5.0,4.432019050717354
2023-07-15 00:00:00,0.0,1.0,0.0,25.5,45.0,5.0,3.973144557625056
2023-07-15 01:00:00,0.2588190451025207,0.9659258262890684,0.0,25.1,46.0,3.0,3.648193805739284
2023-07-15 02:00:00,0.4999999999999999,0.8660254037844387,0.0,24.5,48.0,5.0,3.4396703222393996
2023-07-15 03:00:00,0.7071067811865476,0.7071067811865476,0.0,24.2,49.0,4.0,3.3622216819226747
2023-07-15 04:00:00,0.8660254037844386,0.5000000000000001,0.0,23.7,50.0,4.0,3.5947674478590494
2023-07-15 05:00:00,0.9659258262890684,0.2588190451025207,0.0,23.5,52.0,3.0,4.510636356174946
2023-07-15 06:00:00,1.0,6.123233995736766e-17,0.0,23.5,54.0,3.0,6.192632420510054
2023-07-15 07:00:00,0.9659258262890684,-0.2588190451025206,0.0,24.8,44.0,2.0,7.677509891986848
2023-07-15 08:00:00,0.8660254037844387,-0.4999999999999998,0.0,25.2,51.0,2.0,7.786490646898748
2023-07-15 09:00:00,0.7071067811865476,-0.7071067811865475,0.0,25.4,55.0,5.0,6.894738039672376
2023-07-15 10:00:00,0.4999999999999999,-0.8660254037844387,0.0,25.2,65.0,12.0,6.217794882059098
2023-07-15 11:00:00,0.258819045102521,-0.9659258262890682,0.0,25.5,66.0,11.0,5.914859697371722
2023-07-15 12:00:00,1.2246467991473532e-16,-1.0,0.0,26.4,59.0,6.0,5.676670155525208
2023-07-15 13:00:00,-0.2588190451025208,-0.9659258262890684,0.0,26.2,67.0,10.0,5.4735842563211925
2023-07-15 14:00:00,-0.4999999999999997,-0.8660254037844388,0.0,26.9,65.0,9.0,5.3912980094552045
2023-07-15 15:00:00,-0.7071067811865471,-0.7071067811865479,0.0,27.0,56.0,9.0,5.505848742276431
2023-07-15 16:00:00,-0.8660254037844385,-0.5000000000000004,0.0,27.6,48.0,9.0,5.8645642934739595
2023-07-15 17:00:00,-0.9659258262890684,-0.2588190451025206,0.0,28.2,41.0,10.0,6.549297272861004
2023-07-15 18:00:00,-1.0,-1.8369701987210294e-16,0.0,28.3,46.0,8.0,7.472663172483445
2023-07-15 19:00:00,-0.9659258262890684,0.2588190451025203,0.0,29.0,38.0,7.0,8.081725748181343
2023-07-15 20:00:00,-0.8660254037844386,0.5000000000000001,0.0,27.7,51.0,8.0,7.8034222698211675
2023-07-15 21:00:00,-0.7071067811865477,0.7071067811865474,0.0,29.4,48.0,17.0,6.6453533411026005
2023-07-15 22:00:00,-0.5000000000000004,0.8660254037844384,0.0,28.1,49.0,36.0,5.5390770301222805
2023-07-15 23:00:00,-0.2588190451025215,0.965925826289068,0.0,27.1,53.0,40.0,4.744297947883607
2023-07-16 00:00:00,0.0,1.0,0.0,26.3,55.0,42.0,4.1804303010553125
2023-07-16 01:00:00,0.2588190451025207,0.9659258262890684,0.0,26.1,53.0,41.0,3.7938326843827967
2023-07-16 02:00:00,0.4999999999999999,0.8660254037844387,0.0,24.3,61.0,39.0,3.5519576703757054
2023-07-16 03:00:00,0.7071067811865476,0.7071067811865476,0.0,23.4,62.0,38.0,3.4363466078788045
2023-07-16 04:00:00,0.8660254037844386,0.5000000000000001,0.0,23.5,60.0,31.0,3.6434385577589277
2023-07-16 05:00:00,0.9659258262890684,0.2588190451025207,0.0,23.7,58.0,30.0,4.495924577116967
2023-07-16 06:00:00,1.0,6.123233995736766e-17,0.0,23.4,54.0,35.0,6.072541819363833
2023-07-16 07:00:00,0.9659258262890684,-0.2588190451025206,0.0,23.9,52.0,31.0,7.459405509233475
2023-07-16 08:00:00,0.8660254037844387,-0.4999999999999998,0.0,24.9,52.0,37.0,7.555298631489277
2023-07-16 09:00:00,0.7071067811865476,-0.7071067811865475,0.0,26.1,47.0,28.0,6.76621026068926
2023-07-16 10:00:00,0.4999999999999999,-0.8660254037844387,0.0,27.8,44.0,23.0,6.148176504820586
2023-07-16 11:00:00,0.258819045102521,-0.9659258262890682,0.0,29.2,40.0,22.0,5.84008431583643
2023-07-16 12:00:00,1.2246467991473532e-16,-1.0,0.0,30.3,39.0,15.0,5.598119268268348
2023-07-16 13:00:00,-0.2588190451025208,-0.9659258262890684,0.0,31.0,39.0,15.0,5.404327784478665
2023-07-16 14:00:00,-0.4999999999999997,-0.8660254037844388,0.0,28.6,56.0,14.0,5.355711432695389
2023-07-16 15:00:00,-0.7071067811865471,-0.7071067811865479,0.0,27.0,72.0,21.0,5.4673471444845205
2023-07-16 16:00:00,-0.8660254037844385,-0.5000000000000004,0.0,27.2,70.0,11.0,5.83197273477912
2023-07-16 17:00:00,-0.9659258262890684,-0.2588190451025206,0.0,27.5,64.0,5.0,6.560456120967865
2023-07-16 18:00:00,-1.0,-1.8369701987210294e-16,0.0,27.5,60.0,7.0,7.545387264788151
2023-07-16 19:00:00,-0.9659258262890684,0.2588190451025203,0.0,27.4,59.0,7.0,8.217560710012913
2023-07-16 20:00:00,-0.8660254037844386,0.5000000000000001,0.0,27.1,59.0,4.0,7.89867777734995
2023-07-16 21:00:00,-0.7071067811865477,0.7071067811865474,0.0,26.8,58.0,5.0,6.735721649825574
2023-07-16 22:00:00,-0.5000000000000004,0.8660254037844384,0.0,26.5,58.0,3.0,5.548963305503131
2023-07-16 23:00:00,-0.2588190451025215,0.965925826289068,0.0,28.4,56.0,6.0,4.706929001808167
2023-07-17 00:00:00,0.0,1.0,0.0,28.8,49.0,18.0,4.188705566078425
2023-07-17 01:00:00,0.2588190451025207,0.9659258262890684,0.0,27.4,53.0,44.0,3.832895737364889
2023-07-17 02:00:00,0.4999999999999999,0.8660254037844387,0.0,27.5,49.0,49.0,3.5750366667658096
2023-07-17 03:00:00,0.7071067811865476,0.7071067811865476,0.1,25.8,59.0,45.0,3.4692193369567397
2023-07-17 04:00:00,0.8660254037844386,0.5000000000000001,0.0,25.2,58.0,51.0,3.64400370284915
2023-07-17 05:00:00,0.9659258262890684,0.2588190451025207,0.0,24.8,55.0,50.0,4.52145219117403
2023-07-17 06:00:00,1.0,6.123233995736766e-17,0.2,24.9,51.0,46.0,6.179450031220914
2023-07-17 07:00:00,0.9659258262890684,-0.2588190451025206,0.0,24.8,47.0,46.0,7.698350447416306
2023-07-17 08:00:00,0.8660254037844387,-0.4999999999999998,0.0,24.8,47.0,44.0,7.832913722097874
2023-07-17 09:00:00,0.7071067811865476,-0.7071067811865475,0.0,25.4,45.0,45.0,6.9269275468587885
2023-07-17 10:00:00,0.4999999999999999,-0.8660254037844387,0.0,26.4,42.0,39.0,6.248099293112755
2023-07-17 11:00:00,0.258819045102521,-0.9659258262890682,0.0,27.2,42.0,35.0,5.929502106308938
2023-07-17 12:00:00,1.2246467991473532e-16,-1.0,0.0,28.0,40.0,39.0,5.674305372387171
2023-07-17 13:00:00,-0.2588190451025208,-0.9659258262890684,0.0,28.7,40.0,29.0,5.470416550934315
2023-07-17 14:00:00,-0.4999999999999997,-0.8660254037844388,0.0,29.5,38.0,24.0,5.365172926783562
2023-07-17 15:00:00,-0.7071067811865471,-0.7071067811865479,0.0,30.3,36.0,24.0,5.462192501723767
2023-07-17 16:00:00,-0.8660254037844385,-0.5000000000000004,0.0,31.3,31.0,24.0,5.866728346049786
2023-07-17 17:00:00,-0.9659258262890684,-0.2588190451025206,0.0,31.7,31.0,21.0,6.69248782902956
2023-07-17 18:00:00,-1.0,-1.8369701987210294e-16,0.0,31.0,35.0,25.0,7.836319647431375
2023-07-17 19:00:00,-0.9659258262890684,0.2588190451025203,0.0,30.7,35.0,28.0,8.673923414349558
2023-07-17 20:00:00,-0.8660254037844386,0.5000000000000001,0.0,30.0,35.0,33.0,8.429552847146988
2023-07-17 21:00:00,-0.7071067811865477,0.7071067811865474,0.0,28.8,38.0,36.0,7.185091845989228
2023-07-17 22:00:00,-0.5000000000000004,0.8660254037844384,0.0,27.7,42.0,38.0,5.860849892497063
2023-07-17 23:00:00,-0.2588190451025215,0.965925826289068,0.0,27.1,41.0,39.0,4.968445206135512
2023-07-18 00:00:00,0.0,1.0,0.0,26.9,39.0,20.0,4.407744231522083
2023-07-18 01:00:00,0.2588190451025207,0.9659258262890684,0.0,26.6,39.0,10.0,3.995380485653878
2023-07-18 02:00:00,0.4999999999999999,0.8660254037844387,0.0,25.9,42.0,8.0,3.7278237673640255
2023-07-18 03:00:00,0.7071067811865476,0.7071067811865476,0.0,26.1,42.0,17.0,3.6267398413270717
2023-07-18 04:00:00,0.8660254037844386,0.5000000000000001,0.0,25.7,42.0,22.0,3.911568834111095
2023-07-18 05:00:00,0.9659258262890684,0.2588190451025207,0.0,25.3,45.0,33.0,4.96863944247365
2023-07-18 06:00:00,1.0,6.123233995736766e-17,0.0,25.0,44.0,35.0,6.871919697821141
2023-07-18 07:00:00,0.9659258262890684,-0.2588190451025206,0.0,25.4,40.0,27.0,8.526642677783967
2023-07-18 08:00:00,0.8660254037844387,-0.4999999999999998,0.0,26.1,38.0,15.0,8.550833072066307
2023-07-18 09:00:00,0.7071067811865476,-0.7071067811865475,0.0,26.9,39.0,15.0,7.389322794973851
2023-07-18 10:00:00,0.4999999999999999,-0.8660254037844387,0.0,27.8,37.0,23.0,6.55225686788559
2023-07-18 11:00:00,0.258819045102521,-0.9659258262890682,0.0,29.0,34.0,21.0,6.202091553062202
2023-07-18 12:00:00,1.2246467991473532e-16,-1.0,0.0,30.5,32.0,17.0,5.948998062163592
2023-07-18 13:00:00,-0.2588190451025208,-0.9659258262890684,0.0,30.8,32.0,19.0,5.7893160143494615
2023-07-18 14:00:00,-0.4999999999999997,-0.8660254037844388,0.0,31.6,29.0,21.0,5.81209745720029
2023-07-18 15:00:00,-0.7071067811865471,-0.7071067811865479,0.0,31.7,30.0,17.0,6.121094409674407
2023-07-18 16:00:00,-0.8660254037844385,-0.5000000000000004,0.0,26.9,63.0,17.0,6.748880128562451
2023-07-18 17:00:00,-0.9659258262890684,-0.2588190451025206,0.0,26.7,67.0,16.0,7.510209824144841
2023-07-18 18:00:00,-1.0,-1.8369701987210294e-16,0.0,26.8,64.0,5.0,8.417595209479332
2023-07-18 19:00:00,-0.9659258262890684,0.2588190451025203,0.0,27.1,64.0,5.0,8.831759626567365
2023-07-18 20:00:00,-0.8660254037844386,0.5000000000000001,0.0,26.2,65.0,3.0,8.22391619384289
2023-07-18 21:00:00,-0.7071067811865477,0.7071067811865474,0.0,26.0,70.0,3.0,6.901740584373475
2023-07-18 22:00:00,-0.5000000000000004,0.8660254037844384,0.0,26.4,63.0,3.0,5.6971458536386494
2023-07-18 23:00:00,-0.2588190451025215,0.965925826289068,0.0,28.2,37.0,7.0,4.8737724076211455
2023-07-19 00:00:00,0.0,1.0,0.0,27.8,37.0,6.0,4.3353622667491445
2023-07-19 01:00:00,0.2588190451025207,0.9659258262890684,0.0,28.0,33.0,17.0,3.9241249735653407
2023-07-19 02:00:00,0.4999999999999999,0.8660254037844387,0.0,27.0,34.0,31.0,3.675598840937019
2023-07-19 03:00:00,0.7071067811865476,0.7071067811865476,0.0,26.9,35.0,33.0,3.573772211819888
2023-07-19 04:00:00,0.8660254037844386,0.5000000000000001,0.0,26.5,36.0,31.0,3.815210046470166
2023-07-19 05:00:00,0.9659258262890684,0.2588190451025207,0.0,26.5,33.0,17.0,4.813846955001355
2023-07-19 06:00:00,1.0,6.123233995736766e-17,0.0,26.5,33.0,16.0,6.783186162412167
2023-07-19 07:00:00,0.9659258262890684,-0.2588190451025206,0.0,27.3,33.0,8.0,8.683960532844068
2023-07-19 08:00:00,0.8660254037844387,-0.4999999999999998,0.0,28.3,29.0,8.0,8.881369004249574
2023-07-19 09:00:00,0.7071067811865476,-0.7071067811865475,0.0,28.9,30.0,26.0,7.67484076589346
2023-07-19 10:00:00,0.4999999999999999,-0.8660254037844387,0.0,30.1,28.0,27.0,6.781929234862329
2023-07-19 11:00:00,0.258819045102521,-0.9659258262890682,0.0,31.4,27.0,20.0,6.434157041609288
2023-07-19 12:00:00,1.2246467991473532e-16,-1.0,0.0,30.3,37.0,10.0,6.198964584171772
2023-07-19 13:00:00,-0.2588190451025208,-0.9659258262890684,0.0,29.6,42.0,18.0,6.010488917976619
2023-07-19 14:00:00,-0.4999999999999997,-0.8660254037844388,0.0,31.8,33.0,19.0,6.04196169897914
2023-07-19 15:00:00,-0.7071067811865471,-0.7071067811865479,0.0,29.8,44.0,19.0,6.430972805470229
2023-07-19 16:00:00,-0.8660254037844385,-0.5000000000000004,0.0,28.6,53.0,27.0,7.076680221259594
2023-07-19 17:00:00,-0.9659258262890684,-0.2588190451025206,0.0,27.9,57.0,22.0,7.999934538304807
2023-07-19 18:00:00,-1.0,-1.8369701987210294e-16,0.0,27.8,53.0,15.0,8.972678975462914
2023-07-19 19:00:00,-0.9659258262890684,0.2588190451025203,0.0,28.2,45.0,10.0,9.361296295821667
2023-07-19 20:00:00,-0.8660254037844386,0.5000000000000001,0.0,27.7,46.0,8.0,8.658025553822519
2023-07-19 21:00:00,-0.7071067811865477,0.7071067811865474,0.0,28.3,39.0,8.0,7.232742329537869
2023-07-19 22:00:00,-0.5000000000000004,0.8660254037844384,0.0,27.9,37.0,7.0,5.965783860236407
2023-07-19 23:00:00,-0.2588190451025215,0.965925826289068,0.0,27.2,42.0,4.0,5.048048452883959
2023-07-20 00:00:00,0.0,1.0,0.0,26.7,41.0,5.0,4.393538706749678
2023-07-20 01:00:00,0.2588190451025207,0.9659258262890684,0.0,26.6,43.0,4.0,3.9510056001693017
2023-07-20 02:00:00,0.4999999999999999,0.8660254037844387,0.0,28.2,37.0,12.0,3.662181626409293
2023-07-20 03:00:00,0.7071067811865476,0.7071067811865476,0.0,26.0,45.0,8.0,3.5860566270351413
2023-07-20 04:00:00,0.8660254037844386,0.5000000000000001,0.0,27.6,35.0,8.0,3.837246572300792
2023-07-20 05:00:00,0.9659258262890684,0.2588190451025207,0.0,26.6,36.0,12.0,5.000849908292294
2023-07-20 06:00:00,1.0,6.123233995736766e-17,0.0,26.2,38.0,12.0,7.052827526628972
2023-07-20 07:00:00,0.9659258262890684,-0.2588190451025206,0.0,26.9,37.0,15.0,8.80988944143057
2023-07-20 08:00:00,0.8660254037844387,-0.4999999999999998,0.0,28.4,35.0,20.0,8.83733580350876
2023-07-20 09:00:00,0.7071067811865476,-0.7071067811865475,0.0,29.8,33.0,23.0,7.64716002136469
2023-07-20 10:00:00,0.4999999999999999,-0.8660254037844387,0.0,30.8,31.0,19.0,6.803567399084569
2023-07-20 11:00:00,0.258819045102521,-0.9659258262890682,0.0,32.5,23.0,12.0,6.429056123793126
2023-07-20 12:00:00,1.2246467991473532e-16,-1.0,0.0,27.4,62.0,16.0,6.171997613906861
2023-07-20 13:00:00,-0.2588190451025208,-0.9659258262890684,0.0,28.3,52.0,12.0,5.941869470477105
2023-07-20 14:00:00,-0.4999999999999997,-0.8660254037844388,0.0,29.3,41.0,8.0,5.949341665655375
2023-07-20 15:00:00,-0.7071067811865471,-0.7071067811865479,0.0,28.1,57.0,9.0,6.256021360903979
2023-07-20 16:00:00,-0.8660254037844385,-0.5000000000000004,0.0,27.7,57.0,10.0,6.836026121377945
2023-07-20 17:00:00,-0.9659258262890684,-0.2588190451025206,0.0,27.7,59.0,8.0,7.703862272500992
2023-07-20 18:00:00,-1.0,-1.8369701987210294e-16,0.0,28.1,51.0,7.0,8.623890731334686
2023-07-20 19:00:00,-0.9659258262890684,0.2588190451025203,0.0,27.9,53.0,9.0,9.02764667838812
2023-07-20 20:00:00,-0.8660254037844386,0.5000000000000001,0.0,28.4,45.0,9.0,8.398620267510415
2023-07-20 21:00:00,-0.7071067811865477,0.7071067811865474,0.0,28.3,41.0,5.0,7.106558965444566
2023-07-20 22:00:00,-0.5000000000000004,0.8660254037844384,0.0,28.6,32.0,7.0,5.8485350725054746
2023-07-20 23:00:00,-0.2588190451025215,0.965925826289068,0.0,27.6,43.0,4.0,4.972362699210644
2023-07-21 00:00:00,0.0,1.0,0.0,27.9,39.0,6.0,4.327650375664235
2023-07-21 01:00:00,0.2588190451025207,0.9659258262890684,0.0,27.3,36.0,6.0,3.914073390662671
2023-07-21 02:00:00,0.4999999999999999,0.8660254037844387,0.0,27.4,42.0,6.0,3.6353672704100615
2023-07-21 03:00:00,0.7071067811865476,0.7071067811865476,0.0,26.2,54.0,3.0,3.529184788092971
2023-07-21 04:00:00,0.8660254037844386,0.5000000000000001,0.0,26.3,42.0,5.0,3.7896951256692413
2023-07-21 05:00:00,0.9659258262890684,0.2588190451025207,0.0,25.4,47.0,5.0,4.965613724440336
2023-07-21 06:00:00,1.0,6.123233995736766e-17,0.0,25.4,44.0,6.0,7.015717168748379
2023-07-21 07:00:00,0.9659258262890684,-0.2588190451025206,0.0,25.7,41.0,8.0,8.715226679444314
2023-07-21 08:00:00,0.8660254037844387,-0.4999999999999998,0.0,26.7,45.0,5.0,8.651014743745328
2023-07-21 09:00:00,0.7071067811865476,-0.7071067811865475,0.0,26.4,55.0,7.0,7.425849853456021
2023-07-21 10:00:00,0.4999999999999999,-0.8660254037844387,0.0,26.7,53.0,3.0,6.5786721242964274
2023-07-21 11:00:00,0.258819045102521,-0.9659258262890682,0.0,27.0,55.0,7.0,6.186776106357575
2023-07-21 12:00:00,1.2246467991473532e-16,-1.0,0.0,27.1,57.0,9.0,5.9119786234200005
2023-07-21 13:00:00,-0.2588190451025208,-0.9659258262890684,0.0,27.0,69.0,13.0,5.7233184622228155
2023-07-21 14:00:00,-0.4999999999999997,-0.8660254037844388,0.0,28.0,65.0,7.0,5.702829480469227
2023-07-21 15:00:00,-0.7071067811865471,-0.7071067811865479,0.0,28.8,61.0,6.0,5.903554138839246
2023-07-21 16:00:00,-0.8660254037844385,-0.5000000000000004,0.0,28.7,65.0,6.0,6.375590948164464
2023-07-21 17:00:00,-0.9659258262890684,-0.2588190451025206,0.0,29.2,55.0,8.0,7.123183588683606
2023-07-21 18:00:00,-1.0,-1.8369701987210294e-16,0.0,29.6,49.0,8.0,8.078521143794061
2023-07-21 19:00:00,-0.9659258262890684,0.2588190451025203,0.0,29.4,46.0,11.0,8.692470327913762
2023-07-21 20:00:00,-0.8660254037844386,0.5000000000000001,0.0,28.7,51.0,7.0,8.315671904981137
2023-07-21 21:00:00,-0.7071067811865477,0.7071067811865474,0.0,28.0,58.0,2.0,7.044880957901478
2023-07-21 22:00:00,-0.5000000000000004,0.8660254037844384,0.0,28.1,60.0,2.0,5.733913198411465
2023-07-21 23:00:00,-0.2588190451025215,0.965925826289068,0.0,28.2,52.0,3.0,4.859885395020247
2023-07-22 00:00:00,0.0,1.0,0.0,27.6,53.0,1.0,4.298790929466486
2023-07-22 01:00:00,0.2588190451025207,0.9659258262890684,0.0,26.4,71.0,4.0,3.898215233460069
2023-07-22 02:00:00,0.4999999999999999,0.8660254037844387,0.0,27.0,59.0,4.0,3.6174252052605156
2023-07-22 03:00:00,0.7071067811865476,0.7071067811865476,0.0,26.5,62.0,3.0,3.5474092043936256
2023-07-22 04:00:00,0.8660254037844386,0.5000000000000001,0.0,26.0,58.0,4.0,3.82098326407373
2023-07-22 05:00:00,0.9659258262890684,0.2588190451025207,0.0,25.8,56.0,4.0,4.842126348912717
2023-07-22 06:00:00,1.0,6.123233995736766e-17,0.0,26.1,63.0,4.0,6.605060813426972
2023-07-22 07:00:00,0.9659258262890684,-0.2588190451025206,0.0,25.9,61.0,4.0,8.041894310414792
2023-07-22 08:00:00,0.8660254037844387,-0.4999999999999998,0.0,27.2,61.0,3.0,8.010807050168514
2023-07-22 09:00:00,0.7071067811865476,-0.7071067811865475,0.0,27.2,72.0,3.0,7.06476627200842
2023-07-22 10:00:00,0.4999999999999999,-0.8660254037844387,0.0,26.6,73.0,8.0,6.388978495895863
2023-07-22 11:00:00,0.258819045102521,-0.9659258262890682,0.0,27.4,73.0,8.0,6.055298473685981
2023-07-22 12:00:00,1.2246467991473532e-16,-1.0,0.0,29.2,58.0,7.0,5.796814481616021
2023-07-22 13:00:00,-0.2588190451025208,-0.9659258262890684,0.0,30.5,49.0,5.0,5.607613233476878
2023-07-22 14:00:00,-0.4999999999999997,-0.8660254037844388,0.0,28.7,62.0,9.0,5.578261997401715
2023-07-22 15:00:00,-0.7071067811865471,-0.7071067811865479,0.0,29.6,62.0,5.0,5.741192633211614
2023-07-22 16:00:00,-0.8660254037844385,-0.5000000000000004,0.0,30.5,59.0,3.0,6.231702853292227
2023-07-22 17:00:00,-0.9659258262890684,-0.2588190451025206,0.0,30.0,54.0,7.0,7.099407053589822
2023-07-22 18:00:00,-1.0,-1.8369701987210294e-16,0.0,30.1,52.0,5.0,8.183160805106164
2023-07-22 19:00:00,-0.9659258262890684,0.2588190451025203,0.0,30.4,47.0,8.0,8.86033539324999
2023-07-22 20:00:00,-0.8660254037844386,0.5000000000000001,0.0,29.8,50.0,11.0,8.456410596370699
2023-07-22 21:00:00,-0.7071067811865477,0.7071067811865474,0.0,29.2,53.0,3.0,7.155539584159852
2023-07-22 22:00:00,-0.5000000000000004,0.8660254037844384,0.0,29.5,53.0,2.0,5.818019599169493
2023-07-22 23:00:00,-0.2588190451025215,0.965925826289068,0.0,29.3,52.0,3.0,4.930801436305047
2023-07-23 00:00:00,0.0,1.0,0.0,28.1,66.0,3.0,4.3457760502398015
2023-07-23 01:00:00,0.2588190451025207,0.9659258262890684,0.0,28.0,59.0,4.0,3.9130433181673294
2023-07-23 02:00:00,0.4999999999999999,0.8660254037844387,0.0,28.0,46.0,5.0,3.659205795824528
2023-07-23 03:00:00,0.7071067811865476,0.7071067811865476,0.0,27.8,44.0,5.0,3.602115072011948
2023-07-23 04:00:00,0.8660254037844386,0.5000000000000001,0.0,27.1,48.0,3.0,3.9233483234047895
2023-07-23 05:00:00,0.9659258262890684,0.2588190451025207,0.0,27.2,46.0,4.0,5.00949519649148
2023-07-23 06:00:00,1.0,6.123233995736766e-17,0.0,26.9,48.0,2.0,6.917154330015183
2023-07-23 07:00:00,0.9659258262890684,-0.2588190451025206,0.0,27.2,45.0,2.0,8.496853081583978
2023-07-23 08:00:00,0.8660254037844387,-0.4999999999999998,0.0,27.2,56.0,2.0,8.484831092059613
2023-07-23 09:00:00,0.7071067811865476,-0.7071067811865475,0.0,26.9,68.0,6.0,7.390933952927591
2023-07-23 10:00:00,0.4999999999999999,-0.8660254037844387,0.0,27.5,70.0,8.0,6.626299582868815
2023-07-23 11:00:00,0.258819045102521,-0.9659258262890682,0.0,28.8,59.0,3.0,6.29422599554062
2023-07-23 12:00:00,1.2246467991473532e-16,-1.0,0.0,29.3,56.0,5.0,6.019527401924134
2023-07-23 13:00:00,-0.2588190451025208,-0.9659258262890684,0.0,29.4,60.0,7.0,5.821965135484935
2023-07-23 14:00:00,-0.4999999999999997,-0.8660254037844388,0.0,29.4,56.0,6.0,5.798580320179463
2023-07-23 15:00:00,-0.7071067811865471,-0.7071067811865479,0.0,30.2,44.0,6.0,6.019976684153081
2023-07-23 16:00:00,-0.8660254037844385,-0.5000000000000004,0.0,30.3,45.0,7.0,6.585194981992245
2023-07-23 17:00:00,-0.9659258262890684,-0.2588190451025206,0.0,29.6,56.0,7.0,7.505347421467305
2023-07-23 18:00:00,-1.0,-1.8369701987210294e-16,0.0,29.1,65.0,10.0,8.542746582329274
2023-07-23 19:00:00,-0.9659258262890684,0.2588190451025203,0.0,28.6,72.0,12.0,9.053346684575082
2023-07-23 20:00:00,-0.8660254037844386,0.5000000000000001,0.0,28.4,74.0,10.0,8.459393806755543
2023-07-23 21:00:00,-0.7071067811865477,0.7071067811865474,0.0,28.2,76.0,9.0,7.116468560993672
2023-07-23 22:00:00,-0.5000000000000004,0.8660254037844384,0.0,28.8,67.0,12.0,5.852677501887084
2023-07-23 23:00:00,-0.2588190451025215,0.965925826289068,0.0,28.2,67.0,14.0,5.005407082438469
2023-07-24 00:00:00,0.0,1.0,0.0,28.2,68.0,9.0,4.399102190434934
2023-07-24 01:00:00,0.2588190451025207,0.9659258262890684,0.0,27.8,67.0,5.0,3.97167538702488
2023-07-24 02:00:00,0.4999999999999999,0.8660254037844387,0.0,28.0,69.0,13.0,3.7046746628731495
2023-07-24 03:00:00,0.7071067811865476,0.7071067811865476,0.0,28.4,56.0,12.0,3.6278893189877275
2023-07-24 04:00:00,0.8660254037844386,0.5000000000000001,0.0,29.2,42.0,25.0,3.9146634794771678
2023-07-24 05:00:00,0.9659258262890684,0.2588190451025207,0.0,29.1,49.0,33.0,4.933623767048121
2023-07-24 06:00:00,1.0,6.123233995736766e-17,0.0,28.9,46.0,33.0,6.675973902791739
2023-07-24 07:00:00,0.9659258262890684,-0.2588190451025206,0.0,28.1,51.0,27.0,8.209802473783494
2023-07-24 08:00:00,0.8660254037844387,-0.4999999999999998,0.0,28.5,48.0,26.0,8.274646120369436
2023-07-24 09:00:00,0.7071067811865476,-0.7071067811865475,0.0,29.8,47.0,20.0,7.30625517487526
2023-07-24 10:00:00,0.4999999999999999,-0.8660254037844387,0.0,30.6,45.0,19.0,6.588445636332036
2023-07-24 11:00:00,0.258819045102521,-0.9659258262890682,0.0,31.8,41.0,17.0,6.27001848012209
2023-07-24 12:00:00,1.2246467991473532e-16,-1.0,0.0,32.3,43.0,22.0,6.043664071261883
2023-07-24 13:00:00,-0.2588190451025208,-0.9659258262890684,0.0,33.4,39.0,22.0,5.901403665095568
2023-07-24 14:00:00,-0.4999999999999997,-0.8660254037844388,0.0,33.6,38.0,19.0,5.9588415347039705
2023-07-24 15:00:00,-0.7071067811865471,-0.7071067811865479,0.0,34.2,36.0,17.0,6.300572328418494
2023-07-24 16:00:00,-0.8660254037844385,-0.5000000000000004,0.0,31.3,55.0,16.0,7.060869737565518
2023-07-24 17:00:00,-0.9659258262890684,-0.2588190451025206,0.0,29.2,69.0,22.0,8.131470914185048
2023-07-24 18:00:00,-1.0,-1.8369701987210294e-16,0.0,30.3,61.0,11.0,9.29062378793955
2023-07-24 19:00:00,-0.9659258262890684,0.2588190451025203,0.0,29.8,70.0,4.0,9.863353541493417
2023-07-24 20:00:00,-0.8660254037844386,0.5000000000000001,0.0,29.3,66.0,2.0,9.056156322062016
2023-07-24 21:00:00,-0.7071067811865477,0.7071067811865474,0.0,29.5,60.0,2.0,7.484758369624616
2023-07-24 22:00:00,-0.5000000000000004,0.8660254037844384,0.0,28.6,67.0,3.0,6.137829139530659
2023-07-24 23:00:00,-0.2588190451025215,0.965925826289068,0.0,30.9,46.0,5.0,5.182785300463439
2023-07-25 00:00:00,0.0,1.0,0.0,30.4,45.0,16.0,4.573901906311512
2023-07-25 01:00:00,0.2588190451025207,0.9659258262890684,0.0,30.0,42.0,26.0,4.1250288134813315
2023-07-25 02:00:00,0.4999999999999999,0.8660254037844387,0.0,29.4,44.0,26.0,3.842449183762074
2023-07-25 03:00:00,0.7071067811865476,0.7071067811865476,0.0,28.9,46.0,18.0,3.726250836774707
2023-07-25 04:00:00,0.8660254037844386,0.5000000000000001,0.0,28.3,47.0,12.0,3.986359713226557
2023-07-25 05:00:00,0.9659258262890684,0.2588190451025207,0.0,28.1,48.0,12.0,5.078104607462883
2023-07-25 06:00:00,1.0,6.123233995736766e-17,0.0,27.8,49.0,14.0,7.136202736794949
2023-07-25 07:00:00,0.9659258262890684,-0.2588190451025206,0.0,28.4,47.0,15.0,9.015163008570672
2023-07-25 08:00:00,0.8660254037844387,-0.4999999999999998,0.0,29.7,44.0,17.0,9.099027056694032
2023-07-25 09:00:00,0.7071067811865476,-0.7071067811865475,0.0,30.6,45.0,15.0,7.841851545572282
2023-07-25 10:00:00,0.4999999999999999,-0.8660254037844387,0.0,30.5,46.0,7.0,6.916035552322866
2023-07-25 11:00:00,0.258819045102521,-0.9659258262890682,0.0,28.6,65.0,12.0,6.477833355218173
2023-07-25 12:00:00,1.2246467991473532e-16,-1.0,0.0,28.9,64.0,9.0,6.154983042031527
2023-07-25 13:00:00,-0.2588190451025208,-0.9659258262890684,0.0,28.8,61.0,9.0,5.945950795114041
2023-07-25 14:00:00,-0.4999999999999997,-0.8660254037844388,0.0,29.0,64.0,9.0,5.93710713788867
2023-07-25 15:00:00,-0.7071067811865471,-0.7071067811865479,0.0,28.8,65.0,7.0,6.219217117130757
2023-07-25 16:00:00,-0.8660254037844385,-0.5000000000000004,0.0,29.4,63.0,6.0,6.810804326236249
2023-07-25 17:00:00,-0.9659258262890684,-0.2588190451025206,0.0,29.8,60.0,3.0,7.72142029285431
2023-07-25 18:00:00,-1.0,-1.8369701987210294e-16,0.0,30.0,55.0,2.0,8.739672119617463
2023-07-25 19:00:00,-0.9659258262890684,0.2588190451025203,0.0,30.4,50.0,4.0,9.254913230538369
2023-07-25 20:00:00,-0.8660254037844386,0.5000000000000001,0.0,29.8,61.0,5.0,8.69486787736416
2023-07-25 21:00:00,-0.7071067811865477,0.7071067811865474,0.0,29.2,68.0,5.0,7.302327350080014
2023-07-25 22:00:00,-0.5000000000000004,0.8660254037844384,0.0,29.2,58.0,6.0,5.9652283088862905
2023-07-25 23:00:00,-0.2588190451025215,0.965925826289068,0.0,29.3,64.0,2.0,5.057548321932555
2023-07-26 00:00:00,0.0,1.0,0.0,28.4,59.0,2.0,4.422604787349702
2023-07-26 01:00:00,0.2588190451025207,0.9659258262890684,0.0,27.9,67.0,3.0,3.992727890312672
2023-07-26 02:00:00,0.4999999999999999,0.8660254037844387,0.0,28.4,60.0,3.0,3.713965831175447
2023-07-26 03:00:00,0.7071067811865476,0.7071067811865476,0.0,27.8,59.0,5.0,3.6478664378076795
2023-07-26 04:00:00,0.8660254037844386,0.5000000000000001,0.0,27.7,57.0,4.0,3.944544880390168
2023-07-26 05:00:00,0.9659258262890684,0.2588190451025207,0.0,27.4,52.0,6.0,4.997687221169472
2023-07-26 06:00:00,1.0,6.123233995736766e-17,0.0,26.9,64.0,11.0,6.838060584664346
2023-07-26 07:00:00,0.9659258262890684,-0.2588190451025206,0.0,27.1,63.0,4.0,8.319998829364778
2023-07-26 08:00:00,0.8660254037844387,-0.4999999999999998,0.7,28.2,54.0,5.0,8.28090891391039
2023-07-26 09:00:00,0.7071067811865476,-0.7071067811865475,28.1,22.9,87.0,19.0,7.2518459752202045
2023-07-26 10:00:00,0.4999999999999999,-0.8660254037844387,3.6,23.8,80.0,21.0,5.790543422698975
2023-07-26 11:00:00,0.258819045102521,-0.9659258262890682,0.2,23.1,73.0,21.0,5.458227187544108
2023-07-26 12:00:00,1.2246467991473532e-16,-1.0,0.0,25.2,66.0,18.0,5.293654693812132
2023-07-26 13:00:00,-0.2588190451025208,-0.9659258262890684,0.0,25.2,65.0,21.0,5.09926101833582
2023-07-26 14:00:00,-0.4999999999999997,-0.8660254037844388,0.0,26.1,62.0,13.0,4.928410676270724
2023-07-26 15:00:00,-0.7071067811865471,-0.7071067811865479,0.0,29.2,46.0,20.0,4.820223987847567
2023-07-26 16:00:00,-0.8660254037844385,-0.5000000000000004,0.0,30.0,44.0,32.0,4.872181617915631
2023-07-26 17:00:00,-0.9659258262890684,-0.2588190451025206,0.0,30.3,43.0,35.0,5.140963973402978
2023-07-26 18:00:00,-1.0,-1.8369701987210294e-16,0.0,30.1,45.0,33.0,6.0717935076355944
2023-07-26 19:00:00,-0.9659258262890684,0.2588190451025203,0.0,29.5,46.0,32.0,6.999526477754117
2023-07-26 20:00:00,-0.8660254037844386,0.5000000000000001,0.0,28.4,47.0,36.0,7.137302622199059
2023-07-26 21:00:00,-0.7071067811865477,0.7071067811865474,0.0,27.9,51.0,42.0,6.283194079995156
2023-07-26 22:00:00,-0.5000000000000004,0.8660254037844384,0.0,28.1,45.0,45.0,5.159006699025632
2023-07-26 23:00:00,-0.2588190451025215,0.965925826289068,0.0,27.7,42.0,34.0,4.406438597291708
2023-07-27 00:00:00,0.0,1.0,0.0,27.2,44.0,17.0,3.933145745992661
2023-07-27 01:00:00,0.2588190451025207,0.9659258262890684,0.0,26.5,48.0,21.0,3.608996883183718
2023-07-27 02:00:00,0.4999999999999999,0.8660254037844387,0.0,26.2,50.0,17.0,3.407884932905436
2023-07-27 03:00:00,0.7071067811865476,0.7071067811865476,0.0,25.5,56.0,26.0,3.334972508102656
2023-07-27 04:00:00,0.8660254037844386,0.5000000000000001,0.0,25.2,60.0,36.0,3.5717870455980307
2023-07-27 05:00:00,0.9659258262890684,0.2588190451025207,0.0,25.4,57.0,34.0,4.498983061462641
2023-07-27 06:00:00,1.0,6.123233995736766e-17,0.0,25.1,59.0,33.0,6.224654258638621
2023-07-27 07:00:00,0.9659258262890684,-0.2588190451025206,0.0,25.8,55.0,31.0,7.698568299114705
2023-07-27 08:00:00,0.8660254037844387,-0.4999999999999998,0.0,26.1,52.0,29.0,7.749010118246079
2023-07-27 09:00:00,0.7071067811865476,-0.7071067811865475,0.0,25.5,58.0,22.0,6.82499125391245
2023-07-27 10:00:00,0.4999999999999999,-0.8660254037844387,0.1,26.4,51.0,36.0,6.1375590388476855
2023-07-27 11:00:00,0.258819045102521,-0.9659258262890682,0.0,27.5,49.0,27.0,5.858010145425797
2023-07-27 12:00:00,1.2246467991473532e-16,-1.0,0.0,28.7,47.0,28.0,5.620560649931432
2023-07-27 13:00:00,-0.2588190451025208,-0.9659258262890684,0.0,28.7,49.0,23.0,5.4299956147372725
2023-07-27 14:00:00,-0.4999999999999997,-0.8660254037844388,0.0,28.5,49.0,22.0,5.333770696669817
2023-07-27 15:00:00,-0.7071067811865471,-0.7071067811865479,0.0,28.9,43.0,24.0,5.422662454992533
2023-07-27 16:00:00,-0.8660254037844385,-0.5000000000000004,0.0,29.0,43.0,26.0,5.804450213164092
2023-07-27 17:00:00,-0.9659258262890684,-0.2588190451025206,0.0,29.4,45.0,20.0,6.5470216377079495
2023-07-27 18:00:00,-1.0,-1.8369701987210294e-16,0.0,30.5,40.0,19.0,7.579210954904557
2023-07-27 19:00:00,-0.9659258262890684,0.2588190451025203,0.0,29.7,44.0,25.0,8.400468169450761
2023-07-27 20:00:00,-0.8660254037844386,0.5000000000000001,0.0,28.8,47.0,28.0,8.187894504070282
2023-07-27 21:00:00,-0.7071067811865477,0.7071067811865474,0.0,27.9,50.0,27.0,7.006419211030007
2023-07-27 22:00:00,-0.5000000000000004,0.8660254037844384,0.0,27.6,49.0,35.0,5.719566571861506
2023-07-27 23:00:00,-0.2588190451025215,0.965925826289068,0.0,26.7,52.0,33.0,4.871647615581751
2023-07-28 00:00:00,0.0,1.0,0.0,26.5,55.0,30.0,4.296479280889034
2023-07-28 01:00:00,0.2588190451025207,0.9659258262890684,0.0,25.9,58.0,35.0,3.911556288450957
2023-07-28 02:00:00,0.4999999999999999,0.8660254037844387,0.0,25.8,56.0,36.0,3.6664722421765332
2023-07-28 03:00:00,0.7071067811865476,0.7071067811865476,0.0,25.3,59.0,40.0,3.5802695354074245
2023-07-28 04:00:00,0.8660254037844386,0.5000000000000001,0.0,24.9,60.0,40.0,3.8003398969024427
2023-07-28 05:00:00,0.9659258262890684,0.2588190451025207,0.0,24.4,62.0,37.0,4.666661565452815
2023-07-28 06:00:00,1.0,6.123233995736766e-17,0.0,24.2,61.0,30.0,6.248243642002345
2023-07-28 07:00:00,0.9659258262890684,-0.2588190451025206,0.0,24.4,59.0,30.0,7.6358441311120995
2023-07-28 08:00:00,0.8660254037844387,-0.4999999999999998,0.0,25.1,55.0,27.0,7.71348494142294
2023-07-28 09:00:00,0.7071067811865476,-0.7071067811865475,0.1,25.8,54.0,33.0,6.88007290095091
2023-07-28 10:00:00,0.4999999999999999,-0.8660254037844387,0.0,26.8,52.0,29.0,6.26353990122676
2023-07-28 11:00:00,0.258819045102521,-0.9659258262890682,0.0,28.2,46.0,23.0,5.9542964634299285
2023-07-28 12:00:00,1.2246467991473532e-16,-1.0,0.0,28.9,46.0,22.0,5.687973647713662
2023-07-28 13:00:00,-0.2588190451025208,-0.9659258262890684,0.0,29.9,43.0,18.0,5.463528540730477
2023-07-28 14:00:00,-0.4999999999999997,-0.8660254037844388,0.0,31.0,37.0,12.0,5.373546343147756
2023-07-28 15:00:00,-0.7071067811865471,-0.7071067811865479,0.0,27.2,63.0,17.0,5.52165037021041
2023-07-28 16:00:00,-0.8660254037844385,-0.5000000000000004,0.0,27.8,63.0,17.0,5.860910111665726
2023-07-28 17:00:00,-0.9659258262890684,-0.2588190451025206,0.0,27.4,68.0,10.0,6.598694997876883
2023-07-28 18:00:00,-1.0,-1.8369701987210294e-16,0.0,27.0,71.0,13.0,7.559683413505555
2023-07-28 19:00:00,-0.9659258262890684,0.2588190451025203,0.0,27.1,70.0,6.0,8.195805059373379
2023-07-28 20:00:00,-0.8660254037844386,0.5000000000000001,0.0,26.8,70.0,6.0,7.851946521699429
2023-07-28 21:00:00,-0.7071067811865477,0.7071067811865474,0.0,26.7,69.0,5.0,6.703541293591262
2023-07-28 22:00:00,-0.5000000000000004,0.8660254037844384,0.0,26.5,68.0,5.0,5.533623948246241
2023-07-28 23:00:00,-0.2588190451025215,0.965925826289068,0.0,26.5,62.0,6.0,4.706638532876969
2023-07-29 00:00:00,0.0,1.0,0.0,26.3,60.0,4.0,4.1700092853605755
2023-07-29 01:00:00,0.2588190451025207,0.9659258262890684,0.0,26.8,51.0,7.0,3.8008539737761025
2023-07-29 02:00:00,0.4999999999999999,0.8660254037844387,0.0,26.3,52.0,12.0,3.587428974658251
2023-07-29 03:00:00,0.7071067811865476,0.7071067811865476,0.0,26.2,52.0,17.0,3.5080925814807418
2023-07-29 04:00:00,0.8660254037844386,0.5000000000000001,0.0,25.9,52.0,17.0,3.749436397477985
2023-07-29 05:00:00,0.9659258262890684,0.2588190451025207,0.0,25.9,51.0,11.0,4.6668067999184135
2023-07-29 06:00:00,1.0,6.123233995736766e-17,0.0,25.9,50.0,16.0,6.354321478754283
2023-07-29 07:00:00,0.9659258262890684,-0.2588190451025206,0.0,25.4,53.0,8.0,7.864289089739324
2023-07-29 08:00:00,0.8660254037844387,-0.4999999999999998,0.0,27.3,50.0,4.0,7.957406816780568
2023-07-29 09:00:00,0.7071067811865476,-0.7071067811865475,0.0,26.2,58.0,9.0,7.067512738406659
2023-07-29 10:00:00,0.4999999999999999,-0.8660254037844387,0.0,26.0,64.0,8.0,6.360696150064469
2023-07-29 11:00:00,0.258819045102521,-0.9659258262890682,0.0,26.3,65.0,6.0,6.026279918998481
2023-07-29 12:00:00,1.2246467991473532e-16,-1.0,0.0,26.8,64.0,6.0,5.768132741004229
2023-07-29 13:00:00,-0.2588190451025208,-0.9659258262890684,0.0,26.8,67.0,8.0,5.566782275587321
2023-07-29 14:00:00,-0.4999999999999997,-0.8660254037844388,0.0,27.3,66.0,7.0,5.497753691971303
2023-07-29 15:00:00,-0.7071067811865471,-0.7071067811865479,0.0,27.5,67.0,9.0,5.636887719631195
2023-07-29 16:00:00,-0.8660254037844385,-0.5000000000000004,0.0,28.0,64.0,6.0,6.038715177327395
2023-07-29 17:00:00,-0.9659258262890684,-0.2588190451025206,0.0,28.3,62.0,4.0,6.748673494160176
2023-07-29 18:00:00,-1.0,-1.8369701987210294e-16,0.0,28.0,61.0,5.0,7.657686568200589
2023-07-29 19:00:00,-0.9659258262890684,0.2588190451025203,0.0,28.0,58.0,4.0,8.245520115792752
2023-07-29 20:00:00,-0.8660254037844386,0.5000000000000001,0.0,27.9,59.0,4.0,7.9109317877888685
2023-07-29 21:00:00,-0.7071067811865477,0.7071067811865474,0.0,27.6,59.0,4.0,6.772171368002892
2023-07-29 22:00:00,-0.5000000000000004,0.8660254037844384,0.0,27.7,56.0,5.0,5.581383062452079
2023-07-29 23:00:00,-0.2588190451025215,0.965925826289068,0.0,27.1,65.0,8.0,4.7537133920192725
2023-07-30 00:00:00,0.0,1.0,0.0,27.3,66.0,6.0,4.192322406098247
2023-07-30 01:00:00,0.2588190451025207,0.9659258262890684,0.0,26.2,66.0,15.0,3.812319378778339
2023-07-30 02:00:00,0.4999999999999999,0.8660254037844387,1.9,23.5,71.0,22.0,3.5595628495514395
2023-07-30 03:00:00,0.7071067811865476,0.7071067811865476,0.9,22.5,76.0,16.0,3.46298237271607
2023-07-30 04:00:00,0.8660254037844386,0.5000000000000001,1.5,22.0,78.0,17.0,3.6954326440393928
2023-07-30 05:00:00,0.9659258262890684,0.2588190451025207,0.2,22.1,78.0,10.0,4.555770032703877
2023-07-30 06:00:00,1.0,6.123233995736766e-17,1.3,22.4,80.0,6.0,5.998147530704737
2023-07-30 07:00:00,0.9659258262890684,-0.2588190451025206,0.0,22.3,81.0,7.0,7.065831915140152
2023-07-30 08:00:00,0.8660254037844387,-0.4999999999999998,0.0,22.5,78.0,6.0,6.996982513070107
2023-07-30 09:00:00,0.7071067811865476,-0.7071067811865475,0.0,23.0,75.0,6.0,6.331979871988297
2023-07-30 10:00:00,0.4999999999999999,-0.8660254037844387,0.0,24.0,72.0,6.0,5.862394337058068
2023-07-30 11:00:00,0.258819045102521,-0.9659258262890682,0.0,24.9,67.0,6.0,5.5847464801371105
2023-07-30 12:00:00,1.2246467991473532e-16,-1.0,0.0,24.4,71.0,11.0,5.326440784037114
2023-07-30 13:00:00,-0.2588190451025208,-0.9659258262890684,0.0,24.0,72.0,13.0,5.102368799746037
2023-07-30 14:00:00,-0.4999999999999997,-0.8660254037844388,0.0,24.9,71.0,8.0,4.957659480720759
2023-07-30 15:00:00,-0.7071067811865471,-0.7071067811865479,0.0,25.8,66.0,9.0,4.977407825738192
2023-07-30 16:00:00,-0.8660254037844385,-0.5000000000000004,0.0,28.8,39.0,13.0,5.230563602149487
2023-07-30 17:00:00,-0.9659258262890684,-0.2588190451025206,0.0,29.3,38.0,13.0,5.891377468705178
2023-07-30 18:00:00,-1.0,-1.8369701987210294e-16,0.0,25.2,54.0,22.0,6.816429505050183
2023-07-30 19:00:00,-0.9659258262890684,0.2588190451025203,0.0,25.8,51.0,27.0,7.393208112120629
2023-07-30 20:00:00,-0.8660254037844386,0.5000000000000001,0.0,26.5,48.0,16.0,7.231816607415677
2023-07-30 21:00:00,-0.7071067811865477,0.7071067811865474,0.0,26.2,51.0,6.0,6.267853246778251
2023-07-30 22:00:00,-0.5000000000000004,0.8660254037844384,0.0,25.6,55.0,8.0,5.148262005299331
2023-07-30 23:00:00,-0.2588190451025215,0.965925826289068,0.0,25.4,54.0,5.0,4.383261597156525
2023-07-31 00:00:00,0.0,1.0,0.0,24.3,59.0,5.0,3.906355300545693
2023-07-31 01:00:00,0.2588190451025207,0.9659258262890684,0.0,24.1,60.0,6.0,3.5673525237292054
2023-07-31 02:00:00,0.4999999999999999,0.8660254037844387,0.0,23.8,62.0,4.0,3.3459700337797407
2023-07-31 03:00:00,0.7071067811865476,0.7071067811865476,0.0,23.7,64.0,5.0,3.267847027331591
2023-07-31 04:00:00,0.8660254037844386,0.5000000000000001,0.0,23.4,65.0,6.0,3.499994284063578
2023-07-31 05:00:00,0.9659258262890684,0.2588190451025207,0.0,22.9,66.0,5.0,4.381343144327403
2023-07-31 06:00:00,1.0,6.123233995736766e-17,0.0,22.5,66.0,4.0,5.919238280355931
2023-07-31 07:00:00,0.9659258262890684,-0.2588190451025206,0.0,23.9,61.0,4.0,7.179812041819097
2023-07-31 08:00:00,0.8660254037844387,-0.4999999999999998,0.0,24.5,58.0,3.0,7.232144270539284
2023-07-31 09:00:00,0.7071067811865476,-0.7071067811865475,0.0,25.4,61.0,3.0,6.497736380845309
2023-07-31 10:00:00,0.4999999999999999,-0.8660254037844387,0.0,25.7,59.0,7.0,5.956278677731753
2023-07-31 11:00:00,0.258819045102521,-0.9659258262890682,0.0,25.9,65.0,8.0,5.6754392048716555
2023-07-31 12:00:00,1.2246467991473532e-16,-1.0,0.0,26.2,64.0,11.0,5.450917052775622
2023-07-31 13:00:00,-0.2588190451025208,-0.9659258262890684,0.0,26.4,61.0,13.0,5.270575402230025
2023-07-31 14:00:00,-0.4999999999999997,-0.8660254037844388,0.0,26.2,62.0,15.0,5.1910049217939385
2023-07-31 15:00:00,-0.7071067811865471,-0.7071067811865479,0.0,26.0,67.0,13.0,5.271210065037013
2023-07-31 16:00:00,-0.8660254037844385,-0.5000000000000004,0.0,26.2,67.0,5.0,5.568438893109561
2023-07-31 17:00:00,-0.9659258262890684,-0.2588190451025206,0.0,27.2,64.0,3.0,6.156929538100958
2023-07-31 18:00:00,-1.0,-1.8369701987210294e-16,0.0,26.7,65.0,4.0,6.993783812522889
2023-07-31 19:00:00,-0.9659258262890684,0.2588190451025203,0.0,26.6,68.0,5.0,7.586284936070443
2023-07-31 20:00:00,-0.8660254037844386,0.5000000000000001,0.0,26.8,65.0,6.0,7.35849766522646
2023-07-31 21:00:00,-0.7071067811865477,0.7071067811865474,0.0,26.7,65.0,5.0,6.385286529511214
2023-07-31 22:00:00,-0.5000000000000004,0.8660254037844384,0.0,26.8,57.0,7.0,5.296502115875483
2023-07-31 23:00:00,-0.2588190451025215,0.965925826289068,0.0,26.6,60.0,5.0,4.526530379205942
