Date-time CET-CEST (DD/MM/YYYY HH:mm),hour_sin,hour_cos,Rainfall depth (mm),Air temperature (Â°C),Air humidity (%),Windspeed (km/h),DMA E (L/s)
2023-07-01 00:00:00,0.0,1.0,0.0,26.6,74.0,3.0,67.10780055955053
2023-07-01 01:00:00,0.2588190451025207,0.9659258262890684,0.0,26.2,70.0,5.0,61.51180112726987
2023-07-01 02:00:00,0.4999999999999999,0.8660254037844387,0.0,25.9,69.0,5.0,58.38691717207432
2023-07-01 03:00:00,0.7071067811865476,0.7071067811865476,0.0,25.7,67.0,6.0,57.47514589287341
2023-07-01 04:00:00,0.8660254037844386,0.5000000000000001,0.0,25.3,69.0,5.0,59.147785298079256
2023-07-01 05:00:00,0.9659258262890684,0.2588190451025207,0.0,25.1,66.0,5.0,64.64669805891812
2023-07-01 06:00:00,1.0,6.123233995736766e-17,0.0,25.3,63.0,5.0,76.96089460507035
2023-07-01 07:00:00,0.9659258262890684,-0.2588190451025206,0.0,26.5,52.0,5.0,92.48228574126959
2023-07-01 08:00:00,0.8660254037844387,-0.4999999999999998,0.0,26.8,57.0,4.0,97.94890822589399
2023-07-01 09:00:00,0.7071067811865476,-0.7071067811865475,0.0,26.9,64.0,5.0,95.58027452230455
2023-07-01 10:00:00,0.4999999999999999,-0.8660254037844387,0.0,28.0,61.0,7.0,90.7276870507002
2023-07-01 11:00:00,0.258819045102521,-0.9659258262890682,0.0,27.5,70.0,13.0,87.5353972285986
2023-07-01 12:00:00,1.2246467991473532e-16,-1.0,0.0,27.9,61.0,16.0,86.08549500852824
2023-07-01 13:00:00,-0.2588190451025208,-0.9659258262890684,0.0,27.6,71.0,15.0,84.56013104885817
2023-07-01 14:00:00,-0.4999999999999997,-0.8660254037844388,0.0,27.6,81.0,20.0,82.82950929909946
2023-07-01 15:00:00,-0.7071067811865471,-0.7071067811865479,0.0,27.6,78.0,26.0,81.35696971863509
2023-07-01 16:00:00,-0.8660254037844385,-0.5000000000000004,0.0,28.3,70.0,24.0,80.97648629248143
2023-07-01 17:00:00,-0.9659258262890684,-0.2588190451025206,0.0,27.4,76.0,23.0,82.57858188301326
2023-07-01 18:00:00,-1.0,-1.8369701987210294e-16,0.0,27.6,76.0,25.0,86.23218293577433
2023-07-01 19:00:00,-0.9659258262890684,0.2588190451025203,0.0,27.7,74.0,20.0,89.73089984238149
2023-07-01 20:00:00,-0.8660254037844386,0.5000000000000001,0.0,27.5,75.0,14.0,88.85084583967925
2023-07-01 21:00:00,-0.7071067811865477,0.7071067811865474,0.0,27.6,73.0,5.0,82.87691341072322
2023-07-01 22:00:00,-0.5000000000000004,0.8660254037844384,0.0,27.3,75.0,4.0,75.18857551112771
2023-07-01 23:00:00,-0.2588190451025215,0.965925826289068,0.0,26.9,70.0,5.0,67.99121512815357
2023-07-02 00:00:00,0.0,1.0,0.0,26.9,74.0,4.0,62.13078213445843
2023-07-02 01:00:00,0.2588190451025207,0.9659258262890684,0.0,26.8,69.0,4.0,57.98729729764164
2023-07-02 02:00:00,0.4999999999999999,0.8660254037844387,0.0,27.0,64.0,5.0,55.71268539454788
2023-07-02 03:00:00,0.7071067811865476,0.7071067811865476,0.0,27.2,61.0,5.0,55.0814550665766
2023-07-02 04:00:00,0.8660254037844386,0.5000000000000001,0.0,27.1,57.0,12.0,56.37452377997339
2023-07-02 05:00:00,0.9659258262890684,0.2588190451025207,0.0,27.1,56.0,29.0,61.729819775894285
2023-07-02 06:00:00,1.0,6.123233995736766e-17,0.0,26.6,55.0,35.0,76.05315464988351
2023-07-02 07:00:00,0.9659258262890684,-0.2588190451025206,0.0,26.6,52.0,40.0,94.80670554786921
2023-07-02 08:00:00,0.8660254037844387,-0.4999999999999998,0.0,27.2,48.0,36.0,99.86108183830977
2023-07-02 09:00:00,0.7071067811865476,-0.7071067811865475,0.0,27.8,50.0,32.0,96.46026657909155
2023-07-02 10:00:00,0.4999999999999999,-0.8660254037844387,0.0,28.6,49.0,29.0,90.60545227348805
2023-07-02 11:00:00,0.258819045102521,-0.9659258262890682,0.0,29.6,44.0,26.0,87.08958021998406
2023-07-02 12:00:00,1.2246467991473532e-16,-1.0,0.0,30.6,43.0,20.0,85.4558070370555
2023-07-02 13:00:00,-0.2588190451025208,-0.9659258262890684,0.0,31.0,41.0,23.0,83.7076623365283
2023-07-02 14:00:00,-0.4999999999999997,-0.8660254037844388,0.0,31.3,41.0,18.0,81.81003827095033
2023-07-02 15:00:00,-0.7071067811865471,-0.7071067811865479,0.0,32.0,39.0,16.0,80.7714472489059
2023-07-02 16:00:00,-0.8660254037844385,-0.5000000000000004,0.0,31.0,48.0,10.0,81.43174618154765
2023-07-02 17:00:00,-0.9659258262890684,-0.2588190451025206,0.0,28.4,74.0,19.0,83.95028512835503
2023-07-02 18:00:00,-1.0,-1.8369701987210294e-16,0.0,28.0,76.0,12.0,87.54594739228487
2023-07-02 19:00:00,-0.9659258262890684,0.2588190451025203,0.0,27.9,80.0,10.0,90.53716077357531
2023-07-02 20:00:00,-0.8660254037844386,0.5000000000000001,0.0,27.6,80.0,8.0,89.11495612084866
2023-07-02 21:00:00,-0.7071067811865477,0.7071067811865474,0.0,27.3,82.0,8.0,83.09490882962943
2023-07-02 22:00:00,-0.5000000000000004,0.8660254037844384,0.0,29.1,50.0,16.0,75.4306388539076
2023-07-02 23:00:00,-0.2588190451025215,0.965925826289068,0.0,28.4,48.0,24.0,68.36523101359606
2023-07-03 00:00:00,0.0,1.0,0.0,27.7,49.0,22.0,62.45226498007774
2023-07-03 01:00:00,0.2588190451025207,0.9659258262890684,0.0,27.5,47.0,31.0,58.26888890966773
2023-07-03 02:00:00,0.4999999999999999,0.8660254037844387,0.0,26.8,46.0,31.0,55.729571947827935
2023-07-03 03:00:00,0.7071067811865476,0.7071067811865476,0.0,26.4,48.0,28.0,54.90556254401803
2023-07-03 04:00:00,0.8660254037844386,0.5000000000000001,0.0,25.8,49.0,23.0,56.20099100962281
2023-07-03 05:00:00,0.9659258262890684,0.2588190451025207,0.0,25.7,49.0,17.0,62.09995920211077
2023-07-03 06:00:00,1.0,6.123233995736766e-17,0.0,25.9,48.0,15.0,77.58296516478062
2023-07-03 07:00:00,0.9659258262890684,-0.2588190451025206,0.0,26.6,46.0,10.0,96.25030477106571
2023-07-03 08:00:00,0.8660254037844387,-0.4999999999999998,0.0,27.5,46.0,4.0,99.44797227293253
2023-07-03 09:00:00,0.7071067811865476,-0.7071067811865475,0.0,28.8,41.0,7.0,94.77464079350234
2023-07-03 10:00:00,0.4999999999999999,-0.8660254037844387,0.0,30.3,37.0,8.0,88.49203961223364
2023-07-03 11:00:00,0.258819045102521,-0.9659258262890682,0.0,27.5,64.0,11.0,85.14265107750893
2023-07-03 12:00:00,1.2246467991473532e-16,-1.0,0.0,27.2,67.0,12.0,84.5532318225503
2023-07-03 13:00:00,-0.2588190451025208,-0.9659258262890684,0.0,27.7,65.0,12.0,83.81868877470494
2023-07-03 14:00:00,-0.4999999999999997,-0.8660254037844388,0.0,28.3,64.0,6.0,82.49119168311358
2023-07-03 15:00:00,-0.7071067811865471,-0.7071067811865479,0.0,28.4,66.0,6.0,81.4609730386734
2023-07-03 16:00:00,-0.8660254037844385,-0.5000000000000004,0.0,28.4,63.0,9.0,81.66779883474112
2023-07-03 17:00:00,-0.9659258262890684,-0.2588190451025206,0.0,28.7,63.0,5.0,83.66717293769122
2023-07-03 18:00:00,-1.0,-1.8369701987210294e-16,0.0,28.7,63.0,4.0,87.37065206706525
2023-07-03 19:00:00,-0.9659258262890684,0.2588190451025203,0.0,29.0,54.0,6.0,90.4929778495431
2023-07-03 20:00:00,-0.8660254037844386,0.5000000000000001,0.0,28.9,53.0,4.0,89.1729220110178
2023-07-03 21:00:00,-0.7071067811865477,0.7071067811865474,0.0,28.7,51.0,5.0,83.18512918353082
2023-07-03 22:00:00,-0.5000000000000004,0.8660254037844384,0.0,29.4,48.0,4.0,75.73584444239737
2023-07-03 23:00:00,-0.2588190451025215,0.965925826289068,0.0,30.2,36.0,5.0,68.77778112992645
2023-07-04 00:00:00,0.0,1.0,0.0,29.3,36.0,16.0,63.07735346734524
2023-07-04 01:00:00,0.2588190451025207,0.9659258262890684,0.0,29.5,35.0,18.0,58.80086881473661
2023-07-04 02:00:00,0.4999999999999999,0.8660254037844387,0.0,29.3,38.0,18.0,56.24381886675954
2023-07-04 03:00:00,0.7071067811865476,0.7071067811865476,0.0,28.7,40.0,15.0,55.40125520948321
2023-07-04 04:00:00,0.8660254037844386,0.5000000000000001,0.0,28.7,42.0,15.0,56.92571272619069
2023-07-04 05:00:00,0.9659258262890684,0.2588190451025207,0.0,28.3,44.0,11.0,63.551507828459144
2023-07-04 06:00:00,1.0,6.123233995736766e-17,0.0,28.0,45.0,15.0,79.85198790088296
2023-07-04 07:00:00,0.9659258262890684,-0.2588190451025206,0.0,29.4,41.0,8.0,97.45457982242108
2023-07-04 08:00:00,0.8660254037844387,-0.4999999999999998,0.0,30.7,37.0,13.0,99.40624782741071
2023-07-04 09:00:00,0.7071067811865476,-0.7071067811865475,0.0,32.0,31.0,17.0,94.1002317428589
2023-07-04 10:00:00,0.4999999999999999,-0.8660254037844387,0.0,33.8,27.0,15.0,88.04056229561569
2023-07-04 11:00:00,0.258819045102521,-0.9659258262890682,0.0,28.3,68.0,12.0,84.9698374605179
2023-07-04 12:00:00,1.2246467991473532e-16,-1.0,0.0,28.3,69.0,13.0,84.69469693481923
2023-07-04 13:00:00,-0.2588190451025208,-0.9659258262890684,0.0,29.7,53.0,4.0,84.04706787765026
2023-07-04 14:00:00,-0.4999999999999997,-0.8660254037844388,0.0,28.9,63.0,5.0,82.71221470862628
2023-07-04 15:00:00,-0.7071067811865471,-0.7071067811865479,0.0,29.6,55.0,5.0,82.0148082369566
2023-07-04 16:00:00,-0.8660254037844385,-0.5000000000000004,0.0,29.8,45.0,5.0,82.4258735871315
2023-07-04 17:00:00,-0.9659258262890684,-0.2588190451025206,0.0,30.2,44.0,5.0,84.6851340341568
2023-07-04 18:00:00,-1.0,-1.8369701987210294e-16,0.0,30.0,49.0,7.0,88.40820355921984
2023-07-04 19:00:00,-0.9659258262890684,0.2588190451025203,0.0,29.5,56.0,9.0,91.20250249087812
2023-07-04 20:00:00,-0.8660254037844386,0.5000000000000001,0.0,29.2,57.0,8.0,89.52827862530947
2023-07-04 21:00:00,-0.7071067811865477,0.7071067811865474,0.0,30.3,45.0,4.0,83.56406396180392
2023-07-04 22:00:00,-0.5000000000000004,0.8660254037844384,0.0,29.2,54.0,6.0,76.24325311303139
2023-07-04 23:00:00,-0.2588190451025215,0.965925826289068,0.0,28.4,70.0,7.0,69.19440999761224
2023-07-05 00:00:00,0.0,1.0,0.0,28.2,56.0,20.0,63.247082371339204
2023-07-05 01:00:00,0.2588190451025207,0.9659258262890684,0.0,28.3,52.0,12.0,58.89540118508041
2023-07-05 02:00:00,0.4999999999999999,0.8660254037844387,0.0,28.4,49.0,5.0,56.33741430513561
2023-07-05 03:00:00,0.7071067811865476,0.7071067811865476,0.0,28.0,50.0,7.0,55.53873206950724
2023-07-05 04:00:00,0.8660254037844386,0.5000000000000001,0.0,27.4,54.0,8.0,56.89951250776649
2023-07-05 05:00:00,0.9659258262890684,0.2588190451025207,0.0,26.8,56.0,19.0,62.879419813826686
2023-07-05 06:00:00,1.0,6.123233995736766e-17,0.0,26.3,57.0,15.0,77.76248829871416
2023-07-05 07:00:00,0.9659258262890684,-0.2588190451025206,0.0,26.5,58.0,13.0,95.5290258923173
2023-07-05 08:00:00,0.8660254037844387,-0.4999999999999998,0.0,27.2,54.0,14.0,99.25088747203351
2023-07-05 09:00:00,0.7071067811865476,-0.7071067811865475,0.0,28.4,53.0,14.0,95.09725899159909
2023-07-05 10:00:00,0.4999999999999999,-0.8660254037844387,0.0,29.1,49.0,18.0,89.31086782097817
2023-07-05 11:00:00,0.258819045102521,-0.9659258262890682,0.0,30.6,39.0,14.0,86.23939963489772
2023-07-05 12:00:00,1.2246467991473532e-16,-1.0,0.0,30.0,44.0,6.0,85.01784941643477
2023-07-05 13:00:00,-0.2588190451025208,-0.9659258262890684,0.0,31.4,38.0,14.0,83.9155102401972
2023-07-05 14:00:00,-0.4999999999999997,-0.8660254037844388,0.0,32.4,31.0,15.0,82.49097874403
2023-07-05 15:00:00,-0.7071067811865471,-0.7071067811865479,0.0,28.9,63.0,14.0,81.6822786924243
2023-07-05 16:00:00,-0.8660254037844385,-0.5000000000000004,0.0,28.8,68.0,17.0,82.2679695776105
2023-07-05 17:00:00,-0.9659258262890684,-0.2588190451025206,0.0,30.2,48.0,32.0,84.23031163811685
2023-07-05 18:00:00,-1.0,-1.8369701987210294e-16,0.0,28.7,54.0,30.0,87.88509740650655
2023-07-05 19:00:00,-0.9659258262890684,0.2588190451025203,0.0,29.7,46.0,27.0,90.97042986273766
2023-07-05 20:00:00,-0.8660254037844386,0.5000000000000001,0.0,29.3,51.0,22.0,89.76109073281289
2023-07-05 21:00:00,-0.7071067811865477,0.7071067811865474,0.0,29.0,53.0,15.0,83.87275594383479
2023-07-05 22:00:00,-0.5000000000000004,0.8660254037844384,0.0,28.2,56.0,22.0,76.28295850887895
2023-07-05 23:00:00,-0.2588190451025215,0.965925826289068,0.0,26.9,59.0,33.0,68.98899540692568
2023-07-06 00:00:00,0.0,1.0,0.0,26.9,60.0,35.0,62.85685311049223
2023-07-06 01:00:00,0.2588190451025207,0.9659258262890684,0.0,27.4,54.0,34.0,58.369742667078974
2023-07-06 02:00:00,0.4999999999999999,0.8660254037844387,0.0,27.4,52.0,36.0,55.739239866174756
2023-07-06 03:00:00,0.7071067811865476,0.7071067811865476,0.0,26.7,53.0,22.0,54.92769756175578
2023-07-06 04:00:00,0.8660254037844386,0.5000000000000001,0.0,26.1,57.0,14.0,56.409065886996686
2023-07-06 05:00:00,0.9659258262890684,0.2588190451025207,0.0,25.6,62.0,15.0,62.23075316257775
2023-07-06 06:00:00,1.0,6.123233995736766e-17,0.0,25.5,56.0,10.0,76.9143306349218
2023-07-06 07:00:00,0.9659258262890684,-0.2588190451025206,0.0,26.4,47.0,15.0,94.90416195899249
2023-07-06 08:00:00,0.8660254037844387,-0.4999999999999998,0.0,27.1,47.0,11.0,98.76374092310668
2023-07-06 09:00:00,0.7071067811865476,-0.7071067811865475,0.0,27.9,42.0,14.0,95.0005923908949
2023-07-06 10:00:00,0.4999999999999999,-0.8660254037844387,0.0,28.7,36.0,20.0,89.30019763708115
2023-07-06 11:00:00,0.258819045102521,-0.9659258262890682,0.0,29.5,29.0,19.0,86.26529302746059
2023-07-06 12:00:00,1.2246467991473532e-16,-1.0,0.0,29.3,36.0,15.0,85.17881587713957
2023-07-06 13:00:00,-0.2588190451025208,-0.9659258262890684,0.0,28.4,49.0,15.0,84.04569345265628
2023-07-06 14:00:00,-0.4999999999999997,-0.8660254037844388,0.0,28.7,49.0,22.0,82.52854894161224
2023-07-06 15:00:00,-0.7071067811865471,-0.7071067811865479,0.0,28.6,55.0,23.0,81.47340093791486
2023-07-06 16:00:00,-0.8660254037844385,-0.5000000000000004,0.0,28.8,58.0,22.0,81.71228374511004
2023-07-06 17:00:00,-0.9659258262890684,-0.2588190451025206,0.0,29.1,54.0,21.0,83.68308142304421
2023-07-06 18:00:00,-1.0,-1.8369701987210294e-16,0.0,28.0,63.0,26.0,87.38580171495677
2023-07-06 19:00:00,-0.9659258262890684,0.2588190451025203,0.0,28.3,49.0,24.0,90.45685950934887
2023-07-06 20:00:00,-0.8660254037844386,0.5000000000000001,0.0,27.8,57.0,8.0,89.39431284040214
2023-07-06 21:00:00,-0.7071067811865477,0.7071067811865474,0.0,27.5,54.0,7.0,83.4438695281744
2023-07-06 22:00:00,-0.5000000000000004,0.8660254037844384,0.0,27.4,46.0,8.0,75.79668113857508
2023-07-06 23:00:00,-0.2588190451025215,0.965925826289068,0.0,27.4,39.0,6.0,68.60686267077924
2023-07-07 00:00:00,0.0,1.0,0.0,27.3,41.0,7.0,62.708189689293505
2023-07-07 01:00:00,0.2588190451025207,0.9659258262890684,0.0,27.3,40.0,8.0,58.425077791661025
2023-07-07 02:00:00,0.4999999999999999,0.8660254037844387,0.0,26.6,41.0,11.0,55.90872824579478
2023-07-07 03:00:00,0.7071067811865476,0.7071067811865476,0.0,25.2,46.0,16.0,55.02170097205788
2023-07-07 04:00:00,0.8660254037844386,0.5000000000000001,0.0,24.8,49.0,22.0,56.304477468430996
2023-07-07 05:00:00,0.9659258262890684,0.2588190451025207,0.0,25.4,48.0,38.0,62.48649977728725
2023-07-07 06:00:00,1.0,6.123233995736766e-17,2.6,21.2,69.0,36.0,78.7239760144055
2023-07-07 07:00:00,0.9659258262890684,-0.2588190451025206,0.1,21.1,65.0,32.0,98.23816080540419
2023-07-07 08:00:00,0.8660254037844387,-0.4999999999999998,0.4,21.4,67.0,26.0,100.56958824366332
2023-07-07 09:00:00,0.7071067811865476,-0.7071067811865475,0.0,22.3,63.0,23.0,95.63094240933657
2023-07-07 10:00:00,0.4999999999999999,-0.8660254037844387,0.0,24.9,56.0,20.0,89.72760896563531
2023-07-07 11:00:00,0.258819045102521,-0.9659258262890682,0.0,27.2,42.0,14.0,86.69193390369416
2023-07-07 12:00:00,1.2246467991473532e-16,-1.0,0.0,27.2,44.0,6.0,85.3216709008813
2023-07-07 13:00:00,-0.2588190451025208,-0.9659258262890684,0.0,26.7,52.0,11.0,83.77558216094971
2023-07-07 14:00:00,-0.4999999999999997,-0.8660254037844388,0.0,26.5,56.0,14.0,81.90546595335007
2023-07-07 15:00:00,-0.7071067811865471,-0.7071067811865479,0.0,26.5,56.0,9.0,80.61663085609675
2023-07-07 16:00:00,-0.8660254037844385,-0.5000000000000004,0.0,26.5,57.0,12.0,80.89779755786061
2023-07-07 17:00:00,-0.9659258262890684,-0.2588190451025206,0.0,27.2,52.0,14.0,83.20195911437274
2023-07-07 18:00:00,-1.0,-1.8369701987210294e-16,0.0,27.4,49.0,18.0,87.23206356823445
2023-07-07 19:00:00,-0.9659258262890684,0.2588190451025203,4.0,20.3,77.0,40.0,90.50243234485389
2023-07-07 20:00:00,-0.8660254037844386,0.5000000000000001,0.3,21.1,66.0,41.0,88.54652878791094
2023-07-07 21:00:00,-0.7071067811865477,0.7071067811865474,0.0,22.3,57.0,40.0,82.36555762380362
2023-07-07 22:00:00,-0.5000000000000004,0.8660254037844384,0.0,21.1,64.0,35.0,74.67390174612403
2023-07-07 23:00:00,-0.2588190451025215,0.965925826289068,0.0,21.0,66.0,42.0,67.26218333095312
2023-07-08 00:00:00,0.0,1.0,0.0,21.2,64.0,40.0,61.06065483413637
2023-07-08 01:00:00,0.2588190451025207,0.9659258262890684,0.0,21.3,62.0,46.0,56.65928721643984
2023-07-08 02:00:00,0.4999999999999999,0.8660254037844387,0.0,20.7,65.0,42.0,54.21563507370651
2023-07-08 03:00:00,0.7071067811865476,0.7071067811865476,0.0,20.9,63.0,42.0,53.652910636588935
2023-07-08 04:00:00,0.8660254037844386,0.5000000000000001,0.0,20.0,68.0,52.0,54.78301658537239
2023-07-08 05:00:00,0.9659258262890684,0.2588190451025207,0.0,20.3,66.0,44.0,59.49028910286725
2023-07-08 06:00:00,1.0,6.123233995736766e-17,0.0,20.4,64.0,44.0,72.81514293491841
2023-07-08 07:00:00,0.9659258262890684,-0.2588190451025206,0.0,21.1,59.0,42.0,93.28322319537402
2023-07-08 08:00:00,0.8660254037844387,-0.4999999999999998,0.0,21.5,58.0,41.0,98.74560625642539
2023-07-08 09:00:00,0.7071067811865476,-0.7071067811865475,0.0,22.8,53.0,36.0,96.90986228853465
2023-07-08 10:00:00,0.4999999999999999,-0.8660254037844387,0.0,24.2,47.0,29.0,91.43660384774209
2023-07-08 11:00:00,0.258819045102521,-0.9659258262890682,0.0,25.2,42.0,28.0,87.83170777082444
2023-07-08 12:00:00,1.2246467991473532e-16,-1.0,0.0,24.3,54.0,28.0,86.34154457747937
2023-07-08 13:00:00,-0.2588190451025208,-0.9659258262890684,0.0,24.5,56.0,21.0,84.62638607680798
2023-07-08 14:00:00,-0.4999999999999997,-0.8660254037844388,0.0,24.7,56.0,18.0,81.92912154972554
2023-07-08 15:00:00,-0.7071067811865471,-0.7071067811865479,0.0,24.7,61.0,18.0,79.96911601170898
2023-07-08 16:00:00,-0.8660254037844385,-0.5000000000000004,0.0,25.3,59.0,18.0,79.92502407073975
2023-07-08 17:00:00,-0.9659258262890684,-0.2588190451025206,0.0,27.8,31.0,23.0,82.07930554956198
2023-07-08 18:00:00,-1.0,-1.8369701987210294e-16,0.0,27.9,30.0,30.0,86.43728586107493
2023-07-08 19:00:00,-0.9659258262890684,0.2588190451025203,0.0,27.9,30.0,30.0,90.31000510245562
2023-07-08 20:00:00,-0.8660254037844386,0.5000000000000001,0.0,27.1,33.0,26.0,89.42260663717985
2023-07-08 21:00:00,-0.7071067811865477,0.7071067811865474,0.0,26.0,37.0,26.0,83.51889764636756
2023-07-08 22:00:00,-0.5000000000000004,0.8660254037844384,0.0,25.0,41.0,28.0,75.8900878354907
2023-07-08 23:00:00,-0.2588190451025215,0.965925826289068,0.0,24.2,44.0,33.0,68.55873263046146
2023-07-09 00:00:00,0.0,1.0,0.0,23.2,46.0,36.0,62.29481878958643
2023-07-09 01:00:00,0.2588190451025207,0.9659258262890684,0.0,22.8,46.0,39.0,57.55753686383367
2023-07-09 02:00:00,0.4999999999999999,0.8660254037844387,0.0,22.5,45.0,46.0,54.635457543693484
2023-07-09 03:00:00,0.7071067811865476,0.7071067811865476,0.0,22.2,43.0,46.0,53.534267270602285
2023-07-09 04:00:00,0.8660254037844386,0.5000000000000001,0.0,21.6,43.0,44.0,54.57782509677112
2023-07-09 05:00:00,0.9659258262890684,0.2588190451025207,0.0,21.2,42.0,45.0,59.890111269429326
2023-07-09 06:00:00,1.0,6.123233995736766e-17,0.0,21.3,38.0,23.0,74.99714133918286
2023-07-09 07:00:00,0.9659258262890684,-0.2588190451025206,0.0,21.7,38.0,14.0,96.5964430588484
2023-07-09 08:00:00,0.8660254037844387,-0.4999999999999998,0.0,22.3,38.0,10.0,100.41343807786704
2023-07-09 09:00:00,0.7071067811865476,-0.7071067811865475,0.0,23.6,33.0,11.0,96.07639161407948
2023-07-09 10:00:00,0.4999999999999999,-0.8660254037844387,0.0,24.5,31.0,13.0,89.33209591180086
2023-07-09 11:00:00,0.258819045102521,-0.9659258262890682,0.0,24.3,40.0,14.0,85.5980348584056
2023-07-09 12:00:00,1.2246467991473532e-16,-1.0,0.0,23.9,46.0,14.0,84.52201108127834
2023-07-09 13:00:00,-0.2588190451025208,-0.9659258262890684,0.0,24.4,44.0,18.0,83.39658543676138
2023-07-09 14:00:00,-0.4999999999999997,-0.8660254037844388,0.0,24.6,47.0,20.0,81.73231550544502
2023-07-09 15:00:00,-0.7071067811865471,-0.7071067811865479,0.0,24.8,51.0,22.0,80.63394473940134
2023-07-09 16:00:00,-0.8660254037844385,-0.5000000000000004,0.0,25.2,51.0,20.0,80.91201995283366
2023-07-09 17:00:00,-0.9659258262890684,-0.2588190451025206,0.0,25.3,53.0,18.0,83.05188739150763
2023-07-09 18:00:00,-1.0,-1.8369701987210294e-16,0.0,25.2,59.0,15.0,86.8300926527381
2023-07-09 19:00:00,-0.9659258262890684,0.2588190451025203,0.0,25.5,59.0,10.0,89.92880155503751
2023-07-09 20:00:00,-0.8660254037844386,0.5000000000000001,0.0,25.5,52.0,7.0,88.63345439344646
2023-07-09 21:00:00,-0.7071067811865477,0.7071067811865474,0.0,25.4,52.0,5.0,82.65508508831263
2023-07-09 22:00:00,-0.5000000000000004,0.8660254037844384,0.0,24.6,53.0,9.0,75.01624003916979
2023-07-09 23:00:00,-0.2588190451025215,0.965925826289068,0.0,24.2,53.0,7.0,67.84606036230922
2023-07-10 00:00:00,0.0,1.0,0.0,23.7,55.0,6.0,61.91477382436395
2023-07-10 01:00:00,0.2588190451025207,0.9659258262890684,0.0,23.3,55.0,6.0,57.56590343400836
2023-07-10 02:00:00,0.4999999999999999,0.8660254037844387,0.0,22.6,56.0,6.0,54.92221244454384
2023-07-10 03:00:00,0.7071067811865476,0.7071067811865476,0.0,22.2,58.0,6.0,53.88894683539868
2023-07-10 04:00:00,0.8660254037844386,0.5000000000000001,0.0,22.4,63.0,5.0,54.826038023494185
2023-07-10 05:00:00,0.9659258262890684,0.2588190451025207,0.0,21.9,63.0,6.0,60.10224021658301
2023-07-10 06:00:00,1.0,6.123233995736766e-17,0.0,22.3,62.0,5.0,74.90641380310059
2023-07-10 07:00:00,0.9659258262890684,-0.2588190451025206,0.0,22.7,60.0,6.0,95.01294285774232
2023-07-10 08:00:00,0.8660254037844387,-0.4999999999999998,0.0,23.9,51.0,5.0,99.39548085302116
2023-07-10 09:00:00,0.7071067811865476,-0.7071067811865475,0.0,24.4,53.0,5.0,95.59373227238656
2023-07-10 10:00:00,0.4999999999999999,-0.8660254037844387,0.0,23.8,62.0,6.0,89.48936497569085
2023-07-10 11:00:00,0.258819045102521,-0.9659258262890682,0.0,24.8,62.0,5.0,86.17477455884219
2023-07-10 12:00:00,1.2246467991473532e-16,-1.0,0.0,24.6,56.0,4.0,85.06315898180009
2023-07-10 13:00:00,-0.2588190451025208,-0.9659258262890684,0.0,24.7,54.0,6.0,83.95450906544924
2023-07-10 14:00:00,-0.4999999999999997,-0.8660254037844388,0.0,25.0,50.0,10.0,82.48915521115065
2023-07-10 15:00:00,-0.7071067811865471,-0.7071067811865479,0.0,25.1,50.0,11.0,81.5048539763689
2023-07-10 16:00:00,-0.8660254037844385,-0.5000000000000004,0.0,25.2,54.0,12.0,81.84045371532441
2023-07-10 17:00:00,-0.9659258262890684,-0.2588190451025206,0.0,25.3,53.0,10.0,83.88147483140231
2023-07-10 18:00:00,-1.0,-1.8369701987210294e-16,0.0,25.2,54.0,8.0,87.50223293423653
2023-07-10 19:00:00,-0.9659258262890684,0.2588190451025203,0.0,25.1,60.0,6.0,90.41517765164376
2023-07-10 20:00:00,-0.8660254037844386,0.5000000000000001,0.0,26.0,44.0,16.0,88.7786091592908
2023-07-10 21:00:00,-0.7071067811865477,0.7071067811865474,0.0,25.4,46.0,13.0,82.78721572548152
2023-07-10 22:00:00,-0.5000000000000004,0.8660254037844384,0.0,24.8,47.0,13.0,75.22468417227269
2023-07-10 23:00:00,-0.2588190451025215,0.965925826289068,0.0,24.6,47.0,10.0,68.08582009136677
2023-07-11 00:00:00,0.0,1.0,0.0,23.8,50.0,13.0,62.12737898074091
2023-07-11 01:00:00,0.2588190451025207,0.9659258262890684,0.0,23.3,51.0,11.0,57.692372795268895
2023-07-11 02:00:00,0.4999999999999999,0.8660254037844387,0.0,22.9,51.0,15.0,54.987630234733224
2023-07-11 03:00:00,0.7071067811865476,0.7071067811865476,0.0,21.6,56.0,12.0,53.91353016864509
2023-07-11 04:00:00,0.8660254037844386,0.5000000000000001,0.0,21.4,55.0,14.0,54.91093344844878
2023-07-11 05:00:00,0.9659258262890684,0.2588190451025207,0.0,21.0,56.0,13.0,60.228735711276535
2023-07-11 06:00:00,1.0,6.123233995736766e-17,0.0,20.2,57.0,24.0,75.30696964159608
2023-07-11 07:00:00,0.9659258262890684,-0.2588190451025206,0.0,20.3,53.0,26.0,96.13989392042161
2023-07-11 08:00:00,0.8660254037844387,-0.4999999999999998,0.0,20.6,53.0,26.0,100.56718396782875
2023-07-11 09:00:00,0.7071067811865476,-0.7071067811865475,0.0,22.2,45.0,27.0,96.75147819817067
2023-07-11 10:00:00,0.4999999999999999,-0.8660254037844387,0.0,23.3,42.0,21.0,90.62785346508026
2023-07-11 11:00:00,0.258819045102521,-0.9659258262890682,0.0,24.1,43.0,19.0,87.0852207762003
2023-07-11 12:00:00,1.2246467991473532e-16,-1.0,0.0,24.7,44.0,8.0,85.67676811665297
2023-07-11 13:00:00,-0.2588190451025208,-0.9659258262890684,0.0,24.6,47.0,11.0,83.82216548919678
2023-07-11 14:00:00,-0.4999999999999997,-0.8660254037844388,0.0,24.7,51.0,14.0,81.64572285920381
2023-07-11 15:00:00,-0.7071067811865471,-0.7071067811865479,0.0,24.6,51.0,17.0,80.24758419454098
2023-07-11 16:00:00,-0.8660254037844385,-0.5000000000000004,0.0,24.3,53.0,21.0,80.58225087314845
2023-07-11 17:00:00,-0.9659258262890684,-0.2588190451025206,0.0,24.5,56.0,20.0,82.96828750729561
2023-07-11 18:00:00,-1.0,-1.8369701987210294e-16,0.0,24.3,56.0,14.0,86.93118838638068
2023-07-11 19:00:00,-0.9659258262890684,0.2588190451025203,0.0,24.5,59.0,11.0,90.15049049913884
2023-07-11 20:00:00,-0.8660254037844386,0.5000000000000001,0.0,24.4,56.0,6.0,88.68981743305922
2023-07-11 21:00:00,-0.7071067811865477,0.7071067811865474,0.0,24.0,58.0,3.0,82.55352863192559
2023-07-11 22:00:00,-0.5000000000000004,0.8660254037844384,0.0,24.0,62.0,4.0,74.82471101254225
2023-07-11 23:00:00,-0.2588190451025215,0.965925826289068,0.0,23.6,66.0,6.0,67.60056676447392
2023-07-12 00:00:00,0.0,1.0,0.0,23.6,48.0,12.0,61.66335084095598
2023-07-12 01:00:00,0.2588190451025207,0.9659258262890684,0.0,23.1,49.0,14.0,57.39189735814929
2023-07-12 02:00:00,0.4999999999999999,0.8660254037844387,0.0,23.0,48.0,10.0,54.75040399681777
2023-07-12 03:00:00,0.7071067811865476,0.7071067811865476,0.0,23.2,47.0,11.0,53.75308637659997
2023-07-12 04:00:00,0.8660254037844386,0.5000000000000001,0.0,22.9,45.0,12.0,54.63226684510708
2023-07-12 05:00:00,0.9659258262890684,0.2588190451025207,0.0,23.0,45.0,9.0,59.83104777507484
2023-07-12 06:00:00,1.0,6.123233995736766e-17,0.0,23.0,43.0,10.0,75.05257712587715
2023-07-12 07:00:00,0.9659258262890684,-0.2588190451025206,0.0,23.4,44.0,13.0,96.19753072291614
2023-07-12 08:00:00,0.8660254037844387,-0.4999999999999998,0.0,24.2,42.0,13.0,100.36338964998723
2023-07-12 09:00:00,0.7071067811865476,-0.7071067811865475,0.0,25.4,37.0,8.0,95.97453704297543
2023-07-12 10:00:00,0.4999999999999999,-0.8660254037844387,0.0,24.3,51.0,10.0,89.29762300997973
2023-07-12 11:00:00,0.258819045102521,-0.9659258262890682,0.0,24.7,49.0,10.0,85.73287562936545
2023-07-12 12:00:00,1.2246467991473532e-16,-1.0,0.0,24.7,49.0,14.0,84.56574102580548
2023-07-12 13:00:00,-0.2588190451025208,-0.9659258262890684,0.0,24.9,54.0,17.0,83.5785554343462
2023-07-12 14:00:00,-0.4999999999999997,-0.8660254037844388,0.0,24.6,58.0,15.0,82.11948134720326
2023-07-12 15:00:00,-0.7071067811865471,-0.7071067811865479,0.0,24.8,63.0,16.0,81.035483969301
2023-07-12 16:00:00,-0.8660254037844385,-0.5000000000000004,0.0,24.6,66.0,19.0,81.16039209991695
2023-07-12 17:00:00,-0.9659258262890684,-0.2588190451025206,0.0,24.7,68.0,19.0,82.9970304119587
2023-07-12 18:00:00,-1.0,-1.8369701987210294e-16,0.0,24.6,65.0,15.0,86.48556883037091
2023-07-12 19:00:00,-0.9659258262890684,0.2588190451025203,0.0,24.6,63.0,12.0,89.67155952721835
2023-07-12 20:00:00,-0.8660254037844386,0.5000000000000001,0.0,24.5,62.0,5.0,88.4472101277113
2023-07-12 21:00:00,-0.7071067811865477,0.7071067811865474,0.1,23.2,57.0,15.0,82.36683912992478
2023-07-12 22:00:00,-0.5000000000000004,0.8660254037844384,0.4,21.8,68.0,13.0,74.64351727470756
2023-07-12 23:00:00,-0.2588190451025215,0.965925826289068,0.0,22.2,64.0,9.0,67.32373821258545
2023-07-13 00:00:00,0.0,1.0,0.0,21.8,64.0,17.0,61.37540106147528
2023-07-13 01:00:00,0.2588190451025207,0.9659258262890684,0.0,22.7,56.0,15.0,56.988120332062245
2023-07-13 02:00:00,0.4999999999999999,0.8660254037844387,0.0,22.4,51.0,14.0,54.42601114504039
2023-07-13 03:00:00,0.7071067811865476,0.7071067811865476,0.0,21.8,53.0,12.0,53.4883246954158
2023-07-13 04:00:00,0.8660254037844386,0.5000000000000001,0.0,22.0,51.0,6.0,54.39894368380308
2023-07-13 05:00:00,0.9659258262890684,0.2588190451025207,0.0,21.7,51.0,7.0,59.336936182305216
2023-07-13 06:00:00,1.0,6.123233995736766e-17,0.0,21.3,52.0,8.0,73.86138234168291
2023-07-13 07:00:00,0.9659258262890684,-0.2588190451025206,0.0,22.3,48.0,6.0,95.12036094635725
2023-07-13 08:00:00,0.8660254037844387,-0.4999999999999998,0.0,22.6,53.0,4.0,99.6948886910081
2023-07-13 09:00:00,0.7071067811865476,-0.7071067811865475,0.0,23.3,54.0,4.0,95.88144781887532
2023-07-13 10:00:00,0.4999999999999999,-0.8660254037844387,0.0,23.3,56.0,6.0,89.5006623619795
2023-07-13 11:00:00,0.258819045102521,-0.9659258262890682,0.0,23.4,60.0,11.0,85.85077419251205
2023-07-13 12:00:00,1.2246467991473532e-16,-1.0,0.0,24.1,56.0,13.0,84.80952143192292
2023-07-13 13:00:00,-0.2588190451025208,-0.9659258262890684,0.0,25.2,52.0,11.0,83.70644664794207
2023-07-13 14:00:00,-0.4999999999999997,-0.8660254037844388,0.0,25.4,53.0,12.0,81.97338190615177
2023-07-13 15:00:00,-0.7071067811865471,-0.7071067811865479,0.0,25.2,51.0,12.0,80.78105273738504
2023-07-13 16:00:00,-0.8660254037844385,-0.5000000000000004,0.0,25.3,58.0,12.0,81.07073313087226
2023-07-13 17:00:00,-0.9659258262890684,-0.2588190451025206,0.0,25.6,60.0,7.0,83.18279072523117
2023-07-13 18:00:00,-1.0,-1.8369701987210294e-16,0.0,25.4,59.0,4.0,86.90378119051456
2023-07-13 19:00:00,-0.9659258262890684,0.2588190451025203,0.0,25.3,60.0,5.0,90.05308441907168
2023-07-13 20:00:00,-0.8660254037844386,0.5000000000000001,0.0,25.5,60.0,6.0,88.60978331059218
2023-07-13 21:00:00,-0.7071067811865477,0.7071067811865474,0.0,25.3,61.0,5.0,82.53130553483963
2023-07-13 22:00:00,-0.5000000000000004,0.8660254037844384,0.0,24.9,67.0,6.0,74.96007638797164
2023-07-13 23:00:00,-0.2588190451025215,0.965925826289068,0.0,24.9,60.0,6.0,67.82491357550025
2023-07-14 00:00:00,0.0,1.0,0.0,24.5,61.0,5.0,61.936687191873794
2023-07-14 01:00:00,0.2588190451025207,0.9659258262890684,0.0,24.0,63.0,5.0,57.62162088103592
2023-07-14 02:00:00,0.4999999999999999,0.8660254037844387,0.0,24.0,63.0,4.0,55.0461778357625
2023-07-14 03:00:00,0.7071067811865476,0.7071067811865476,0.0,23.4,63.0,4.0,54.154044379591944
2023-07-14 04:00:00,0.8660254037844386,0.5000000000000001,0.0,23.3,66.0,2.0,55.1946951033175
2023-07-14 05:00:00,0.9659258262890684,0.2588190451025207,0.0,23.1,66.0,5.0,60.39676787793636
2023-07-14 06:00:00,1.0,6.123233995736766e-17,0.0,22.8,65.0,4.0,74.68760727986694
2023-07-14 07:00:00,0.9659258262890684,-0.2588190451025206,0.0,23.9,59.0,3.0,94.03579637616873
2023-07-14 08:00:00,0.8660254037844387,-0.4999999999999998,0.0,23.5,67.0,2.0,98.78956849813463
2023-07-14 09:00:00,0.7071067811865476,-0.7071067811865475,0.0,24.7,67.0,3.0,95.52867357492448
2023-07-14 10:00:00,0.4999999999999999,-0.8660254037844387,0.0,24.8,69.0,6.0,89.63327307999135
2023-07-14 11:00:00,0.258819045102521,-0.9659258262890682,0.0,24.7,71.0,6.0,86.27129016637802
2023-07-14 12:00:00,1.2246467991473532e-16,-1.0,0.0,25.3,64.0,7.0,85.23096272289753
2023-07-14 13:00:00,-0.2588190451025208,-0.9659258262890684,0.0,26.3,56.0,8.0,84.1662131023407
2023-07-14 14:00:00,-0.4999999999999997,-0.8660254037844388,0.0,26.2,63.0,9.0,82.56853115826846
2023-07-14 15:00:00,-0.7071067811865471,-0.7071067811865479,0.0,26.4,64.0,9.0,81.40485778272152
2023-07-14 16:00:00,-0.8660254037844385,-0.5000000000000004,0.0,26.8,63.0,6.0,81.42763452142478
2023-07-14 17:00:00,-0.9659258262890684,-0.2588190451025206,0.0,26.5,64.0,6.0,83.32803066670895
2023-07-14 18:00:00,-1.0,-1.8369701987210294e-16,0.0,26.9,58.0,7.0,87.04519984334708
2023-07-14 19:00:00,-0.9659258262890684,0.2588190451025203,0.0,26.7,62.0,5.0,90.28430916249752
2023-07-14 20:00:00,-0.8660254037844386,0.5000000000000001,0.0,26.6,65.0,5.0,88.84838736116888
2023-07-14 21:00:00,-0.7071067811865477,0.7071067811865474,0.0,25.8,67.0,3.0,82.75240599274636
2023-07-14 22:00:00,-0.5000000000000004,0.8660254037844384,0.0,25.8,71.0,2.0,75.17694516554475
2023-07-14 23:00:00,-0.2588190451025215,0.965925826289068,0.0,26.0,46.0,5.0,68.04940363645554
2023-07-15 00:00:00,0.0,1.0,0.0,25.5,45.0,5.0,62.22447823494673
2023-07-15 01:00:00,0.2588190451025207,0.9659258262890684,0.0,25.1,46.0,3.0,57.92128714963794
2023-07-15 02:00:00,0.4999999999999999,0.8660254037844387,0.0,24.5,48.0,5.0,55.362866648286584
2023-07-15 03:00:00,0.7071067811865476,0.7071067811865476,0.0,24.2,49.0,4.0,54.40196645088494
2023-07-15 04:00:00,0.8660254037844386,0.5000000000000001,0.0,23.7,50.0,4.0,55.4515930409357
2023-07-15 05:00:00,0.9659258262890684,0.2588190451025207,0.0,23.5,52.0,3.0,60.95330643467605
2023-07-15 06:00:00,1.0,6.123233995736766e-17,0.0,23.5,54.0,3.0,76.20658113121986
2023-07-15 07:00:00,0.9659258262890684,-0.2588190451025206,0.0,24.8,44.0,2.0,95.91338868141175
2023-07-15 08:00:00,0.8660254037844387,-0.4999999999999998,0.0,25.2,51.0,2.0,99.57189120471479
2023-07-15 09:00:00,0.7071067811865476,-0.7071067811865475,0.0,25.4,55.0,5.0,95.19307770758869
2023-07-15 10:00:00,0.4999999999999999,-0.8660254037844387,0.0,25.2,65.0,12.0,89.03607186943293
2023-07-15 11:00:00,0.258819045102521,-0.9659258262890682,0.0,25.5,66.0,11.0,85.85784377008677
2023-07-15 12:00:00,1.2246467991473532e-16,-1.0,0.0,26.4,59.0,6.0,84.83435787230731
2023-07-15 13:00:00,-0.2588190451025208,-0.9659258262890684,0.0,26.2,67.0,10.0,83.67936853975058
2023-07-15 14:00:00,-0.4999999999999997,-0.8660254037844388,0.0,26.9,65.0,9.0,82.23418582409622
2023-07-15 15:00:00,-0.7071067811865471,-0.7071067811865479,0.0,27.0,56.0,9.0,81.02975590795279
2023-07-15 16:00:00,-0.8660254037844385,-0.5000000000000004,0.0,27.6,48.0,9.0,81.26192919820548
2023-07-15 17:00:00,-0.9659258262890684,-0.2588190451025206,0.0,28.2,41.0,10.0,83.52009397685528
2023-07-15 18:00:00,-1.0,-1.8369701987210294e-16,0.0,28.3,46.0,8.0,87.56098089158536
2023-07-15 19:00:00,-0.9659258262890684,0.2588190451025203,0.0,29.0,38.0,7.0,90.75763790071011
2023-07-15 20:00:00,-0.8660254037844386,0.5000000000000001,0.0,27.7,51.0,8.0,89.35050159186126
2023-07-15 21:00:00,-0.7071067811865477,0.7071067811865474,0.0,29.4,48.0,17.0,83.25953009933234
2023-07-15 22:00:00,-0.5000000000000004,0.8660254037844384,0.0,28.1,49.0,36.0,75.88767581641675
2023-07-15 23:00:00,-0.2588190451025215,0.965925826289068,0.0,27.1,53.0,40.0,68.86808665946127
2023-07-16 00:00:00,0.0,1.0,0.0,26.3,55.0,42.0,62.83196730695665
2023-07-16 01:00:00,0.2588190451025207,0.9659258262890684,0.0,26.1,53.0,41.0,58.22425494194031
2023-07-16 02:00:00,0.4999999999999999,0.8660254037844387,0.0,24.3,61.0,39.0,55.353333752676846
2023-07-16 03:00:00,0.7071067811865476,0.7071067811865476,0.0,23.4,62.0,38.0,54.28152616940439
2023-07-16 04:00:00,0.8660254037844386,0.5000000000000001,0.0,23.5,60.0,31.0,55.42249781887978
2023-07-16 05:00:00,0.9659258262890684,0.2588190451025207,0.0,23.7,58.0,30.0,60.764712095782166
2023-07-16 06:00:00,1.0,6.123233995736766e-17,0.0,23.4,54.0,35.0,74.9712905344367
2023-07-16 07:00:00,0.9659258262890684,-0.2588190451025206,0.0,23.9,52.0,31.0,94.741259688437
2023-07-16 08:00:00,0.8660254037844387,-0.4999999999999998,0.0,24.9,52.0,37.0,99.99037844985725
2023-07-16 09:00:00,0.7071067811865476,-0.7071067811865475,0.0,26.1,47.0,28.0,96.75584925681353
2023-07-16 10:00:00,0.4999999999999999,-0.8660254037844387,0.0,27.8,44.0,23.0,90.61905714511872
2023-07-16 11:00:00,0.258819045102521,-0.9659258262890682,0.0,29.2,40.0,22.0,86.81515981554986
2023-07-16 12:00:00,1.2246467991473532e-16,-1.0,0.0,30.3,39.0,15.0,85.09397320300342
2023-07-16 13:00:00,-0.2588190451025208,-0.9659258262890684,0.0,31.0,39.0,15.0,83.26466773867608
2023-07-16 14:00:00,-0.4999999999999997,-0.8660254037844388,0.0,28.6,56.0,14.0,81.28787292182446
2023-07-16 15:00:00,-0.7071067811865471,-0.7071067811865479,0.0,27.0,72.0,21.0,80.46328955039382
2023-07-16 16:00:00,-0.8660254037844385,-0.5000000000000004,0.0,27.2,70.0,11.0,81.07219273149968
2023-07-16 17:00:00,-0.9659258262890684,-0.2588190451025206,0.0,27.5,64.0,5.0,83.31569181472064
2023-07-16 18:00:00,-1.0,-1.8369701987210294e-16,0.0,27.5,60.0,7.0,87.26242868155242
2023-07-16 19:00:00,-0.9659258262890684,0.2588190451025203,0.0,27.4,59.0,7.0,90.44471810996534
2023-07-16 20:00:00,-0.8660254037844386,0.5000000000000001,0.0,27.1,59.0,4.0,88.95501563936473
2023-07-16 21:00:00,-0.7071067811865477,0.7071067811865474,0.0,26.8,58.0,5.0,82.84485252797604
2023-07-16 22:00:00,-0.5000000000000004,0.8660254037844384,0.0,26.5,58.0,3.0,75.24794099181891
2023-07-16 23:00:00,-0.2588190451025215,0.965925826289068,0.0,28.4,56.0,6.0,68.15229967325926
2023-07-17 00:00:00,0.0,1.0,0.0,28.8,49.0,18.0,62.34721632272005
2023-07-17 01:00:00,0.2588190451025207,0.9659258262890684,0.0,27.4,53.0,44.0,58.13734191916883
2023-07-17 02:00:00,0.4999999999999999,0.8660254037844387,0.0,27.5,49.0,49.0,55.46249116644263
2023-07-17 03:00:00,0.7071067811865476,0.7071067811865476,0.1,25.8,59.0,45.0,54.5836533362791
2023-07-17 04:00:00,0.8660254037844386,0.5000000000000001,0.0,25.2,58.0,51.0,55.923816915676
2023-07-17 05:00:00,0.9659258262890684,0.2588190451025207,0.0,24.8,55.0,50.0,61.93888627186418
2023-07-17 06:00:00,1.0,6.123233995736766e-17,0.2,24.9,51.0,46.0,77.6419744564593
2023-07-17 07:00:00,0.9659258262890684,-0.2588190451025206,0.0,24.8,47.0,46.0,96.72215455055237
2023-07-17 08:00:00,0.8660254037844387,-0.4999999999999998,0.0,24.8,47.0,44.0,100.37657638669015
2023-07-17 09:00:00,0.7071067811865476,-0.7071067811865475,0.0,25.4,45.0,45.0,96.38893198609352
2023-07-17 10:00:00,0.4999999999999999,-0.8660254037844387,0.0,26.4,42.0,39.0,90.50757772743702
2023-07-17 11:00:00,0.258819045102521,-0.9659258262890682,0.0,27.2,42.0,35.0,87.38637084305287
2023-07-17 12:00:00,1.2246467991473532e-16,-1.0,0.0,28.0,40.0,39.0,86.04106430083515
2023-07-17 13:00:00,-0.2588190451025208,-0.9659258262890684,0.0,28.7,40.0,29.0,84.22655616700649
2023-07-17 14:00:00,-0.4999999999999997,-0.8660254037844388,0.0,29.5,38.0,24.0,81.69746318489314
2023-07-17 15:00:00,-0.7071067811865471,-0.7071067811865479,0.0,30.3,36.0,24.0,80.01335701003671
2023-07-17 16:00:00,-0.8660254037844385,-0.5000000000000004,0.0,31.3,31.0,24.0,80.29376293852926
2023-07-17 17:00:00,-0.9659258262890684,-0.2588190451025206,0.0,31.7,31.0,21.0,82.87642171502114
2023-07-17 18:00:00,-1.0,-1.8369701987210294e-16,0.0,31.0,35.0,25.0,87.25581208348275
2023-07-17 19:00:00,-0.9659258262890684,0.2588190451025203,0.0,30.7,35.0,28.0,90.95550476878883
2023-07-17 20:00:00,-0.8660254037844386,0.5000000000000001,0.0,30.0,35.0,33.0,90.11523165851833
2023-07-17 21:00:00,-0.7071067811865477,0.7071067811865474,0.0,28.8,38.0,36.0,84.49162660986185
2023-07-17 22:00:00,-0.5000000000000004,0.8660254037844384,0.0,27.7,42.0,38.0,77.0393704006076
2023-07-17 23:00:00,-0.2588190451025215,0.965925826289068,0.0,27.1,41.0,39.0,69.71310831129551
2023-07-18 00:00:00,0.0,1.0,0.0,26.9,39.0,20.0,63.386656197384006
2023-07-18 01:00:00,0.2588190451025207,0.9659258262890684,0.0,26.6,39.0,10.0,58.67762838430703
2023-07-18 02:00:00,0.4999999999999999,0.8660254037844387,0.0,25.9,42.0,8.0,55.89107753157616
2023-07-18 03:00:00,0.7071067811865476,0.7071067811865476,0.0,26.1,42.0,17.0,55.0671750812605
2023-07-18 04:00:00,0.8660254037844386,0.5000000000000001,0.0,25.7,42.0,22.0,56.58060816086829
2023-07-18 05:00:00,0.9659258262890684,0.2588190451025207,0.0,25.3,45.0,33.0,62.74865489050746
2023-07-18 06:00:00,1.0,6.123233995736766e-17,0.0,25.0,44.0,35.0,78.56308311447502
2023-07-18 07:00:00,0.9659258262890684,-0.2588190451025206,0.0,25.4,40.0,27.0,97.87074022412301
2023-07-18 08:00:00,0.8660254037844387,-0.4999999999999998,0.0,26.1,38.0,15.0,100.72469694375992
2023-07-18 09:00:00,0.7071067811865476,-0.7071067811865475,0.0,26.9,39.0,15.0,95.49140149205924
2023-07-18 10:00:00,0.4999999999999999,-0.8660254037844387,0.0,27.8,37.0,23.0,89.04379187911749
2023-07-18 11:00:00,0.258819045102521,-0.9659258262890682,0.0,29.0,34.0,21.0,85.81194571852684
2023-07-18 12:00:00,1.2246467991473532e-16,-1.0,0.0,30.5,32.0,17.0,84.63486105233432
2023-07-18 13:00:00,-0.2588190451025208,-0.9659258262890684,0.0,30.8,32.0,19.0,83.28754901111127
2023-07-18 14:00:00,-0.4999999999999997,-0.8660254037844388,0.0,31.6,29.0,21.0,81.76253349721432
2023-07-18 15:00:00,-0.7071067811865471,-0.7071067811865479,0.0,31.7,30.0,17.0,80.99873068347574
2023-07-18 16:00:00,-0.8660254037844385,-0.5000000000000004,0.0,26.9,63.0,17.0,81.79757939875127
2023-07-18 17:00:00,-0.9659258262890684,-0.2588190451025206,0.0,26.7,67.0,16.0,84.18802967935801
2023-07-18 18:00:00,-1.0,-1.8369701987210294e-16,0.0,26.8,64.0,5.0,87.73049201697111
2023-07-18 19:00:00,-0.9659258262890684,0.2588190451025203,0.0,27.1,64.0,5.0,90.55982136368752
2023-07-18 20:00:00,-0.8660254037844386,0.5000000000000001,0.0,26.2,65.0,3.0,88.98493164479733
2023-07-18 21:00:00,-0.7071067811865477,0.7071067811865474,0.0,26.0,70.0,3.0,82.90877684086561
2023-07-18 22:00:00,-0.5000000000000004,0.8660254037844384,0.0,26.4,63.0,3.0,75.26404499396682
2023-07-18 23:00:00,-0.2588190451025215,0.965925826289068,0.0,28.2,37.0,7.0,68.15439228370786
2023-07-19 00:00:00,0.0,1.0,0.0,27.8,37.0,6.0,62.44759871043265
2023-07-19 01:00:00,0.2588190451025207,0.9659258262890684,0.0,28.0,33.0,17.0,58.30685207664967
2023-07-19 02:00:00,0.4999999999999999,0.8660254037844387,0.0,27.0,34.0,31.0,55.78117579892278
2023-07-19 03:00:00,0.7071067811865476,0.7071067811865476,0.0,26.9,35.0,33.0,54.849393569342794
2023-07-19 04:00:00,0.8660254037844386,0.5000000000000001,0.0,26.5,36.0,31.0,56.1825882332772
2023-07-19 05:00:00,0.9659258262890684,0.2588190451025207,0.0,26.5,33.0,17.0,62.57599904201925
2023-07-19 06:00:00,1.0,6.123233995736766e-17,0.0,26.5,33.0,16.0,79.24072496756912
2023-07-19 07:00:00,0.9659258262890684,-0.2588190451025206,0.0,27.3,33.0,8.0,98.17421713441611
2023-07-19 08:00:00,0.8660254037844387,-0.4999999999999998,0.0,28.3,29.0,8.0,100.04664082735778
2023-07-19 09:00:00,0.7071067811865476,-0.7071067811865475,0.0,28.9,30.0,26.0,94.39999964147808
2023-07-19 10:00:00,0.4999999999999999,-0.8660254037844387,0.0,30.1,28.0,27.0,88.19390166550875
2023-07-19 11:00:00,0.258819045102521,-0.9659258262890682,0.0,31.4,27.0,20.0,85.23040133804083
2023-07-19 12:00:00,1.2246467991473532e-16,-1.0,0.0,30.3,37.0,10.0,84.19233492046595
2023-07-19 13:00:00,-0.2588190451025208,-0.9659258262890684,0.0,29.6,42.0,18.0,83.18379734635354
2023-07-19 14:00:00,-0.4999999999999997,-0.8660254037844388,0.0,31.8,33.0,19.0,82.08016504913569
2023-07-19 15:00:00,-0.7071067811865471,-0.7071067811865479,0.0,29.8,44.0,19.0,81.35063962042332
2023-07-19 16:00:00,-0.8660254037844385,-0.5000000000000004,0.0,28.6,53.0,27.0,82.06841081172229
2023-07-19 17:00:00,-0.9659258262890684,-0.2588190451025206,0.0,27.9,57.0,22.0,84.31141819924117
2023-07-19 18:00:00,-1.0,-1.8369701987210294e-16,0.0,27.8,53.0,15.0,87.91454494595529
2023-07-19 19:00:00,-0.9659258262890684,0.2588190451025203,0.0,28.2,45.0,10.0,90.84708005905152
2023-07-19 20:00:00,-0.8660254037844386,0.5000000000000001,0.0,27.7,46.0,8.0,89.44953762382269
2023-07-19 21:00:00,-0.7071067811865477,0.7071067811865474,0.0,28.3,39.0,8.0,83.44016438812018
2023-07-19 22:00:00,-0.5000000000000004,0.8660254037844384,0.0,27.9,37.0,7.0,75.912423209548
2023-07-19 23:00:00,-0.2588190451025215,0.965925826289068,0.0,27.2,42.0,4.0,68.8197127071023
2023-07-20 00:00:00,0.0,1.0,0.0,26.7,41.0,5.0,62.937572509646415
2023-07-20 01:00:00,0.2588190451025207,0.9659258262890684,0.0,26.6,43.0,4.0,58.61800350509584
2023-07-20 02:00:00,0.4999999999999999,0.8660254037844387,0.0,28.2,37.0,12.0,55.95421493776143
2023-07-20 03:00:00,0.7071067811865476,0.7071067811865476,0.0,26.0,45.0,8.0,54.9966336863488
2023-07-20 04:00:00,0.8660254037844386,0.5000000000000001,0.0,27.6,35.0,8.0,56.36848792485893
2023-07-20 05:00:00,0.9659258262890684,0.2588190451025207,0.0,26.6,36.0,12.0,62.52879625461996
2023-07-20 06:00:00,1.0,6.123233995736766e-17,0.0,26.2,38.0,12.0,78.54528140708804
2023-07-20 07:00:00,0.9659258262890684,-0.2588190451025206,0.0,26.9,37.0,15.0,97.49101176381112
2023-07-20 08:00:00,0.8660254037844387,-0.4999999999999998,0.0,28.4,35.0,20.0,100.1911722624302
2023-07-20 09:00:00,0.7071067811865476,-0.7071067811865475,0.0,29.8,33.0,23.0,95.05255727052689
2023-07-20 10:00:00,0.4999999999999999,-0.8660254037844387,0.0,30.8,31.0,19.0,88.77291400671005
2023-07-20 11:00:00,0.258819045102521,-0.9659258262890682,0.0,32.5,23.0,12.0,85.37426685452462
2023-07-20 12:00:00,1.2246467991473532e-16,-1.0,0.0,27.4,62.0,16.0,83.93067924618721
2023-07-20 13:00:00,-0.2588190451025208,-0.9659258262890684,0.0,28.3,52.0,12.0,83.44284354895353
2023-07-20 14:00:00,-0.4999999999999997,-0.8660254037844388,0.0,29.3,41.0,8.0,82.21066960603
2023-07-20 15:00:00,-0.7071067811865471,-0.7071067811865479,0.0,28.1,57.0,9.0,81.57829473048449
2023-07-20 16:00:00,-0.8660254037844385,-0.5000000000000004,0.0,27.7,57.0,10.0,82.24318346828223
2023-07-20 17:00:00,-0.9659258262890684,-0.2588190451025206,0.0,27.7,59.0,8.0,84.41578545153142
2023-07-20 18:00:00,-1.0,-1.8369701987210294e-16,0.0,28.1,51.0,7.0,87.94894428700209
2023-07-20 19:00:00,-0.9659258262890684,0.2588190451025203,0.0,27.9,53.0,9.0,90.76365826934577
2023-07-20 20:00:00,-0.8660254037844386,0.5000000000000001,0.0,28.4,45.0,9.0,89.15594495862723
2023-07-20 21:00:00,-0.7071067811865477,0.7071067811865474,0.0,28.3,41.0,5.0,83.20697673350573
2023-07-20 22:00:00,-0.5000000000000004,0.8660254037844384,0.0,28.6,32.0,7.0,75.77538335859776
2023-07-20 23:00:00,-0.2588190451025215,0.965925826289068,0.0,27.6,43.0,4.0,68.81232178509235
2023-07-21 00:00:00,0.0,1.0,0.0,27.9,39.0,6.0,62.949736170843245
2023-07-21 01:00:00,0.2588190451025207,0.9659258262890684,0.0,27.3,36.0,6.0,58.68270407773554
2023-07-21 02:00:00,0.4999999999999999,0.8660254037844387,0.0,27.4,42.0,6.0,56.04957244705409
2023-07-21 03:00:00,0.7071067811865476,0.7071067811865476,0.0,26.2,54.0,3.0,55.08841139927507
2023-07-21 04:00:00,0.8660254037844386,0.5000000000000001,0.0,26.3,42.0,5.0,56.480308045074345
2023-07-21 05:00:00,0.9659258262890684,0.2588190451025207,0.0,25.4,47.0,5.0,62.634566001147036
2023-07-21 06:00:00,1.0,6.123233995736766e-17,0.0,25.4,44.0,6.0,78.38219523459674
2023-07-21 07:00:00,0.9659258262890684,-0.2588190451025206,0.0,25.7,41.0,8.0,96.6887153711915
2023-07-21 08:00:00,0.8660254037844387,-0.4999999999999998,0.0,26.7,45.0,5.0,99.66696656972171
2023-07-21 09:00:00,0.7071067811865476,-0.7071067811865475,0.0,26.4,55.0,7.0,94.8771148237586
2023-07-21 10:00:00,0.4999999999999999,-0.8660254037844387,0.0,26.7,53.0,3.0,88.91040683716537
2023-07-21 11:00:00,0.258819045102521,-0.9659258262890682,0.0,27.0,55.0,7.0,85.70879802644254
2023-07-21 12:00:00,1.2246467991473532e-16,-1.0,0.0,27.1,57.0,9.0,84.70731841504575
2023-07-21 13:00:00,-0.2588190451025208,-0.9659258262890684,0.0,27.0,69.0,13.0,83.79447566509248
2023-07-21 14:00:00,-0.4999999999999997,-0.8660254037844388,0.0,28.0,65.0,7.0,82.4850977537036
2023-07-21 15:00:00,-0.7071067811865471,-0.7071067811865479,0.0,28.8,61.0,6.0,81.27812805503608
2023-07-21 16:00:00,-0.8660254037844385,-0.5000000000000004,0.0,28.7,65.0,6.0,81.4000221297145
2023-07-21 17:00:00,-0.9659258262890684,-0.2588190451025206,0.0,29.2,55.0,8.0,83.3781874999404
2023-07-21 18:00:00,-1.0,-1.8369701987210294e-16,0.0,29.6,49.0,8.0,87.28387358307839
2023-07-21 19:00:00,-0.9659258262890684,0.2588190451025203,0.0,29.4,46.0,11.0,90.67296170622112
2023-07-21 20:00:00,-0.8660254037844386,0.5000000000000001,0.0,28.7,51.0,7.0,89.387235519588
2023-07-21 21:00:00,-0.7071067811865477,0.7071067811865474,0.0,28.0,58.0,2.0,83.37801714867354
2023-07-21 22:00:00,-0.5000000000000004,0.8660254037844384,0.0,28.1,60.0,2.0,75.8566505919397
2023-07-21 23:00:00,-0.2588190451025215,0.965925826289068,0.0,28.2,52.0,3.0,68.76707029402256
2023-07-22 00:00:00,0.0,1.0,0.0,27.6,53.0,1.0,62.88451583325863
2023-07-22 01:00:00,0.2588190451025207,0.9659258262890684,0.0,26.4,71.0,4.0,58.57153245382011
2023-07-22 02:00:00,0.4999999999999999,0.8660254037844387,0.0,27.0,59.0,4.0,55.95008149977774
2023-07-22 03:00:00,0.7071067811865476,0.7071067811865476,0.0,26.5,62.0,3.0,55.15367287281901
2023-07-22 04:00:00,0.8660254037844386,0.5000000000000001,0.0,26.0,58.0,4.0,56.428747749701145
2023-07-22 05:00:00,0.9659258262890684,0.2588190451025207,0.0,25.8,56.0,4.0,62.019258193150165
2023-07-22 06:00:00,1.0,6.123233995736766e-17,0.0,26.1,63.0,4.0,76.38689213976265
2023-07-22 07:00:00,0.9659258262890684,-0.2588190451025206,0.0,25.9,61.0,4.0,94.40097528964282
2023-07-22 08:00:00,0.8660254037844387,-0.4999999999999998,0.0,27.2,61.0,3.0,98.79070288270712
2023-07-22 09:00:00,0.7071067811865476,-0.7071067811865475,0.0,27.2,72.0,3.0,95.04173996508122
2023-07-22 10:00:00,0.4999999999999999,-0.8660254037844387,0.0,26.6,73.0,8.0,89.29238083690406
2023-07-22 11:00:00,0.258819045102521,-0.9659258262890682,0.0,27.4,73.0,8.0,86.2105560681224
2023-07-22 12:00:00,1.2246467991473532e-16,-1.0,0.0,29.2,58.0,7.0,85.17790604650975
2023-07-22 13:00:00,-0.2588190451025208,-0.9659258262890684,0.0,30.5,49.0,5.0,84.03770242959261
2023-07-22 14:00:00,-0.4999999999999997,-0.8660254037844388,0.0,28.7,62.0,9.0,82.59978674411774
2023-07-22 15:00:00,-0.7071067811865471,-0.7071067811865479,0.0,29.6,62.0,5.0,81.81199731051923
2023-07-22 16:00:00,-0.8660254037844385,-0.5000000000000004,0.0,30.5,59.0,3.0,82.02050726115704
2023-07-22 17:00:00,-0.9659258262890684,-0.2588190451025206,0.0,30.0,54.0,7.0,83.96982132136823
2023-07-22 18:00:00,-1.0,-1.8369701987210294e-16,0.0,30.1,52.0,5.0,87.79576752513648
2023-07-22 19:00:00,-0.9659258262890684,0.2588190451025203,0.0,30.4,47.0,8.0,91.01100443720819
2023-07-22 20:00:00,-0.8660254037844386,0.5000000000000001,0.0,29.8,50.0,11.0,89.58140886247159
2023-07-22 21:00:00,-0.7071067811865477,0.7071067811865474,0.0,29.2,53.0,3.0,83.61474346369505
2023-07-22 22:00:00,-0.5000000000000004,0.8660254037844384,0.0,29.5,53.0,2.0,76.18636353313923
2023-07-22 23:00:00,-0.2588190451025215,0.965925826289068,0.0,29.3,52.0,3.0,69.16326475292445
2023-07-23 00:00:00,0.0,1.0,0.0,28.1,66.0,3.0,63.2861818587035
2023-07-23 01:00:00,0.2588190451025207,0.9659258262890684,0.0,28.0,59.0,4.0,58.91856024622918
2023-07-23 02:00:00,0.4999999999999999,0.8660254037844387,0.0,28.0,46.0,5.0,56.36867618236691
2023-07-23 03:00:00,0.7071067811865476,0.7071067811865476,0.0,27.8,44.0,5.0,55.530706685818735
2023-07-23 04:00:00,0.8660254037844386,0.5000000000000001,0.0,27.1,48.0,3.0,56.82096411935985
2023-07-23 05:00:00,0.9659258262890684,0.2588190451025207,0.0,27.2,46.0,4.0,62.704397437796
2023-07-23 06:00:00,1.0,6.123233995736766e-17,0.0,26.9,48.0,2.0,77.51873499393464
2023-07-23 07:00:00,0.9659258262890684,-0.2588190451025206,0.0,27.2,45.0,2.0,95.31844849675895
2023-07-23 08:00:00,0.8660254037844387,-0.4999999999999998,0.0,27.2,56.0,2.0,98.97183273881674
2023-07-23 09:00:00,0.7071067811865476,-0.7071067811865475,0.0,26.9,68.0,6.0,94.78027787178756
2023-07-23 10:00:00,0.4999999999999999,-0.8660254037844387,0.0,27.5,70.0,8.0,89.10149449914695
2023-07-23 11:00:00,0.258819045102521,-0.9659258262890682,0.0,28.8,59.0,3.0,85.98559560537339
2023-07-23 12:00:00,1.2246467991473532e-16,-1.0,0.0,29.3,56.0,5.0,84.71820540964605
2023-07-23 13:00:00,-0.2588190451025208,-0.9659258262890684,0.0,29.4,60.0,7.0,83.76061447918416
2023-07-23 14:00:00,-0.4999999999999997,-0.8660254037844388,0.0,29.4,56.0,6.0,82.57014175206423
2023-07-23 15:00:00,-0.7071067811865471,-0.7071067811865479,0.0,30.2,44.0,6.0,81.77091942548752
2023-07-23 16:00:00,-0.8660254037844385,-0.5000000000000004,0.0,30.3,45.0,7.0,82.29931033909321
2023-07-23 17:00:00,-0.9659258262890684,-0.2588190451025206,0.0,29.6,56.0,7.0,84.59173508048057
2023-07-23 18:00:00,-1.0,-1.8369701987210294e-16,0.0,29.1,65.0,10.0,88.25695486396552
2023-07-23 19:00:00,-0.9659258262890684,0.2588190451025203,0.0,28.6,72.0,12.0,90.98568404436112
2023-07-23 20:00:00,-0.8660254037844386,0.5000000000000001,0.0,28.4,74.0,10.0,89.29555556505919
2023-07-23 21:00:00,-0.7071067811865477,0.7071067811865474,0.0,28.2,76.0,9.0,83.30573788046837
2023-07-23 22:00:00,-0.5000000000000004,0.8660254037844384,0.0,28.8,67.0,12.0,75.79206423208117
2023-07-23 23:00:00,-0.2588190451025215,0.965925826289068,0.0,28.2,67.0,14.0,68.6864167124033
2023-07-24 00:00:00,0.0,1.0,0.0,28.2,68.0,9.0,62.75204546146095
2023-07-24 01:00:00,0.2588190451025207,0.9659258262890684,0.0,27.8,67.0,5.0,58.564955539852384
2023-07-24 02:00:00,0.4999999999999999,0.8660254037844387,0.0,28.0,69.0,13.0,56.24069398570806
2023-07-24 03:00:00,0.7071067811865476,0.7071067811865476,0.0,28.4,56.0,12.0,55.56670984532684
2023-07-24 04:00:00,0.8660254037844386,0.5000000000000001,0.0,29.2,42.0,25.0,56.96001430884004
2023-07-24 05:00:00,0.9659258262890684,0.2588190451025207,0.0,29.1,49.0,33.0,62.39968160919845
2023-07-24 06:00:00,1.0,6.123233995736766e-17,0.0,28.9,46.0,33.0,77.1003213095665
2023-07-24 07:00:00,0.9659258262890684,-0.2588190451025206,0.0,28.1,51.0,27.0,95.51715163469315
2023-07-24 08:00:00,0.8660254037844387,-0.4999999999999998,0.0,28.5,48.0,26.0,99.95935903280974
2023-07-24 09:00:00,0.7071067811865476,-0.7071067811865475,0.0,29.8,47.0,20.0,95.84387374967338
2023-07-24 10:00:00,0.4999999999999999,-0.8660254037844387,0.0,30.6,45.0,19.0,89.66708006322385
2023-07-24 11:00:00,0.258819045102521,-0.9659258262890682,0.0,31.8,41.0,17.0,86.14457205355168
2023-07-24 12:00:00,1.2246467991473532e-16,-1.0,0.0,32.3,43.0,22.0,84.66868352204561
2023-07-24 13:00:00,-0.2588190451025208,-0.9659258262890684,0.0,33.4,39.0,22.0,83.50466557234526
2023-07-24 14:00:00,-0.4999999999999997,-0.8660254037844388,0.0,33.6,38.0,19.0,82.06417525976897
2023-07-24 15:00:00,-0.7071067811865471,-0.7071067811865479,0.0,34.2,36.0,17.0,81.35581210434438
2023-07-24 16:00:00,-0.8660254037844385,-0.5000000000000004,0.0,31.3,55.0,16.0,82.13080196321012
2023-07-24 17:00:00,-0.9659258262890684,-0.2588190451025206,0.0,29.2,69.0,22.0,84.53412150770427
2023-07-24 18:00:00,-1.0,-1.8369701987210294e-16,0.0,30.3,61.0,11.0,88.08050966769457
2023-07-24 19:00:00,-0.9659258262890684,0.2588190451025203,0.0,29.8,70.0,4.0,91.09614909768105
2023-07-24 20:00:00,-0.8660254037844386,0.5000000000000001,0.0,29.3,66.0,2.0,89.63387705266476
2023-07-24 21:00:00,-0.7071067811865477,0.7071067811865474,0.0,29.5,60.0,2.0,83.67451352864505
2023-07-24 22:00:00,-0.5000000000000004,0.8660254037844384,0.0,28.6,67.0,3.0,76.13301261365415
2023-07-24 23:00:00,-0.2588190451025215,0.965925826289068,0.0,30.9,46.0,5.0,68.96099391743542
2023-07-25 00:00:00,0.0,1.0,0.0,30.4,45.0,16.0,63.26492376282811
2023-07-25 01:00:00,0.2588190451025207,0.9659258262890684,0.0,30.0,42.0,26.0,59.08540479354561
2023-07-25 02:00:00,0.4999999999999999,0.8660254037844387,0.0,29.4,44.0,26.0,56.583038570135834
2023-07-25 03:00:00,0.7071067811865476,0.7071067811865476,0.0,28.9,46.0,18.0,55.82379265278578
2023-07-25 04:00:00,0.8660254037844386,0.5000000000000001,0.0,28.3,47.0,12.0,57.385887636467814
2023-07-25 05:00:00,0.9659258262890684,0.2588190451025207,0.0,28.1,48.0,12.0,63.73799890995026
2023-07-25 06:00:00,1.0,6.123233995736766e-17,0.0,27.8,49.0,14.0,79.12090608105063
2023-07-25 07:00:00,0.9659258262890684,-0.2588190451025206,0.0,28.4,47.0,15.0,96.16878394663335
2023-07-25 08:00:00,0.8660254037844387,-0.4999999999999998,0.0,29.7,44.0,17.0,99.17539475947619
2023-07-25 09:00:00,0.7071067811865476,-0.7071067811865475,0.0,30.6,45.0,15.0,94.62081359952688
2023-07-25 10:00:00,0.4999999999999999,-0.8660254037844387,0.0,30.5,46.0,7.0,88.8258313047886
2023-07-25 11:00:00,0.258819045102521,-0.9659258262890682,0.0,28.6,65.0,12.0,85.733828047812
2023-07-25 12:00:00,1.2246467991473532e-16,-1.0,0.0,28.9,64.0,9.0,84.96720475912095
2023-07-25 13:00:00,-0.2588190451025208,-0.9659258262890684,0.0,28.8,61.0,9.0,83.99315944492818
2023-07-25 14:00:00,-0.4999999999999997,-0.8660254037844388,0.0,29.0,64.0,9.0,82.72702752560377
2023-07-25 15:00:00,-0.7071067811865471,-0.7071067811865479,0.0,28.8,65.0,7.0,81.859401422143
2023-07-25 16:00:00,-0.8660254037844385,-0.5000000000000004,0.0,29.4,63.0,6.0,82.12302775084973
2023-07-25 17:00:00,-0.9659258262890684,-0.2588190451025206,0.0,29.8,60.0,3.0,84.05734315633775
2023-07-25 18:00:00,-1.0,-1.8369701987210294e-16,0.0,30.0,55.0,2.0,87.71556305140257
2023-07-25 19:00:00,-0.9659258262890684,0.2588190451025203,0.0,30.4,50.0,4.0,90.85333272486926
2023-07-25 20:00:00,-0.8660254037844386,0.5000000000000001,0.0,29.8,61.0,5.0,89.45500047922135
2023-07-25 21:00:00,-0.7071067811865477,0.7071067811865474,0.0,29.2,68.0,5.0,83.41939702004196
2023-07-25 22:00:00,-0.5000000000000004,0.8660254037844384,0.0,29.2,58.0,6.0,75.97881567999721
2023-07-25 23:00:00,-0.2588190451025215,0.965925826289068,0.0,29.3,64.0,2.0,69.01501075550914
2023-07-26 00:00:00,0.0,1.0,0.0,28.4,59.0,2.0,63.147253625243906
2023-07-26 01:00:00,0.2588190451025207,0.9659258262890684,0.0,27.9,67.0,3.0,58.88837225951254
2023-07-26 02:00:00,0.4999999999999999,0.8660254037844387,0.0,28.4,60.0,3.0,56.33184401229024
2023-07-26 03:00:00,0.7071067811865476,0.7071067811865476,0.0,27.8,59.0,5.0,55.59217542391271
2023-07-26 04:00:00,0.8660254037844386,0.5000000000000001,0.0,27.7,57.0,4.0,56.93970185607672
2023-07-26 05:00:00,0.9659258262890684,0.2588190451025207,0.0,27.4,52.0,6.0,62.6080628284812
2023-07-26 06:00:00,1.0,6.123233995736766e-17,0.0,26.9,64.0,11.0,76.80404754772783
2023-07-26 07:00:00,0.9659258262890684,-0.2588190451025206,0.0,27.1,63.0,4.0,94.37489218771458
2023-07-26 08:00:00,0.8660254037844387,-0.4999999999999998,0.7,28.2,54.0,5.0,98.74549785107375
2023-07-26 09:00:00,0.7071067811865476,-0.7071067811865475,28.1,22.9,87.0,19.0,94.9081071394682
2023-07-26 10:00:00,0.4999999999999999,-0.8660254037844387,3.6,23.8,80.0,21.0,87.6183892685175
2023-07-26 11:00:00,0.258819045102521,-0.9659258262890682,0.2,23.1,73.0,21.0,83.38289926111699
2023-07-26 12:00:00,1.2246467991473532e-16,-1.0,0.0,25.2,66.0,18.0,83.78262076556683
2023-07-26 13:00:00,-0.2588190451025208,-0.9659258262890684,0.0,25.2,65.0,21.0,83.43776011228562
2023-07-26 14:00:00,-0.4999999999999997,-0.8660254037844388,0.0,26.1,62.0,13.0,81.53955530375242
2023-07-26 15:00:00,-0.7071067811865471,-0.7071067811865479,0.0,29.2,46.0,20.0,79.46626230165363
2023-07-26 16:00:00,-0.8660254037844385,-0.5000000000000004,0.0,30.0,44.0,32.0,78.81868357554079
2023-07-26 17:00:00,-0.9659258262890684,-0.2588190451025206,0.0,30.3,43.0,35.0,80.65051527172328
2023-07-26 18:00:00,-1.0,-1.8369701987210294e-16,0.0,30.1,45.0,33.0,85.29079086214304
2023-07-26 19:00:00,-0.9659258262890684,0.2588190451025203,0.0,29.5,46.0,32.0,89.8181390491128
2023-07-26 20:00:00,-0.8660254037844386,0.5000000000000001,0.0,28.4,47.0,36.0,89.43628119796516
2023-07-26 21:00:00,-0.7071067811865477,0.7071067811865474,0.0,27.9,51.0,42.0,83.77320111483336
2023-07-26 22:00:00,-0.5000000000000004,0.8660254037844384,0.0,28.1,45.0,45.0,76.18370953783393
2023-07-26 23:00:00,-0.2588190451025215,0.965925826289068,0.0,27.7,42.0,34.0,68.83354600429536
2023-07-27 00:00:00,0.0,1.0,0.0,27.2,44.0,17.0,62.54782623335719
2023-07-27 01:00:00,0.2588190451025207,0.9659258262890684,0.0,26.5,48.0,21.0,57.94703438855708
2023-07-27 02:00:00,0.4999999999999999,0.8660254037844387,0.0,26.2,50.0,17.0,55.25719949968159
2023-07-27 03:00:00,0.7071067811865476,0.7071067811865476,0.0,25.5,56.0,26.0,54.599357109740374
2023-07-27 04:00:00,0.8660254037844386,0.5000000000000001,0.0,25.2,60.0,36.0,56.17196402486414
2023-07-27 05:00:00,0.9659258262890684,0.2588190451025207,0.0,25.4,57.0,34.0,62.320594097748405
2023-07-27 06:00:00,1.0,6.123233995736766e-17,0.0,25.1,59.0,33.0,77.9671498593688
2023-07-27 07:00:00,0.9659258262890684,-0.2588190451025206,0.0,25.8,55.0,31.0,96.92199207305909
2023-07-27 08:00:00,0.8660254037844387,-0.4999999999999998,0.0,26.1,52.0,29.0,99.96333131462336
2023-07-27 09:00:00,0.7071067811865476,-0.7071067811865475,0.0,25.5,58.0,22.0,95.50148706138135
2023-07-27 10:00:00,0.4999999999999999,-0.8660254037844387,0.1,26.4,51.0,36.0,89.55578261166812
2023-07-27 11:00:00,0.258819045102521,-0.9659258262890682,0.0,27.5,49.0,27.0,86.71726591140032
2023-07-27 12:00:00,1.2246467991473532e-16,-1.0,0.0,28.7,47.0,28.0,85.69588617473842
2023-07-27 13:00:00,-0.2588190451025208,-0.9659258262890684,0.0,28.7,49.0,23.0,84.22249870955945
2023-07-27 14:00:00,-0.4999999999999997,-0.8660254037844388,0.0,28.5,49.0,22.0,82.10600811064243
2023-07-27 15:00:00,-0.7071067811865471,-0.7071067811865479,0.0,28.9,43.0,24.0,80.67860387265682
2023-07-27 16:00:00,-0.8660254037844385,-0.5000000000000004,0.0,29.0,43.0,26.0,80.90037992820145
2023-07-27 17:00:00,-0.9659258262890684,-0.2588190451025206,0.0,29.4,45.0,20.0,83.14743122249843
2023-07-27 18:00:00,-1.0,-1.8369701987210294e-16,0.0,30.5,40.0,19.0,87.1318892800808
2023-07-27 19:00:00,-0.9659258262890684,0.2588190451025203,0.0,29.7,44.0,25.0,90.68254009336233
2023-07-27 20:00:00,-0.8660254037844386,0.5000000000000001,0.0,28.8,47.0,28.0,89.68580708771945
2023-07-27 21:00:00,-0.7071067811865477,0.7071067811865474,0.0,27.9,50.0,27.0,83.90910658121109
2023-07-27 22:00:00,-0.5000000000000004,0.8660254037844384,0.0,27.6,49.0,35.0,76.36177307114005
2023-07-27 23:00:00,-0.2588190451025215,0.965925826289068,0.0,26.7,52.0,33.0,69.07859049424529
2023-07-28 00:00:00,0.0,1.0,0.0,26.5,55.0,30.0,62.83962246701122
2023-07-28 01:00:00,0.2588190451025207,0.9659258262890684,0.0,25.9,58.0,35.0,58.18739325076342
2023-07-28 02:00:00,0.4999999999999999,0.8660254037844387,0.0,25.8,56.0,36.0,55.38339058827609
2023-07-28 03:00:00,0.7071067811865476,0.7071067811865476,0.0,25.3,59.0,40.0,54.54754612699151
2023-07-28 04:00:00,0.8660254037844386,0.5000000000000001,0.0,24.9,60.0,40.0,55.9406976615265
2023-07-28 05:00:00,0.9659258262890684,0.2588190451025207,0.0,24.4,62.0,37.0,61.69552787229419
2023-07-28 06:00:00,1.0,6.123233995736766e-17,0.0,24.2,61.0,30.0,76.58330521464349
2023-07-28 07:00:00,0.9659258262890684,-0.2588190451025206,0.0,24.4,59.0,30.0,95.65042827129365
2023-07-28 08:00:00,0.8660254037844387,-0.4999999999999998,0.0,25.1,55.0,27.0,99.6641480305791
2023-07-28 09:00:00,0.7071067811865476,-0.7071067811865475,0.1,25.8,54.0,33.0,95.86001453220845
2023-07-28 10:00:00,0.4999999999999999,-0.8660254037844387,0.0,26.8,52.0,29.0,90.03405540823937
2023-07-28 11:00:00,0.258819045102521,-0.9659258262890682,0.0,28.2,46.0,23.0,86.90506269663572
2023-07-28 12:00:00,1.2246467991473532e-16,-1.0,0.0,28.9,46.0,22.0,85.59257974624634
2023-07-28 13:00:00,-0.2588190451025208,-0.9659258262890684,0.0,29.9,43.0,18.0,83.98734814375639
2023-07-28 14:00:00,-0.4999999999999997,-0.8660254037844388,0.0,31.0,37.0,12.0,81.79785428375007
2023-07-28 15:00:00,-0.7071067811865471,-0.7071067811865479,0.0,27.2,63.0,17.0,80.44830251052976
2023-07-28 16:00:00,-0.8660254037844385,-0.5000000000000004,0.0,27.8,63.0,17.0,81.0272587132454
2023-07-28 17:00:00,-0.9659258262890684,-0.2588190451025206,0.0,27.4,68.0,10.0,83.25015303641558
2023-07-28 18:00:00,-1.0,-1.8369701987210294e-16,0.0,27.0,71.0,13.0,87.05974939018489
2023-07-28 19:00:00,-0.9659258262890684,0.2588190451025203,0.0,27.1,70.0,6.0,90.21055867880584
2023-07-28 20:00:00,-0.8660254037844386,0.5000000000000001,0.0,26.8,70.0,6.0,88.85640548557043
2023-07-28 21:00:00,-0.7071067811865477,0.7071067811865474,0.0,26.7,69.0,5.0,82.79230303376913
2023-07-28 22:00:00,-0.5000000000000004,0.8660254037844384,0.0,26.5,68.0,5.0,75.15979582607747
2023-07-28 23:00:00,-0.2588190451025215,0.965925826289068,0.0,26.5,62.0,6.0,68.00069285318256
2023-07-29 00:00:00,0.0,1.0,0.0,26.3,60.0,4.0,62.152816490083936
2023-07-29 01:00:00,0.2588190451025207,0.9659258262890684,0.0,26.8,51.0,7.0,57.968463803604244
2023-07-29 02:00:00,0.4999999999999999,0.8660254037844387,0.0,26.3,52.0,12.0,55.54141606986523
2023-07-29 03:00:00,0.7071067811865476,0.7071067811865476,0.0,26.2,52.0,17.0,54.688702961541715
2023-07-29 04:00:00,0.8660254037844386,0.5000000000000001,0.0,25.9,52.0,17.0,55.86193972170353
2023-07-29 05:00:00,0.9659258262890684,0.2588190451025207,0.0,25.9,51.0,11.0,61.52167085379362
2023-07-29 06:00:00,1.0,6.123233995736766e-17,0.0,25.9,50.0,16.0,76.70164127081632
2023-07-29 07:00:00,0.9659258262890684,-0.2588190451025206,0.0,25.4,53.0,8.0,95.74626247376204
2023-07-29 08:00:00,0.8660254037844387,-0.4999999999999998,0.0,27.3,50.0,4.0,99.57482589244843
2023-07-29 09:00:00,0.7071067811865476,-0.7071067811865475,0.0,26.2,58.0,9.0,95.07201990276576
2023-07-29 10:00:00,0.4999999999999999,-0.8660254037844387,0.0,26.0,64.0,8.0,89.00842850476504
2023-07-29 11:00:00,0.258819045102521,-0.9659258262890682,0.0,26.3,65.0,6.0,85.87658240944148
2023-07-29 12:00:00,1.2246467991473532e-16,-1.0,0.0,26.8,64.0,6.0,84.90714045107366
2023-07-29 13:00:00,-0.2588190451025208,-0.9659258262890684,0.0,26.8,67.0,8.0,83.9225372299552
2023-07-29 14:00:00,-0.4999999999999997,-0.8660254037844388,0.0,27.3,66.0,7.0,82.53666772812606
2023-07-29 15:00:00,-0.7071067811865471,-0.7071067811865479,0.0,27.5,67.0,9.0,81.42808362931014
2023-07-29 16:00:00,-0.8660254037844385,-0.5000000000000004,0.0,28.0,64.0,6.0,81.50700272530318
2023-07-29 17:00:00,-0.9659258262890684,-0.2588190451025206,0.0,28.3,62.0,4.0,83.39307774931193
2023-07-29 18:00:00,-1.0,-1.8369701987210294e-16,0.0,28.0,61.0,5.0,87.1620453259349
2023-07-29 19:00:00,-0.9659258262890684,0.2588190451025203,0.0,28.0,58.0,4.0,90.4180891096592
2023-07-29 20:00:00,-0.8660254037844386,0.5000000000000001,0.0,27.9,59.0,4.0,89.05100083500147
2023-07-29 21:00:00,-0.7071067811865477,0.7071067811865474,0.0,27.6,59.0,4.0,82.99468808203936
2023-07-29 22:00:00,-0.5000000000000004,0.8660254037844384,0.0,27.7,56.0,5.0,75.49264090761542
2023-07-29 23:00:00,-0.2588190451025215,0.965925826289068,0.0,27.1,65.0,8.0,68.46329914063216
2023-07-30 00:00:00,0.0,1.0,0.0,27.3,66.0,6.0,62.54040046676994
2023-07-30 01:00:00,0.2588190451025207,0.9659258262890684,0.0,26.2,66.0,15.0,58.261517345756296
2023-07-30 02:00:00,0.4999999999999999,0.8660254037844387,1.9,23.5,71.0,22.0,55.63568710587919
2023-07-30 03:00:00,0.7071067811865476,0.7071067811865476,0.9,22.5,76.0,16.0,54.69689192116261
2023-07-30 04:00:00,0.8660254037844386,0.5000000000000001,1.5,22.0,78.0,17.0,55.936363867223264
2023-07-30 05:00:00,0.9659258262890684,0.2588190451025207,0.2,22.1,78.0,10.0,61.16983838133514
2023-07-30 06:00:00,1.0,6.123233995736766e-17,1.3,22.4,80.0,6.0,74.43217717006803
2023-07-30 07:00:00,0.9659258262890684,-0.2588190451025206,0.0,22.3,81.0,7.0,91.99967673063279
2023-07-30 08:00:00,0.8660254037844387,-0.4999999999999998,0.0,22.5,78.0,6.0,97.40529023200274
2023-07-30 09:00:00,0.7071067811865476,-0.7071067811865475,0.0,23.0,75.0,6.0,95.36114859044552
2023-07-30 10:00:00,0.4999999999999999,-0.8660254037844387,0.0,24.0,72.0,6.0,90.44389345496894
2023-07-30 11:00:00,0.258819045102521,-0.9659258262890682,0.0,24.9,67.0,6.0,87.33930743396283
2023-07-30 12:00:00,1.2246467991473532e-16,-1.0,0.0,24.4,71.0,11.0,86.09692015826703
2023-07-30 13:00:00,-0.2588190451025208,-0.9659258262890684,0.0,24.0,72.0,13.0,84.87193581312896
2023-07-30 14:00:00,-0.4999999999999997,-0.8660254037844388,0.0,24.9,71.0,8.0,82.99911721497774
2023-07-30 15:00:00,-0.7071067811865471,-0.7071067811865479,0.0,25.8,66.0,9.0,81.31196213960648
2023-07-30 16:00:00,-0.8660254037844385,-0.5000000000000004,0.0,28.8,39.0,13.0,81.0090892019868
2023-07-30 17:00:00,-0.9659258262890684,-0.2588190451025206,0.0,29.3,38.0,13.0,82.98816827446223
2023-07-30 18:00:00,-1.0,-1.8369701987210294e-16,0.0,25.2,54.0,22.0,87.15624951124192
2023-07-30 19:00:00,-0.9659258262890684,0.2588190451025203,0.0,25.8,51.0,27.0,90.61981985419989
2023-07-30 20:00:00,-0.8660254037844386,0.5000000000000001,0.0,26.5,48.0,16.0,89.33032270997764
2023-07-30 21:00:00,-0.7071067811865477,0.7071067811865474,0.0,26.2,51.0,6.0,83.2636340162158
2023-07-30 22:00:00,-0.5000000000000004,0.8660254037844384,0.0,25.6,55.0,8.0,75.58974306553603
2023-07-30 23:00:00,-0.2588190451025215,0.965925826289068,0.0,25.4,54.0,5.0,68.31008172675968
2023-07-31 00:00:00,0.0,1.0,0.0,24.3,59.0,5.0,62.26358352974057
2023-07-31 01:00:00,0.2588190451025207,0.9659258262890684,0.0,24.1,60.0,6.0,57.860070066824555
2023-07-31 02:00:00,0.4999999999999999,0.8660254037844387,0.0,23.8,62.0,4.0,55.32057452652604
2023-07-31 03:00:00,0.7071067811865476,0.7071067811865476,0.0,23.7,64.0,5.0,54.49153346896172
2023-07-31 04:00:00,0.8660254037844386,0.5000000000000001,0.0,23.4,65.0,6.0,55.638945557810366
2023-07-31 05:00:00,0.9659258262890684,0.2588190451025207,0.0,22.9,66.0,5.0,61.04617788016797
2023-07-31 06:00:00,1.0,6.123233995736766e-17,0.0,22.5,66.0,4.0,75.52103536650539
2023-07-31 07:00:00,0.9659258262890684,-0.2588190451025206,0.0,23.9,61.0,4.0,94.43512297540904
2023-07-31 08:00:00,0.8660254037844387,-0.4999999999999998,0.0,24.5,58.0,3.0,98.74638832360507
2023-07-31 09:00:00,0.7071067811865476,-0.7071067811865475,0.0,25.4,61.0,3.0,95.2610323765874
2023-07-31 10:00:00,0.4999999999999999,-0.8660254037844387,0.0,25.7,59.0,7.0,89.46861696571112
2023-07-31 11:00:00,0.258819045102521,-0.9659258262890682,0.0,25.9,65.0,8.0,86.24204395115376
2023-07-31 12:00:00,1.2246467991473532e-16,-1.0,0.0,26.2,64.0,11.0,85.23781548976899
2023-07-31 13:00:00,-0.2588190451025208,-0.9659258262890684,0.0,26.4,61.0,13.0,84.12684260159732
2023-07-31 14:00:00,-0.4999999999999997,-0.8660254037844388,0.0,26.2,62.0,15.0,82.49143559515477
2023-07-31 15:00:00,-0.7071067811865471,-0.7071067811865479,0.0,26.0,67.0,13.0,81.31649193465711
2023-07-31 16:00:00,-0.8660254037844385,-0.5000000000000004,0.0,26.2,67.0,5.0,81.37027260392905
2023-07-31 17:00:00,-0.9659258262890684,-0.2588190451025206,0.0,27.2,64.0,3.0,83.25307223767042
2023-07-31 18:00:00,-1.0,-1.8369701987210294e-16,0.0,26.7,65.0,4.0,86.90980930238963
2023-07-31 19:00:00,-0.9659258262890684,0.2588190451025203,0.0,26.6,68.0,5.0,90.09785582929851
2023-07-31 20:00:00,-0.8660254037844386,0.5000000000000001,0.0,26.8,65.0,6.0,88.71231154352428
2023-07-31 21:00:00,-0.7071067811865477,0.7071067811865474,0.0,26.7,65.0,5.0,82.6767855167389
2023-07-31 22:00:00,-0.5000000000000004,0.8660254037844384,0.0,26.8,57.0,7.0,75.13705199614168
2023-07-31 23:00:00,-0.2588190451025215,0.965925826289068,0.0,26.6,60.0,5.0,68.0986332167685
